[{"pk": 1, "model": "contenttypes.contenttype", "fields": {"model": "permission", "name": "permission", "app_label": "auth"}}, {"pk": 2, "model": "contenttypes.contenttype", "fields": {"model": "group", "name": "group", "app_label": "auth"}}, {"pk": 3, "model": "contenttypes.contenttype", "fields": {"model": "user", "name": "user", "app_label": "auth"}}, {"pk": 4, "model": "contenttypes.contenttype", "fields": {"model": "contenttype", "name": "content type", "app_label": "contenttypes"}}, {"pk": 5, "model": "contenttypes.contenttype", "fields": {"model": "session", "name": "session", "app_label": "sessions"}}, {"pk": 6, "model": "contenttypes.contenttype", "fields": {"model": "site", "name": "site", "app_label": "sites"}}, {"pk": 7, "model": "contenttypes.contenttype", "fields": {"model": "logentry", "name": "log entry", "app_label": "admin"}}, {"pk": 8, "model": "contenttypes.contenttype", "fields": {"model": "migrationhistory", "name": "migration history", "app_label": "south"}}, {"pk": 9, "model": "contenttypes.contenttype", "fields": {"model": "enclosure", "name": "enclosure", "app_label": "map_editor"}}, {"pk": 10, "model": "contenttypes.contenttype", "fields": {"model": "floor", "name": "floor", "app_label": "map_editor"}}, {"pk": 11, "model": "contenttypes.contenttype", "fields": {"model": "labelcategory", "name": "label category", "app_label": "map_editor"}}, {"pk": 12, "model": "contenttypes.contenttype", "fields": {"model": "label", "name": "label", "app_label": "map_editor"}}, {"pk": 13, "model": "contenttypes.contenttype", "fields": {"model": "point", "name": "point", "app_label": "map_editor"}}, {"pk": 14, "model": "contenttypes.contenttype", "fields": {"model": "qr_code", "name": "QR_Code", "app_label": "map_editor"}}, {"pk": 15, "model": "contenttypes.contenttype", "fields": {"model": "route", "name": "route", "app_label": "route"}}, {"pk": 16, "model": "contenttypes.contenttype", "fields": {"model": "step", "name": "step", "app_label": "route"}}, {"pk": 17, "model": "contenttypes.contenttype", "fields": {"model": "connection", "name": "connection", "app_label": "route"}}, {"pk": 18, "model": "contenttypes.contenttype", "fields": {"model": "apiaccess", "name": "api access", "app_label": "tastypie"}}, {"pk": 19, "model": "contenttypes.contenttype", "fields": {"model": "apikey", "name": "api key", "app_label": "tastypie"}}, {"pk": "db8kpwm5zpzidorov4m4prxgem6tuyih", "model": "sessions.session", "fields": {"expire_date": "2013-06-04T16:33:33Z", "session_data": "MTcyYWQ4MTU4Y2MxNDA0ZTY2ZTg0YzNiYmVlMjM0ZjcyNDU0MzU5ZDqAAn1xAShVEl9hdXRoX3VzZXJfYmFja2VuZHECVSlkamFuZ28uY29udHJpYi5hdXRoLmJhY2tlbmRzLk1vZGVsQmFja2VuZHEDVQ1fYXV0aF91c2VyX2lkcQSKAQF1Lg=="}}, {"pk": "dupbiuic7ps9gkvvfpxtk4ryq950hbcw", "model": "sessions.session", "fields": {"expire_date": "2013-06-04T18:21:28Z", "session_data": "MTcyYWQ4MTU4Y2MxNDA0ZTY2ZTg0YzNiYmVlMjM0ZjcyNDU0MzU5ZDqAAn1xAShVEl9hdXRoX3VzZXJfYmFja2VuZHECVSlkamFuZ28uY29udHJpYi5hdXRoLmJhY2tlbmRzLk1vZGVsQmFja2VuZHEDVQ1fYXV0aF91c2VyX2lkcQSKAQF1Lg=="}}, {"pk": "eawk6i79x8xfety7amg160f19o6wgo7h", "model": "sessions.session", "fields": {"expire_date": "2013-06-05T10:15:19Z", "session_data": "MTcyYWQ4MTU4Y2MxNDA0ZTY2ZTg0YzNiYmVlMjM0ZjcyNDU0MzU5ZDqAAn1xAShVEl9hdXRoX3VzZXJfYmFja2VuZHECVSlkamFuZ28uY29udHJpYi5hdXRoLmJhY2tlbmRzLk1vZGVsQmFja2VuZHEDVQ1fYXV0aF91c2VyX2lkcQSKAQF1Lg=="}}, {"pk": "ep5r8z7fqsv34a1h6zlw09x8bxhmt7w3", "model": "sessions.session", "fields": {"expire_date": "2013-06-05T10:47:05Z", "session_data": "MTcyYWQ4MTU4Y2MxNDA0ZTY2ZTg0YzNiYmVlMjM0ZjcyNDU0MzU5ZDqAAn1xAShVEl9hdXRoX3VzZXJfYmFja2VuZHECVSlkamFuZ28uY29udHJpYi5hdXRoLmJhY2tlbmRzLk1vZGVsQmFja2VuZHEDVQ1fYXV0aF91c2VyX2lkcQSKAQF1Lg=="}}, {"pk": "j6hl7jlt1r68q7hdsv456331b41axx68", "model": "sessions.session", "fields": {"expire_date": "2013-06-06T13:43:29Z", "session_data": "MTcyYWQ4MTU4Y2MxNDA0ZTY2ZTg0YzNiYmVlMjM0ZjcyNDU0MzU5ZDqAAn1xAShVEl9hdXRoX3VzZXJfYmFja2VuZHECVSlkamFuZ28uY29udHJpYi5hdXRoLmJhY2tlbmRzLk1vZGVsQmFja2VuZHEDVQ1fYXV0aF91c2VyX2lkcQSKAQF1Lg=="}}, {"pk": "vcx9c9f3gfiygnbz8usuxjhoplnowghs", "model": "sessions.session", "fields": {"expire_date": "2013-06-06T12:40:08Z", "session_data": "MTcyYWQ4MTU4Y2MxNDA0ZTY2ZTg0YzNiYmVlMjM0ZjcyNDU0MzU5ZDqAAn1xAShVEl9hdXRoX3VzZXJfYmFja2VuZHECVSlkamFuZ28uY29udHJpYi5hdXRoLmJhY2tlbmRzLk1vZGVsQmFja2VuZHEDVQ1fYXV0aF91c2VyX2lkcQSKAQF1Lg=="}}, {"pk": "y00ev7y2umkiratnl5qmjsudx2vgbpd4", "model": "sessions.session", "fields": {"expire_date": "2013-06-05T10:29:16Z", "session_data": "MTcyYWQ4MTU4Y2MxNDA0ZTY2ZTg0YzNiYmVlMjM0ZjcyNDU0MzU5ZDqAAn1xAShVEl9hdXRoX3VzZXJfYmFja2VuZHECVSlkamFuZ28uY29udHJpYi5hdXRoLmJhY2tlbmRzLk1vZGVsQmFja2VuZHEDVQ1fYXV0aF91c2VyX2lkcQSKAQF1Lg=="}}, {"pk": 1, "model": "sites.site", "fields": {"domain": "example.com", "name": "example.com"}}, {"pk": 2, "model": "map_editor.floor", "fields": {"num_rows": 20, "num_cols": 30, "name": "matadero", "img": "/media/img/enclosures/matadero/floors/mapa_matadero_1500.jpg", "enclosure": 2}}, {"pk": 5, "model": "map_editor.floor", "fields": {"num_rows": 20, "num_cols": 29, "name": "Planta2", "img": "/media/img/enclosures/Vaguada/floors/27.jpg", "enclosure": 3}}, {"pk": 6, "model": "map_editor.floor", "fields": {"num_rows": 20, "num_cols": 26, "name": "Parquing", "img": "/media/img/enclosures/Vaguada/floors/28.jpg", "enclosure": 3}}, {"pk": 8, "model": "map_editor.floor", "fields": {"num_rows": 20, "num_cols": 29, "name": "plantax", "img": "/media/img/enclosures/matadero/floors/29.jpg", "enclosure": 2}}, {"pk": 15, "model": "map_editor.floor", "fields": {"num_rows": 20, "num_cols": 26, "name": "Parquing", "img": "/media/img/enclosures/Matadero_Prueba/floors/28.jpg", "enclosure": 7}}, {"pk": 17, "model": "map_editor.floor", "fields": {"num_rows": 75, "num_cols": 115, "name": "Planta 1", "img": "/media/img/enclosures/Matadero_Prueba/floors/mapa_matadero_1500.jpg", "enclosure": 7}}, {"pk": 18, "model": "map_editor.floor", "fields": {"num_rows": 20, "num_cols": 26, "name": "Parquing", "img": "/media/img/enclosures/Arista_Prueba/floors/28.jpg", "enclosure": 8}}, {"pk": 1, "model": "map_editor.labelcategory", "fields": {"color": "red", "name": "Bloqueantes", "img": ""}}, {"pk": 2, "model": "map_editor.labelcategory", "fields": {"color": "purple", "name": "Restaurantes", "img": ""}}, {"pk": 3, "model": "map_editor.labelcategory", "fields": {"color": "green", "name": "Aristas", "img": ""}}, {"pk": 9, "model": "map_editor.labelcategory", "fields": {"color": "blue", "name": "Intermedias", "img": ""}}, {"pk": 10, "model": "map_editor.labelcategory", "fields": {"color": "orange", "name": "Tiendas", "img": ""}}, {"pk": 6, "model": "map_editor.label", "fields": {"category": 1, "name": "muro", "img": "img/labels/Bloqueantes/wall_1.png"}}, {"pk": 7, "model": "map_editor.label", "fields": {"category": 2, "name": "Vips", "img": "img/labels/Restaurantes/vips_2.png"}}, {"pk": 8, "model": "map_editor.label", "fields": {"category": 3, "name": "Escalera", "img": "img/labels/Aristas/builders.png"}}, {"pk": 9, "model": "map_editor.label", "fields": {"category": 1, "name": "bloq2", "img": "img/labels/Bloqueantes/wall_2.png"}}, {"pk": 10, "model": "map_editor.label", "fields": {"category": 1, "name": "bloq3", "img": ""}}, {"pk": 11, "model": "map_editor.label", "fields": {"category": 1, "name": "bloq4", "img": "img/labels/Bloqueantes/wall_3.png"}}, {"pk": 12, "model": "map_editor.label", "fields": {"category": 1, "name": "bloq5", "img": "img/labels/Bloqueantes/wall_4.png"}}, {"pk": 13, "model": "map_editor.label", "fields": {"category": 2, "name": "restaur2", "img": "img/labels/Restaurantes/wall.png"}}, {"pk": 14, "model": "map_editor.label", "fields": {"category": 2, "name": "restaur3", "img": "img/labels/Restaurantes/qr_code.png"}}, {"pk": 19, "model": "map_editor.label", "fields": {"category": 2, "name": "rest55", "img": "img/labels/Restaurantes/qr_code_1.png"}}, {"pk": 20, "model": "map_editor.label", "fields": {"category": 9, "name": "Ubicaci\u00f3n", "img": "img/labels/Intermedias/ubicacion.png"}}, {"pk": 21, "model": "map_editor.label", "fields": {"category": 2, "name": "Kichi", "img": "img/labels/Restaurantes/restaurants.png"}}, {"pk": 22, "model": "map_editor.label", "fields": {"category": 10, "name": "Zara", "img": "img/labels/Tiendas/souvenirs.png"}}, {"pk": 23, "model": "map_editor.label", "fields": {"category": 10, "name": "Nike", "img": "img/labels/Tiendas/souvenirs_1.png"}}, {"pk": 198, "model": "map_editor.point", "fields": {"floor": 5, "label": 6, "col": 4, "description": null, "row": 19}}, {"pk": 199, "model": "map_editor.point", "fields": {"floor": 5, "label": 6, "col": 5, "description": null, "row": 19}}, {"pk": 200, "model": "map_editor.point", "fields": {"floor": 5, "label": 6, "col": 6, "description": null, "row": 19}}, {"pk": 201, "model": "map_editor.point", "fields": {"floor": 5, "label": 6, "col": 7, "description": null, "row": 19}}, {"pk": 202, "model": "map_editor.point", "fields": {"floor": 5, "label": 6, "col": 8, "description": null, "row": 19}}, {"pk": 203, "model": "map_editor.point", "fields": {"floor": 5, "label": 6, "col": 9, "description": null, "row": 19}}, {"pk": 204, "model": "map_editor.point", "fields": {"floor": 5, "label": 6, "col": 10, "description": null, "row": 19}}, {"pk": 205, "model": "map_editor.point", "fields": {"floor": 5, "label": 6, "col": 9, "description": null, "row": 15}}, {"pk": 206, "model": "map_editor.point", "fields": {"floor": 5, "label": 6, "col": 10, "description": null, "row": 15}}, {"pk": 207, "model": "map_editor.point", "fields": {"floor": 5, "label": 6, "col": 11, "description": null, "row": 15}}, {"pk": 208, "model": "map_editor.point", "fields": {"floor": 5, "label": 6, "col": 12, "description": null, "row": 15}}, {"pk": 209, "model": "map_editor.point", "fields": {"floor": 5, "label": 6, "col": 13, "description": null, "row": 15}}, {"pk": 210, "model": "map_editor.point", "fields": {"floor": 5, "label": 6, "col": 14, "description": null, "row": 15}}, {"pk": 211, "model": "map_editor.point", "fields": {"floor": 5, "label": 6, "col": 15, "description": null, "row": 15}}, {"pk": 212, "model": "map_editor.point", "fields": {"floor": 5, "label": 6, "col": 16, "description": null, "row": 15}}, {"pk": 213, "model": "map_editor.point", "fields": {"floor": 5, "label": 6, "col": 17, "description": null, "row": 15}}, {"pk": 214, "model": "map_editor.point", "fields": {"floor": 5, "label": 6, "col": 18, "description": null, "row": 15}}, {"pk": 215, "model": "map_editor.point", "fields": {"floor": 5, "label": 6, "col": 19, "description": null, "row": 15}}, {"pk": 216, "model": "map_editor.point", "fields": {"floor": 5, "label": 6, "col": 20, "description": null, "row": 15}}, {"pk": 217, "model": "map_editor.point", "fields": {"floor": 5, "label": 6, "col": 21, "description": null, "row": 15}}, {"pk": 218, "model": "map_editor.point", "fields": {"floor": 5, "label": 6, "col": 22, "description": null, "row": 15}}, {"pk": 219, "model": "map_editor.point", "fields": {"floor": 5, "label": 6, "col": 23, "description": null, "row": 15}}, {"pk": 220, "model": "map_editor.point", "fields": {"floor": 5, "label": 6, "col": 24, "description": null, "row": 15}}, {"pk": 221, "model": "map_editor.point", "fields": {"floor": 5, "label": 6, "col": 7, "description": null, "row": 16}}, {"pk": 222, "model": "map_editor.point", "fields": {"floor": 5, "label": 6, "col": 8, "description": null, "row": 16}}, {"pk": 223, "model": "map_editor.point", "fields": {"floor": 5, "label": 6, "col": 23, "description": null, "row": 16}}, {"pk": 224, "model": "map_editor.point", "fields": {"floor": 5, "label": 6, "col": 5, "description": null, "row": 17}}, {"pk": 225, "model": "map_editor.point", "fields": {"floor": 5, "label": 6, "col": 6, "description": null, "row": 17}}, {"pk": 226, "model": "map_editor.point", "fields": {"floor": 5, "label": 6, "col": 7, "description": null, "row": 17}}, {"pk": 227, "model": "map_editor.point", "fields": {"floor": 5, "label": 6, "col": 8, "description": null, "row": 17}}, {"pk": 228, "model": "map_editor.point", "fields": {"floor": 5, "label": 6, "col": 9, "description": null, "row": 17}}, {"pk": 229, "model": "map_editor.point", "fields": {"floor": 5, "label": 6, "col": 10, "description": null, "row": 17}}, {"pk": 230, "model": "map_editor.point", "fields": {"floor": 5, "label": 6, "col": 11, "description": null, "row": 17}}, {"pk": 231, "model": "map_editor.point", "fields": {"floor": 5, "label": 6, "col": 12, "description": null, "row": 17}}, {"pk": 232, "model": "map_editor.point", "fields": {"floor": 5, "label": 6, "col": 13, "description": null, "row": 17}}, {"pk": 233, "model": "map_editor.point", "fields": {"floor": 5, "label": 6, "col": 14, "description": null, "row": 17}}, {"pk": 234, "model": "map_editor.point", "fields": {"floor": 5, "label": 6, "col": 15, "description": null, "row": 17}}, {"pk": 235, "model": "map_editor.point", "fields": {"floor": 5, "label": 6, "col": 16, "description": null, "row": 17}}, {"pk": 236, "model": "map_editor.point", "fields": {"floor": 5, "label": 6, "col": 17, "description": null, "row": 17}}, {"pk": 237, "model": "map_editor.point", "fields": {"floor": 5, "label": 6, "col": 18, "description": null, "row": 17}}, {"pk": 238, "model": "map_editor.point", "fields": {"floor": 5, "label": 6, "col": 19, "description": null, "row": 17}}, {"pk": 239, "model": "map_editor.point", "fields": {"floor": 5, "label": 6, "col": 20, "description": null, "row": 17}}, {"pk": 240, "model": "map_editor.point", "fields": {"floor": 5, "label": 6, "col": 21, "description": null, "row": 17}}, {"pk": 241, "model": "map_editor.point", "fields": {"floor": 5, "label": 6, "col": 22, "description": null, "row": 17}}, {"pk": 242, "model": "map_editor.point", "fields": {"floor": 5, "label": 6, "col": 4, "description": null, "row": 18}}, {"pk": 243, "model": "map_editor.point", "fields": {"floor": 5, "label": 6, "col": 5, "description": null, "row": 18}}, {"pk": 244, "model": "map_editor.point", "fields": {"floor": 5, "label": 6, "col": 17, "description": null, "row": 18}}, {"pk": 245, "model": "map_editor.point", "fields": {"floor": 5, "label": 6, "col": 18, "description": null, "row": 18}}, {"pk": 246, "model": "map_editor.point", "fields": {"floor": 5, "label": 6, "col": 19, "description": null, "row": 18}}, {"pk": 247, "model": "map_editor.point", "fields": {"floor": 5, "label": 6, "col": 11, "description": null, "row": 19}}, {"pk": 248, "model": "map_editor.point", "fields": {"floor": 5, "label": 6, "col": 12, "description": null, "row": 19}}, {"pk": 249, "model": "map_editor.point", "fields": {"floor": 5, "label": 6, "col": 13, "description": null, "row": 19}}, {"pk": 250, "model": "map_editor.point", "fields": {"floor": 5, "label": 6, "col": 14, "description": null, "row": 19}}, {"pk": 251, "model": "map_editor.point", "fields": {"floor": 5, "label": 6, "col": 15, "description": null, "row": 19}}, {"pk": 252, "model": "map_editor.point", "fields": {"floor": 5, "label": 6, "col": 16, "description": null, "row": 19}}, {"pk": 253, "model": "map_editor.point", "fields": {"floor": 5, "label": 6, "col": 17, "description": null, "row": 19}}, {"pk": 254, "model": "map_editor.point", "fields": {"floor": 5, "label": 6, "col": 12, "description": null, "row": 0}}, {"pk": 255, "model": "map_editor.point", "fields": {"floor": 5, "label": 7, "col": 0, "description": null, "row": 1}}, {"pk": 256, "model": "map_editor.point", "fields": {"floor": 5, "label": 6, "col": 12, "description": null, "row": 1}}, {"pk": 257, "model": "map_editor.point", "fields": {"floor": 5, "label": 6, "col": 12, "description": null, "row": 2}}, {"pk": 258, "model": "map_editor.point", "fields": {"floor": 5, "label": 6, "col": 12, "description": null, "row": 3}}, {"pk": 259, "model": "map_editor.point", "fields": {"floor": 5, "label": 6, "col": 12, "description": null, "row": 4}}, {"pk": 260, "model": "map_editor.point", "fields": {"floor": 5, "label": 6, "col": 12, "description": null, "row": 5}}, {"pk": 261, "model": "map_editor.point", "fields": {"floor": 5, "label": 6, "col": 12, "description": null, "row": 6}}, {"pk": 262, "model": "map_editor.point", "fields": {"floor": 5, "label": 6, "col": 12, "description": null, "row": 7}}, {"pk": 263, "model": "map_editor.point", "fields": {"floor": 5, "label": 6, "col": 12, "description": null, "row": 8}}, {"pk": 264, "model": "map_editor.point", "fields": {"floor": 5, "label": 6, "col": 12, "description": null, "row": 9}}, {"pk": 265, "model": "map_editor.point", "fields": {"floor": 5, "label": 8, "col": 28, "description": "E1-P2", "row": 19}}, {"pk": 266, "model": "map_editor.point", "fields": {"floor": 6, "label": 8, "col": 0, "description": "E1-P0", "row": 0}}, {"pk": 267, "model": "map_editor.point", "fields": {"floor": 6, "label": 7, "col": 25, "description": null, "row": 19}}, {"pk": 268, "model": "map_editor.point", "fields": {"floor": 6, "label": 6, "col": 13, "description": null, "row": 0}}, {"pk": 269, "model": "map_editor.point", "fields": {"floor": 6, "label": 6, "col": 13, "description": null, "row": 1}}, {"pk": 270, "model": "map_editor.point", "fields": {"floor": 6, "label": 6, "col": 13, "description": null, "row": 2}}, {"pk": 271, "model": "map_editor.point", "fields": {"floor": 6, "label": 6, "col": 13, "description": null, "row": 3}}, {"pk": 272, "model": "map_editor.point", "fields": {"floor": 6, "label": 6, "col": 13, "description": null, "row": 4}}, {"pk": 273, "model": "map_editor.point", "fields": {"floor": 6, "label": 6, "col": 13, "description": null, "row": 5}}, {"pk": 274, "model": "map_editor.point", "fields": {"floor": 6, "label": 6, "col": 13, "description": null, "row": 6}}, {"pk": 275, "model": "map_editor.point", "fields": {"floor": 6, "label": 6, "col": 13, "description": null, "row": 7}}, {"pk": 276, "model": "map_editor.point", "fields": {"floor": 6, "label": 6, "col": 13, "description": null, "row": 8}}, {"pk": 277, "model": "map_editor.point", "fields": {"floor": 6, "label": 6, "col": 13, "description": null, "row": 9}}, {"pk": 278, "model": "map_editor.point", "fields": {"floor": 6, "label": 6, "col": 13, "description": null, "row": 10}}, {"pk": 279, "model": "map_editor.point", "fields": {"floor": 6, "label": 6, "col": 13, "description": null, "row": 11}}, {"pk": 280, "model": "map_editor.point", "fields": {"floor": 6, "label": 6, "col": 13, "description": null, "row": 12}}, {"pk": 281, "model": "map_editor.point", "fields": {"floor": 6, "label": 6, "col": 13, "description": null, "row": 13}}, {"pk": 282, "model": "map_editor.point", "fields": {"floor": 6, "label": 6, "col": 13, "description": null, "row": 14}}, {"pk": 283, "model": "map_editor.point", "fields": {"floor": 6, "label": 6, "col": 13, "description": null, "row": 15}}, {"pk": 284, "model": "map_editor.point", "fields": {"floor": 6, "label": 6, "col": 13, "description": null, "row": 16}}, {"pk": 285, "model": "map_editor.point", "fields": {"floor": 6, "label": 6, "col": 13, "description": null, "row": 17}}, {"pk": 286, "model": "map_editor.point", "fields": {"floor": 6, "label": 6, "col": 13, "description": null, "row": 18}}, {"pk": 306, "model": "map_editor.point", "fields": {"floor": 8, "label": 6, "col": 4, "description": null, "row": 1}}, {"pk": 307, "model": "map_editor.point", "fields": {"floor": 8, "label": 6, "col": 5, "description": null, "row": 1}}, {"pk": 308, "model": "map_editor.point", "fields": {"floor": 8, "label": 6, "col": 6, "description": null, "row": 1}}, {"pk": 309, "model": "map_editor.point", "fields": {"floor": 8, "label": 6, "col": 7, "description": null, "row": 1}}, {"pk": 310, "model": "map_editor.point", "fields": {"floor": 8, "label": 6, "col": 8, "description": null, "row": 1}}, {"pk": 311, "model": "map_editor.point", "fields": {"floor": 8, "label": 6, "col": 9, "description": null, "row": 1}}, {"pk": 312, "model": "map_editor.point", "fields": {"floor": 8, "label": 6, "col": 10, "description": null, "row": 1}}, {"pk": 313, "model": "map_editor.point", "fields": {"floor": 8, "label": 6, "col": 4, "description": null, "row": 0}}, {"pk": 314, "model": "map_editor.point", "fields": {"floor": 8, "label": 6, "col": 5, "description": null, "row": 0}}, {"pk": 315, "model": "map_editor.point", "fields": {"floor": 8, "label": 6, "col": 6, "description": null, "row": 0}}, {"pk": 316, "model": "map_editor.point", "fields": {"floor": 8, "label": 6, "col": 7, "description": null, "row": 0}}, {"pk": 317, "model": "map_editor.point", "fields": {"floor": 8, "label": 6, "col": 8, "description": null, "row": 0}}, {"pk": 318, "model": "map_editor.point", "fields": {"floor": 8, "label": 6, "col": 9, "description": null, "row": 0}}, {"pk": 319, "model": "map_editor.point", "fields": {"floor": 8, "label": 6, "col": 10, "description": null, "row": 0}}, {"pk": 407, "model": "map_editor.point", "fields": {"floor": 15, "label": 6, "col": 1, "description": null, "row": 11}}, {"pk": 409, "model": "map_editor.point", "fields": {"floor": 15, "label": 6, "col": 1, "description": null, "row": 10}}, {"pk": 411, "model": "map_editor.point", "fields": {"floor": 15, "label": 6, "col": 1, "description": null, "row": 9}}, {"pk": 413, "model": "map_editor.point", "fields": {"floor": 15, "label": 6, "col": 1, "description": null, "row": 8}}, {"pk": 414, "model": "map_editor.point", "fields": {"floor": 15, "label": 6, "col": 1, "description": null, "row": 7}}, {"pk": 415, "model": "map_editor.point", "fields": {"floor": 15, "label": 6, "col": 1, "description": null, "row": 6}}, {"pk": 416, "model": "map_editor.point", "fields": {"floor": 15, "label": 6, "col": 1, "description": null, "row": 5}}, {"pk": 417, "model": "map_editor.point", "fields": {"floor": 15, "label": 6, "col": 1, "description": null, "row": 4}}, {"pk": 418, "model": "map_editor.point", "fields": {"floor": 15, "label": 6, "col": 3, "description": null, "row": 18}}, {"pk": 419, "model": "map_editor.point", "fields": {"floor": 15, "label": 6, "col": 4, "description": null, "row": 18}}, {"pk": 420, "model": "map_editor.point", "fields": {"floor": 15, "label": 6, "col": 5, "description": null, "row": 18}}, {"pk": 421, "model": "map_editor.point", "fields": {"floor": 15, "label": 6, "col": 6, "description": null, "row": 18}}, {"pk": 422, "model": "map_editor.point", "fields": {"floor": 15, "label": 6, "col": 7, "description": null, "row": 18}}, {"pk": 423, "model": "map_editor.point", "fields": {"floor": 15, "label": 6, "col": 8, "description": null, "row": 18}}, {"pk": 424, "model": "map_editor.point", "fields": {"floor": 15, "label": 6, "col": 9, "description": null, "row": 18}}, {"pk": 425, "model": "map_editor.point", "fields": {"floor": 15, "label": 6, "col": 10, "description": null, "row": 18}}, {"pk": 426, "model": "map_editor.point", "fields": {"floor": 15, "label": 6, "col": 11, "description": null, "row": 18}}, {"pk": 427, "model": "map_editor.point", "fields": {"floor": 15, "label": 6, "col": 12, "description": null, "row": 18}}, {"pk": 428, "model": "map_editor.point", "fields": {"floor": 15, "label": 6, "col": 13, "description": null, "row": 18}}, {"pk": 429, "model": "map_editor.point", "fields": {"floor": 15, "label": 6, "col": 14, "description": null, "row": 18}}, {"pk": 430, "model": "map_editor.point", "fields": {"floor": 15, "label": 6, "col": 15, "description": null, "row": 18}}, {"pk": 431, "model": "map_editor.point", "fields": {"floor": 15, "label": 6, "col": 16, "description": null, "row": 18}}, {"pk": 432, "model": "map_editor.point", "fields": {"floor": 15, "label": 6, "col": 17, "description": null, "row": 18}}, {"pk": 433, "model": "map_editor.point", "fields": {"floor": 15, "label": 6, "col": 18, "description": null, "row": 18}}, {"pk": 434, "model": "map_editor.point", "fields": {"floor": 15, "label": 6, "col": 19, "description": null, "row": 18}}, {"pk": 435, "model": "map_editor.point", "fields": {"floor": 15, "label": 6, "col": 20, "description": null, "row": 18}}, {"pk": 436, "model": "map_editor.point", "fields": {"floor": 15, "label": 6, "col": 21, "description": null, "row": 18}}, {"pk": 437, "model": "map_editor.point", "fields": {"floor": 15, "label": 6, "col": 22, "description": null, "row": 18}}, {"pk": 438, "model": "map_editor.point", "fields": {"floor": 15, "label": 6, "col": 3, "description": null, "row": 17}}, {"pk": 439, "model": "map_editor.point", "fields": {"floor": 15, "label": 6, "col": 4, "description": null, "row": 17}}, {"pk": 440, "model": "map_editor.point", "fields": {"floor": 15, "label": 6, "col": 5, "description": null, "row": 17}}, {"pk": 441, "model": "map_editor.point", "fields": {"floor": 15, "label": 6, "col": 6, "description": null, "row": 17}}, {"pk": 442, "model": "map_editor.point", "fields": {"floor": 15, "label": 6, "col": 7, "description": null, "row": 17}}, {"pk": 443, "model": "map_editor.point", "fields": {"floor": 15, "label": 6, "col": 8, "description": null, "row": 17}}, {"pk": 444, "model": "map_editor.point", "fields": {"floor": 15, "label": 6, "col": 9, "description": null, "row": 17}}, {"pk": 445, "model": "map_editor.point", "fields": {"floor": 15, "label": 6, "col": 10, "description": null, "row": 17}}, {"pk": 446, "model": "map_editor.point", "fields": {"floor": 15, "label": 6, "col": 11, "description": null, "row": 17}}, {"pk": 447, "model": "map_editor.point", "fields": {"floor": 15, "label": 6, "col": 12, "description": null, "row": 17}}, {"pk": 448, "model": "map_editor.point", "fields": {"floor": 15, "label": 6, "col": 13, "description": null, "row": 17}}, {"pk": 449, "model": "map_editor.point", "fields": {"floor": 15, "label": 6, "col": 14, "description": null, "row": 17}}, {"pk": 450, "model": "map_editor.point", "fields": {"floor": 15, "label": 6, "col": 15, "description": null, "row": 17}}, {"pk": 451, "model": "map_editor.point", "fields": {"floor": 15, "label": 6, "col": 16, "description": null, "row": 17}}, {"pk": 452, "model": "map_editor.point", "fields": {"floor": 15, "label": 6, "col": 17, "description": null, "row": 17}}, {"pk": 453, "model": "map_editor.point", "fields": {"floor": 15, "label": 6, "col": 18, "description": null, "row": 17}}, {"pk": 454, "model": "map_editor.point", "fields": {"floor": 15, "label": 6, "col": 19, "description": null, "row": 17}}, {"pk": 455, "model": "map_editor.point", "fields": {"floor": 15, "label": 6, "col": 20, "description": null, "row": 17}}, {"pk": 456, "model": "map_editor.point", "fields": {"floor": 15, "label": 6, "col": 21, "description": null, "row": 17}}, {"pk": 457, "model": "map_editor.point", "fields": {"floor": 15, "label": 6, "col": 22, "description": null, "row": 17}}, {"pk": 458, "model": "map_editor.point", "fields": {"floor": 15, "label": 6, "col": 1, "description": null, "row": 15}}, {"pk": 459, "model": "map_editor.point", "fields": {"floor": 15, "label": 6, "col": 2, "description": null, "row": 15}}, {"pk": 460, "model": "map_editor.point", "fields": {"floor": 15, "label": 6, "col": 23, "description": null, "row": 15}}, {"pk": 461, "model": "map_editor.point", "fields": {"floor": 15, "label": 6, "col": 24, "description": null, "row": 15}}, {"pk": 462, "model": "map_editor.point", "fields": {"floor": 15, "label": 6, "col": 1, "description": null, "row": 14}}, {"pk": 463, "model": "map_editor.point", "fields": {"floor": 15, "label": 6, "col": 2, "description": null, "row": 14}}, {"pk": 464, "model": "map_editor.point", "fields": {"floor": 15, "label": 6, "col": 5, "description": null, "row": 14}}, {"pk": 465, "model": "map_editor.point", "fields": {"floor": 15, "label": 6, "col": 6, "description": null, "row": 14}}, {"pk": 466, "model": "map_editor.point", "fields": {"floor": 15, "label": 6, "col": 7, "description": null, "row": 14}}, {"pk": 467, "model": "map_editor.point", "fields": {"floor": 15, "label": 6, "col": 8, "description": null, "row": 14}}, {"pk": 468, "model": "map_editor.point", "fields": {"floor": 15, "label": 6, "col": 9, "description": null, "row": 14}}, {"pk": 469, "model": "map_editor.point", "fields": {"floor": 15, "label": 6, "col": 10, "description": null, "row": 14}}, {"pk": 470, "model": "map_editor.point", "fields": {"floor": 15, "label": 6, "col": 11, "description": null, "row": 14}}, {"pk": 471, "model": "map_editor.point", "fields": {"floor": 15, "label": 6, "col": 14, "description": null, "row": 14}}, {"pk": 472, "model": "map_editor.point", "fields": {"floor": 15, "label": 6, "col": 15, "description": null, "row": 14}}, {"pk": 473, "model": "map_editor.point", "fields": {"floor": 15, "label": 6, "col": 16, "description": null, "row": 14}}, {"pk": 474, "model": "map_editor.point", "fields": {"floor": 15, "label": 6, "col": 17, "description": null, "row": 14}}, {"pk": 475, "model": "map_editor.point", "fields": {"floor": 15, "label": 6, "col": 18, "description": null, "row": 14}}, {"pk": 476, "model": "map_editor.point", "fields": {"floor": 15, "label": 6, "col": 19, "description": null, "row": 14}}, {"pk": 477, "model": "map_editor.point", "fields": {"floor": 15, "label": 6, "col": 20, "description": null, "row": 14}}, {"pk": 478, "model": "map_editor.point", "fields": {"floor": 15, "label": 6, "col": 23, "description": null, "row": 14}}, {"pk": 479, "model": "map_editor.point", "fields": {"floor": 15, "label": 6, "col": 24, "description": null, "row": 14}}, {"pk": 480, "model": "map_editor.point", "fields": {"floor": 15, "label": 6, "col": 1, "description": null, "row": 13}}, {"pk": 481, "model": "map_editor.point", "fields": {"floor": 15, "label": 6, "col": 2, "description": null, "row": 13}}, {"pk": 482, "model": "map_editor.point", "fields": {"floor": 15, "label": 6, "col": 5, "description": null, "row": 13}}, {"pk": 483, "model": "map_editor.point", "fields": {"floor": 15, "label": 6, "col": 6, "description": null, "row": 13}}, {"pk": 484, "model": "map_editor.point", "fields": {"floor": 15, "label": 6, "col": 7, "description": null, "row": 13}}, {"pk": 485, "model": "map_editor.point", "fields": {"floor": 15, "label": 6, "col": 8, "description": null, "row": 13}}, {"pk": 486, "model": "map_editor.point", "fields": {"floor": 15, "label": 6, "col": 9, "description": null, "row": 13}}, {"pk": 487, "model": "map_editor.point", "fields": {"floor": 15, "label": 6, "col": 10, "description": null, "row": 13}}, {"pk": 488, "model": "map_editor.point", "fields": {"floor": 15, "label": 6, "col": 11, "description": null, "row": 13}}, {"pk": 489, "model": "map_editor.point", "fields": {"floor": 15, "label": 6, "col": 14, "description": null, "row": 13}}, {"pk": 490, "model": "map_editor.point", "fields": {"floor": 15, "label": 6, "col": 15, "description": null, "row": 13}}, {"pk": 491, "model": "map_editor.point", "fields": {"floor": 15, "label": 6, "col": 16, "description": null, "row": 13}}, {"pk": 492, "model": "map_editor.point", "fields": {"floor": 15, "label": 6, "col": 17, "description": null, "row": 13}}, {"pk": 493, "model": "map_editor.point", "fields": {"floor": 15, "label": 6, "col": 18, "description": null, "row": 13}}, {"pk": 494, "model": "map_editor.point", "fields": {"floor": 15, "label": 6, "col": 19, "description": null, "row": 13}}, {"pk": 495, "model": "map_editor.point", "fields": {"floor": 15, "label": 6, "col": 20, "description": null, "row": 13}}, {"pk": 496, "model": "map_editor.point", "fields": {"floor": 15, "label": 6, "col": 23, "description": null, "row": 13}}, {"pk": 497, "model": "map_editor.point", "fields": {"floor": 15, "label": 6, "col": 24, "description": null, "row": 13}}, {"pk": 498, "model": "map_editor.point", "fields": {"floor": 15, "label": 6, "col": 1, "description": null, "row": 12}}, {"pk": 499, "model": "map_editor.point", "fields": {"floor": 15, "label": 6, "col": 2, "description": null, "row": 12}}, {"pk": 500, "model": "map_editor.point", "fields": {"floor": 15, "label": 6, "col": 5, "description": null, "row": 12}}, {"pk": 501, "model": "map_editor.point", "fields": {"floor": 15, "label": 6, "col": 6, "description": null, "row": 12}}, {"pk": 502, "model": "map_editor.point", "fields": {"floor": 15, "label": 6, "col": 7, "description": null, "row": 12}}, {"pk": 503, "model": "map_editor.point", "fields": {"floor": 15, "label": 6, "col": 8, "description": null, "row": 12}}, {"pk": 504, "model": "map_editor.point", "fields": {"floor": 15, "label": 6, "col": 9, "description": null, "row": 12}}, {"pk": 505, "model": "map_editor.point", "fields": {"floor": 15, "label": 6, "col": 10, "description": null, "row": 12}}, {"pk": 506, "model": "map_editor.point", "fields": {"floor": 15, "label": 6, "col": 11, "description": null, "row": 12}}, {"pk": 507, "model": "map_editor.point", "fields": {"floor": 15, "label": 6, "col": 14, "description": null, "row": 12}}, {"pk": 508, "model": "map_editor.point", "fields": {"floor": 15, "label": 6, "col": 15, "description": null, "row": 12}}, {"pk": 509, "model": "map_editor.point", "fields": {"floor": 15, "label": 6, "col": 16, "description": null, "row": 12}}, {"pk": 510, "model": "map_editor.point", "fields": {"floor": 15, "label": 6, "col": 17, "description": null, "row": 12}}, {"pk": 511, "model": "map_editor.point", "fields": {"floor": 15, "label": 6, "col": 18, "description": null, "row": 12}}, {"pk": 512, "model": "map_editor.point", "fields": {"floor": 15, "label": 6, "col": 19, "description": null, "row": 12}}, {"pk": 513, "model": "map_editor.point", "fields": {"floor": 15, "label": 6, "col": 20, "description": null, "row": 12}}, {"pk": 514, "model": "map_editor.point", "fields": {"floor": 15, "label": 6, "col": 23, "description": null, "row": 12}}, {"pk": 515, "model": "map_editor.point", "fields": {"floor": 15, "label": 6, "col": 24, "description": null, "row": 12}}, {"pk": 516, "model": "map_editor.point", "fields": {"floor": 15, "label": 6, "col": 2, "description": null, "row": 11}}, {"pk": 517, "model": "map_editor.point", "fields": {"floor": 15, "label": 6, "col": 5, "description": null, "row": 11}}, {"pk": 518, "model": "map_editor.point", "fields": {"floor": 15, "label": 6, "col": 6, "description": null, "row": 11}}, {"pk": 519, "model": "map_editor.point", "fields": {"floor": 15, "label": 6, "col": 7, "description": null, "row": 11}}, {"pk": 520, "model": "map_editor.point", "fields": {"floor": 15, "label": 6, "col": 8, "description": null, "row": 11}}, {"pk": 521, "model": "map_editor.point", "fields": {"floor": 15, "label": 6, "col": 9, "description": null, "row": 11}}, {"pk": 522, "model": "map_editor.point", "fields": {"floor": 15, "label": 6, "col": 10, "description": null, "row": 11}}, {"pk": 523, "model": "map_editor.point", "fields": {"floor": 15, "label": 6, "col": 11, "description": null, "row": 11}}, {"pk": 524, "model": "map_editor.point", "fields": {"floor": 15, "label": 6, "col": 14, "description": null, "row": 11}}, {"pk": 525, "model": "map_editor.point", "fields": {"floor": 15, "label": 6, "col": 15, "description": null, "row": 11}}, {"pk": 526, "model": "map_editor.point", "fields": {"floor": 15, "label": 6, "col": 16, "description": null, "row": 11}}, {"pk": 527, "model": "map_editor.point", "fields": {"floor": 15, "label": 6, "col": 17, "description": null, "row": 11}}, {"pk": 528, "model": "map_editor.point", "fields": {"floor": 15, "label": 6, "col": 18, "description": null, "row": 11}}, {"pk": 529, "model": "map_editor.point", "fields": {"floor": 15, "label": 6, "col": 19, "description": null, "row": 11}}, {"pk": 530, "model": "map_editor.point", "fields": {"floor": 15, "label": 6, "col": 20, "description": null, "row": 11}}, {"pk": 531, "model": "map_editor.point", "fields": {"floor": 15, "label": 6, "col": 23, "description": null, "row": 11}}, {"pk": 532, "model": "map_editor.point", "fields": {"floor": 15, "label": 6, "col": 24, "description": null, "row": 11}}, {"pk": 533, "model": "map_editor.point", "fields": {"floor": 15, "label": 6, "col": 2, "description": null, "row": 10}}, {"pk": 534, "model": "map_editor.point", "fields": {"floor": 15, "label": 6, "col": 23, "description": null, "row": 10}}, {"pk": 535, "model": "map_editor.point", "fields": {"floor": 15, "label": 6, "col": 24, "description": null, "row": 10}}, {"pk": 536, "model": "map_editor.point", "fields": {"floor": 15, "label": 6, "col": 2, "description": null, "row": 9}}, {"pk": 537, "model": "map_editor.point", "fields": {"floor": 15, "label": 6, "col": 23, "description": null, "row": 9}}, {"pk": 538, "model": "map_editor.point", "fields": {"floor": 15, "label": 6, "col": 24, "description": null, "row": 9}}, {"pk": 539, "model": "map_editor.point", "fields": {"floor": 15, "label": 6, "col": 2, "description": null, "row": 8}}, {"pk": 540, "model": "map_editor.point", "fields": {"floor": 15, "label": 6, "col": 5, "description": null, "row": 8}}, {"pk": 541, "model": "map_editor.point", "fields": {"floor": 15, "label": 6, "col": 6, "description": null, "row": 8}}, {"pk": 542, "model": "map_editor.point", "fields": {"floor": 15, "label": 6, "col": 7, "description": null, "row": 8}}, {"pk": 543, "model": "map_editor.point", "fields": {"floor": 15, "label": 6, "col": 8, "description": null, "row": 8}}, {"pk": 544, "model": "map_editor.point", "fields": {"floor": 15, "label": 6, "col": 9, "description": null, "row": 8}}, {"pk": 545, "model": "map_editor.point", "fields": {"floor": 15, "label": 6, "col": 10, "description": null, "row": 8}}, {"pk": 546, "model": "map_editor.point", "fields": {"floor": 15, "label": 6, "col": 11, "description": null, "row": 8}}, {"pk": 547, "model": "map_editor.point", "fields": {"floor": 15, "label": 6, "col": 14, "description": null, "row": 8}}, {"pk": 548, "model": "map_editor.point", "fields": {"floor": 15, "label": 6, "col": 15, "description": null, "row": 8}}, {"pk": 549, "model": "map_editor.point", "fields": {"floor": 15, "label": 6, "col": 16, "description": null, "row": 8}}, {"pk": 550, "model": "map_editor.point", "fields": {"floor": 15, "label": 6, "col": 17, "description": null, "row": 8}}, {"pk": 551, "model": "map_editor.point", "fields": {"floor": 15, "label": 6, "col": 18, "description": null, "row": 8}}, {"pk": 552, "model": "map_editor.point", "fields": {"floor": 15, "label": 6, "col": 19, "description": null, "row": 8}}, {"pk": 553, "model": "map_editor.point", "fields": {"floor": 15, "label": 6, "col": 20, "description": null, "row": 8}}, {"pk": 554, "model": "map_editor.point", "fields": {"floor": 15, "label": 6, "col": 23, "description": null, "row": 8}}, {"pk": 555, "model": "map_editor.point", "fields": {"floor": 15, "label": 6, "col": 24, "description": null, "row": 8}}, {"pk": 556, "model": "map_editor.point", "fields": {"floor": 15, "label": 6, "col": 2, "description": null, "row": 7}}, {"pk": 557, "model": "map_editor.point", "fields": {"floor": 15, "label": 6, "col": 5, "description": null, "row": 7}}, {"pk": 558, "model": "map_editor.point", "fields": {"floor": 15, "label": 6, "col": 6, "description": null, "row": 7}}, {"pk": 559, "model": "map_editor.point", "fields": {"floor": 15, "label": 6, "col": 7, "description": null, "row": 7}}, {"pk": 560, "model": "map_editor.point", "fields": {"floor": 15, "label": 6, "col": 8, "description": null, "row": 7}}, {"pk": 561, "model": "map_editor.point", "fields": {"floor": 15, "label": 6, "col": 9, "description": null, "row": 7}}, {"pk": 562, "model": "map_editor.point", "fields": {"floor": 15, "label": 6, "col": 10, "description": null, "row": 7}}, {"pk": 563, "model": "map_editor.point", "fields": {"floor": 15, "label": 6, "col": 11, "description": null, "row": 7}}, {"pk": 564, "model": "map_editor.point", "fields": {"floor": 15, "label": 6, "col": 14, "description": null, "row": 7}}, {"pk": 565, "model": "map_editor.point", "fields": {"floor": 15, "label": 6, "col": 15, "description": null, "row": 7}}, {"pk": 566, "model": "map_editor.point", "fields": {"floor": 15, "label": 6, "col": 16, "description": null, "row": 7}}, {"pk": 567, "model": "map_editor.point", "fields": {"floor": 15, "label": 6, "col": 17, "description": null, "row": 7}}, {"pk": 568, "model": "map_editor.point", "fields": {"floor": 15, "label": 6, "col": 18, "description": null, "row": 7}}, {"pk": 569, "model": "map_editor.point", "fields": {"floor": 15, "label": 6, "col": 19, "description": null, "row": 7}}, {"pk": 570, "model": "map_editor.point", "fields": {"floor": 15, "label": 6, "col": 20, "description": null, "row": 7}}, {"pk": 571, "model": "map_editor.point", "fields": {"floor": 15, "label": 6, "col": 23, "description": null, "row": 7}}, {"pk": 572, "model": "map_editor.point", "fields": {"floor": 15, "label": 6, "col": 24, "description": null, "row": 7}}, {"pk": 573, "model": "map_editor.point", "fields": {"floor": 15, "label": 6, "col": 2, "description": null, "row": 6}}, {"pk": 574, "model": "map_editor.point", "fields": {"floor": 15, "label": 6, "col": 5, "description": null, "row": 6}}, {"pk": 575, "model": "map_editor.point", "fields": {"floor": 15, "label": 6, "col": 6, "description": null, "row": 6}}, {"pk": 576, "model": "map_editor.point", "fields": {"floor": 15, "label": 6, "col": 7, "description": null, "row": 6}}, {"pk": 577, "model": "map_editor.point", "fields": {"floor": 15, "label": 6, "col": 8, "description": null, "row": 6}}, {"pk": 578, "model": "map_editor.point", "fields": {"floor": 15, "label": 6, "col": 9, "description": null, "row": 6}}, {"pk": 579, "model": "map_editor.point", "fields": {"floor": 15, "label": 6, "col": 10, "description": null, "row": 6}}, {"pk": 580, "model": "map_editor.point", "fields": {"floor": 15, "label": 6, "col": 11, "description": null, "row": 6}}, {"pk": 581, "model": "map_editor.point", "fields": {"floor": 15, "label": 6, "col": 14, "description": null, "row": 6}}, {"pk": 582, "model": "map_editor.point", "fields": {"floor": 15, "label": 6, "col": 15, "description": null, "row": 6}}, {"pk": 583, "model": "map_editor.point", "fields": {"floor": 15, "label": 6, "col": 16, "description": null, "row": 6}}, {"pk": 584, "model": "map_editor.point", "fields": {"floor": 15, "label": 6, "col": 17, "description": null, "row": 6}}, {"pk": 585, "model": "map_editor.point", "fields": {"floor": 15, "label": 6, "col": 18, "description": null, "row": 6}}, {"pk": 586, "model": "map_editor.point", "fields": {"floor": 15, "label": 6, "col": 19, "description": null, "row": 6}}, {"pk": 587, "model": "map_editor.point", "fields": {"floor": 15, "label": 6, "col": 20, "description": null, "row": 6}}, {"pk": 588, "model": "map_editor.point", "fields": {"floor": 15, "label": 6, "col": 23, "description": null, "row": 6}}, {"pk": 589, "model": "map_editor.point", "fields": {"floor": 15, "label": 6, "col": 24, "description": null, "row": 6}}, {"pk": 590, "model": "map_editor.point", "fields": {"floor": 15, "label": 6, "col": 2, "description": null, "row": 5}}, {"pk": 591, "model": "map_editor.point", "fields": {"floor": 15, "label": 6, "col": 5, "description": null, "row": 5}}, {"pk": 592, "model": "map_editor.point", "fields": {"floor": 15, "label": 6, "col": 6, "description": null, "row": 5}}, {"pk": 593, "model": "map_editor.point", "fields": {"floor": 15, "label": 6, "col": 7, "description": null, "row": 5}}, {"pk": 594, "model": "map_editor.point", "fields": {"floor": 15, "label": 6, "col": 8, "description": null, "row": 5}}, {"pk": 595, "model": "map_editor.point", "fields": {"floor": 15, "label": 6, "col": 9, "description": null, "row": 5}}, {"pk": 596, "model": "map_editor.point", "fields": {"floor": 15, "label": 6, "col": 10, "description": null, "row": 5}}, {"pk": 597, "model": "map_editor.point", "fields": {"floor": 15, "label": 6, "col": 11, "description": null, "row": 5}}, {"pk": 598, "model": "map_editor.point", "fields": {"floor": 15, "label": 6, "col": 14, "description": null, "row": 5}}, {"pk": 599, "model": "map_editor.point", "fields": {"floor": 15, "label": 6, "col": 15, "description": null, "row": 5}}, {"pk": 600, "model": "map_editor.point", "fields": {"floor": 15, "label": 6, "col": 16, "description": null, "row": 5}}, {"pk": 601, "model": "map_editor.point", "fields": {"floor": 15, "label": 6, "col": 17, "description": null, "row": 5}}, {"pk": 602, "model": "map_editor.point", "fields": {"floor": 15, "label": 6, "col": 18, "description": null, "row": 5}}, {"pk": 603, "model": "map_editor.point", "fields": {"floor": 15, "label": 6, "col": 19, "description": null, "row": 5}}, {"pk": 604, "model": "map_editor.point", "fields": {"floor": 15, "label": 6, "col": 20, "description": null, "row": 5}}, {"pk": 605, "model": "map_editor.point", "fields": {"floor": 15, "label": 6, "col": 23, "description": null, "row": 5}}, {"pk": 606, "model": "map_editor.point", "fields": {"floor": 15, "label": 6, "col": 24, "description": null, "row": 5}}, {"pk": 607, "model": "map_editor.point", "fields": {"floor": 15, "label": 6, "col": 2, "description": null, "row": 4}}, {"pk": 608, "model": "map_editor.point", "fields": {"floor": 15, "label": 6, "col": 23, "description": null, "row": 4}}, {"pk": 609, "model": "map_editor.point", "fields": {"floor": 15, "label": 6, "col": 24, "description": null, "row": 4}}, {"pk": 610, "model": "map_editor.point", "fields": {"floor": 15, "label": 6, "col": 1, "description": null, "row": 3}}, {"pk": 611, "model": "map_editor.point", "fields": {"floor": 15, "label": 6, "col": 2, "description": null, "row": 3}}, {"pk": 612, "model": "map_editor.point", "fields": {"floor": 15, "label": 6, "col": 23, "description": null, "row": 3}}, {"pk": 613, "model": "map_editor.point", "fields": {"floor": 15, "label": 6, "col": 24, "description": null, "row": 3}}, {"pk": 614, "model": "map_editor.point", "fields": {"floor": 15, "label": 20, "col": 4, "description": null, "row": 15}}, {"pk": 615, "model": "map_editor.point", "fields": {"floor": 15, "label": 20, "col": 21, "description": null, "row": 15}}, {"pk": 616, "model": "map_editor.point", "fields": {"floor": 15, "label": 20, "col": 13, "description": null, "row": 10}}, {"pk": 617, "model": "map_editor.point", "fields": {"floor": 15, "label": 20, "col": 4, "description": null, "row": 1}}, {"pk": 618, "model": "map_editor.point", "fields": {"floor": 15, "label": 20, "col": 21, "description": null, "row": 1}}, {"pk": 619, "model": "map_editor.point", "fields": {"floor": 15, "label": 8, "col": 1, "description": null, "row": 17}}, {"pk": 620, "model": "map_editor.point", "fields": {"floor": 15, "label": 8, "col": 24, "description": null, "row": 17}}, {"pk": 621, "model": "map_editor.point", "fields": {"floor": 15, "label": 8, "col": 12, "description": null, "row": 9}}, {"pk": 622, "model": "map_editor.point", "fields": {"floor": 17, "label": 6, "col": 2, "description": null, "row": 23}}, {"pk": 623, "model": "map_editor.point", "fields": {"floor": 17, "label": 6, "col": 3, "description": null, "row": 23}}, {"pk": 624, "model": "map_editor.point", "fields": {"floor": 17, "label": 6, "col": 4, "description": null, "row": 23}}, {"pk": 625, "model": "map_editor.point", "fields": {"floor": 17, "label": 6, "col": 5, "description": null, "row": 23}}, {"pk": 626, "model": "map_editor.point", "fields": {"floor": 17, "label": 6, "col": 6, "description": null, "row": 23}}, {"pk": 627, "model": "map_editor.point", "fields": {"floor": 17, "label": 6, "col": 7, "description": null, "row": 23}}, {"pk": 628, "model": "map_editor.point", "fields": {"floor": 17, "label": 6, "col": 8, "description": null, "row": 23}}, {"pk": 629, "model": "map_editor.point", "fields": {"floor": 17, "label": 6, "col": 9, "description": null, "row": 23}}, {"pk": 630, "model": "map_editor.point", "fields": {"floor": 17, "label": 6, "col": 10, "description": null, "row": 23}}, {"pk": 631, "model": "map_editor.point", "fields": {"floor": 17, "label": 6, "col": 11, "description": null, "row": 23}}, {"pk": 632, "model": "map_editor.point", "fields": {"floor": 17, "label": 6, "col": 12, "description": null, "row": 23}}, {"pk": 633, "model": "map_editor.point", "fields": {"floor": 17, "label": 6, "col": 16, "description": null, "row": 23}}, {"pk": 634, "model": "map_editor.point", "fields": {"floor": 17, "label": 6, "col": 17, "description": null, "row": 23}}, {"pk": 635, "model": "map_editor.point", "fields": {"floor": 17, "label": 6, "col": 18, "description": null, "row": 23}}, {"pk": 636, "model": "map_editor.point", "fields": {"floor": 17, "label": 6, "col": 19, "description": null, "row": 23}}, {"pk": 637, "model": "map_editor.point", "fields": {"floor": 17, "label": 6, "col": 20, "description": null, "row": 23}}, {"pk": 638, "model": "map_editor.point", "fields": {"floor": 17, "label": 6, "col": 21, "description": null, "row": 23}}, {"pk": 639, "model": "map_editor.point", "fields": {"floor": 17, "label": 6, "col": 22, "description": null, "row": 23}}, {"pk": 641, "model": "map_editor.point", "fields": {"floor": 17, "label": 6, "col": 4, "description": null, "row": 22}}, {"pk": 642, "model": "map_editor.point", "fields": {"floor": 17, "label": 6, "col": 5, "description": null, "row": 22}}, {"pk": 643, "model": "map_editor.point", "fields": {"floor": 17, "label": 6, "col": 6, "description": null, "row": 22}}, {"pk": 644, "model": "map_editor.point", "fields": {"floor": 17, "label": 6, "col": 7, "description": null, "row": 22}}, {"pk": 645, "model": "map_editor.point", "fields": {"floor": 17, "label": 6, "col": 8, "description": null, "row": 22}}, {"pk": 646, "model": "map_editor.point", "fields": {"floor": 17, "label": 6, "col": 9, "description": null, "row": 22}}, {"pk": 647, "model": "map_editor.point", "fields": {"floor": 17, "label": 6, "col": 10, "description": null, "row": 22}}, {"pk": 648, "model": "map_editor.point", "fields": {"floor": 17, "label": 6, "col": 11, "description": null, "row": 22}}, {"pk": 649, "model": "map_editor.point", "fields": {"floor": 17, "label": 6, "col": 12, "description": null, "row": 22}}, {"pk": 650, "model": "map_editor.point", "fields": {"floor": 17, "label": 6, "col": 13, "description": null, "row": 22}}, {"pk": 651, "model": "map_editor.point", "fields": {"floor": 17, "label": 6, "col": 14, "description": null, "row": 22}}, {"pk": 652, "model": "map_editor.point", "fields": {"floor": 17, "label": 6, "col": 4, "description": null, "row": 21}}, {"pk": 653, "model": "map_editor.point", "fields": {"floor": 17, "label": 6, "col": 14, "description": null, "row": 21}}, {"pk": 654, "model": "map_editor.point", "fields": {"floor": 17, "label": 6, "col": 14, "description": null, "row": 20}}, {"pk": 655, "model": "map_editor.point", "fields": {"floor": 17, "label": 6, "col": 4, "description": null, "row": 19}}, {"pk": 656, "model": "map_editor.point", "fields": {"floor": 17, "label": 6, "col": 14, "description": null, "row": 19}}, {"pk": 657, "model": "map_editor.point", "fields": {"floor": 17, "label": 6, "col": 4, "description": null, "row": 18}}, {"pk": 658, "model": "map_editor.point", "fields": {"floor": 17, "label": 6, "col": 14, "description": null, "row": 18}}, {"pk": 659, "model": "map_editor.point", "fields": {"floor": 17, "label": 6, "col": 4, "description": null, "row": 17}}, {"pk": 660, "model": "map_editor.point", "fields": {"floor": 17, "label": 6, "col": 5, "description": null, "row": 17}}, {"pk": 661, "model": "map_editor.point", "fields": {"floor": 17, "label": 6, "col": 6, "description": null, "row": 17}}, {"pk": 662, "model": "map_editor.point", "fields": {"floor": 17, "label": 6, "col": 7, "description": null, "row": 17}}, {"pk": 663, "model": "map_editor.point", "fields": {"floor": 17, "label": 6, "col": 8, "description": null, "row": 17}}, {"pk": 664, "model": "map_editor.point", "fields": {"floor": 17, "label": 6, "col": 9, "description": null, "row": 17}}, {"pk": 665, "model": "map_editor.point", "fields": {"floor": 17, "label": 6, "col": 10, "description": null, "row": 17}}, {"pk": 666, "model": "map_editor.point", "fields": {"floor": 17, "label": 6, "col": 11, "description": null, "row": 17}}, {"pk": 667, "model": "map_editor.point", "fields": {"floor": 17, "label": 6, "col": 12, "description": null, "row": 17}}, {"pk": 668, "model": "map_editor.point", "fields": {"floor": 17, "label": 6, "col": 13, "description": null, "row": 17}}, {"pk": 669, "model": "map_editor.point", "fields": {"floor": 17, "label": 6, "col": 14, "description": null, "row": 17}}, {"pk": 670, "model": "map_editor.point", "fields": {"floor": 17, "label": 6, "col": 17, "description": null, "row": 16}}, {"pk": 671, "model": "map_editor.point", "fields": {"floor": 17, "label": 6, "col": 18, "description": null, "row": 16}}, {"pk": 672, "model": "map_editor.point", "fields": {"floor": 17, "label": 6, "col": 19, "description": null, "row": 16}}, {"pk": 673, "model": "map_editor.point", "fields": {"floor": 17, "label": 6, "col": 20, "description": null, "row": 16}}, {"pk": 674, "model": "map_editor.point", "fields": {"floor": 17, "label": 6, "col": 21, "description": null, "row": 16}}, {"pk": 675, "model": "map_editor.point", "fields": {"floor": 17, "label": 6, "col": 22, "description": null, "row": 16}}, {"pk": 677, "model": "map_editor.point", "fields": {"floor": 17, "label": 6, "col": 2, "description": null, "row": 9}}, {"pk": 678, "model": "map_editor.point", "fields": {"floor": 17, "label": 6, "col": 3, "description": null, "row": 9}}, {"pk": 679, "model": "map_editor.point", "fields": {"floor": 17, "label": 6, "col": 4, "description": null, "row": 9}}, {"pk": 680, "model": "map_editor.point", "fields": {"floor": 17, "label": 6, "col": 4, "description": null, "row": 8}}, {"pk": 681, "model": "map_editor.point", "fields": {"floor": 17, "label": 6, "col": 5, "description": null, "row": 8}}, {"pk": 682, "model": "map_editor.point", "fields": {"floor": 17, "label": 6, "col": 6, "description": null, "row": 8}}, {"pk": 683, "model": "map_editor.point", "fields": {"floor": 17, "label": 6, "col": 7, "description": null, "row": 8}}, {"pk": 684, "model": "map_editor.point", "fields": {"floor": 17, "label": 6, "col": 8, "description": null, "row": 8}}, {"pk": 685, "model": "map_editor.point", "fields": {"floor": 17, "label": 6, "col": 9, "description": null, "row": 8}}, {"pk": 686, "model": "map_editor.point", "fields": {"floor": 17, "label": 6, "col": 9, "description": null, "row": 7}}, {"pk": 687, "model": "map_editor.point", "fields": {"floor": 17, "label": 6, "col": 10, "description": null, "row": 7}}, {"pk": 688, "model": "map_editor.point", "fields": {"floor": 17, "label": 6, "col": 11, "description": null, "row": 7}}, {"pk": 689, "model": "map_editor.point", "fields": {"floor": 17, "label": 6, "col": 12, "description": null, "row": 7}}, {"pk": 690, "model": "map_editor.point", "fields": {"floor": 17, "label": 6, "col": 13, "description": null, "row": 7}}, {"pk": 691, "model": "map_editor.point", "fields": {"floor": 17, "label": 6, "col": 14, "description": null, "row": 7}}, {"pk": 692, "model": "map_editor.point", "fields": {"floor": 17, "label": 6, "col": 14, "description": null, "row": 6}}, {"pk": 693, "model": "map_editor.point", "fields": {"floor": 17, "label": 6, "col": 15, "description": null, "row": 6}}, {"pk": 694, "model": "map_editor.point", "fields": {"floor": 17, "label": 6, "col": 16, "description": null, "row": 6}}, {"pk": 695, "model": "map_editor.point", "fields": {"floor": 17, "label": 6, "col": 17, "description": null, "row": 6}}, {"pk": 696, "model": "map_editor.point", "fields": {"floor": 17, "label": 6, "col": 18, "description": null, "row": 6}}, {"pk": 697, "model": "map_editor.point", "fields": {"floor": 17, "label": 6, "col": 19, "description": null, "row": 6}}, {"pk": 698, "model": "map_editor.point", "fields": {"floor": 17, "label": 6, "col": 19, "description": null, "row": 5}}, {"pk": 699, "model": "map_editor.point", "fields": {"floor": 17, "label": 6, "col": 20, "description": null, "row": 5}}, {"pk": 700, "model": "map_editor.point", "fields": {"floor": 17, "label": 6, "col": 21, "description": null, "row": 5}}, {"pk": 701, "model": "map_editor.point", "fields": {"floor": 17, "label": 6, "col": 22, "description": null, "row": 5}}, {"pk": 702, "model": "map_editor.point", "fields": {"floor": 17, "label": 6, "col": 32, "description": null, "row": 5}}, {"pk": 703, "model": "map_editor.point", "fields": {"floor": 17, "label": 6, "col": 33, "description": null, "row": 5}}, {"pk": 704, "model": "map_editor.point", "fields": {"floor": 17, "label": 6, "col": 34, "description": null, "row": 5}}, {"pk": 705, "model": "map_editor.point", "fields": {"floor": 17, "label": 6, "col": 35, "description": null, "row": 5}}, {"pk": 706, "model": "map_editor.point", "fields": {"floor": 17, "label": 6, "col": 36, "description": null, "row": 5}}, {"pk": 707, "model": "map_editor.point", "fields": {"floor": 17, "label": 6, "col": 37, "description": null, "row": 5}}, {"pk": 708, "model": "map_editor.point", "fields": {"floor": 17, "label": 6, "col": 38, "description": null, "row": 5}}, {"pk": 709, "model": "map_editor.point", "fields": {"floor": 17, "label": 6, "col": 39, "description": null, "row": 5}}, {"pk": 710, "model": "map_editor.point", "fields": {"floor": 17, "label": 6, "col": 40, "description": null, "row": 5}}, {"pk": 711, "model": "map_editor.point", "fields": {"floor": 17, "label": 6, "col": 41, "description": null, "row": 5}}, {"pk": 712, "model": "map_editor.point", "fields": {"floor": 17, "label": 6, "col": 42, "description": null, "row": 5}}, {"pk": 713, "model": "map_editor.point", "fields": {"floor": 17, "label": 6, "col": 43, "description": null, "row": 5}}, {"pk": 714, "model": "map_editor.point", "fields": {"floor": 17, "label": 6, "col": 44, "description": null, "row": 5}}, {"pk": 715, "model": "map_editor.point", "fields": {"floor": 17, "label": 6, "col": 45, "description": null, "row": 5}}, {"pk": 716, "model": "map_editor.point", "fields": {"floor": 17, "label": 6, "col": 46, "description": null, "row": 5}}, {"pk": 717, "model": "map_editor.point", "fields": {"floor": 17, "label": 6, "col": 47, "description": null, "row": 5}}, {"pk": 718, "model": "map_editor.point", "fields": {"floor": 17, "label": 6, "col": 48, "description": null, "row": 5}}, {"pk": 719, "model": "map_editor.point", "fields": {"floor": 17, "label": 6, "col": 49, "description": null, "row": 5}}, {"pk": 720, "model": "map_editor.point", "fields": {"floor": 17, "label": 6, "col": 50, "description": null, "row": 5}}, {"pk": 721, "model": "map_editor.point", "fields": {"floor": 17, "label": 6, "col": 51, "description": null, "row": 5}}, {"pk": 722, "model": "map_editor.point", "fields": {"floor": 17, "label": 6, "col": 52, "description": null, "row": 5}}, {"pk": 723, "model": "map_editor.point", "fields": {"floor": 17, "label": 6, "col": 53, "description": null, "row": 5}}, {"pk": 724, "model": "map_editor.point", "fields": {"floor": 17, "label": 6, "col": 54, "description": null, "row": 5}}, {"pk": 725, "model": "map_editor.point", "fields": {"floor": 17, "label": 6, "col": 55, "description": null, "row": 5}}, {"pk": 726, "model": "map_editor.point", "fields": {"floor": 17, "label": 6, "col": 56, "description": null, "row": 5}}, {"pk": 727, "model": "map_editor.point", "fields": {"floor": 17, "label": 6, "col": 57, "description": null, "row": 5}}, {"pk": 728, "model": "map_editor.point", "fields": {"floor": 17, "label": 6, "col": 58, "description": null, "row": 5}}, {"pk": 729, "model": "map_editor.point", "fields": {"floor": 17, "label": 6, "col": 59, "description": null, "row": 5}}, {"pk": 730, "model": "map_editor.point", "fields": {"floor": 17, "label": 6, "col": 60, "description": null, "row": 5}}, {"pk": 731, "model": "map_editor.point", "fields": {"floor": 17, "label": 6, "col": 61, "description": null, "row": 5}}, {"pk": 732, "model": "map_editor.point", "fields": {"floor": 17, "label": 6, "col": 62, "description": null, "row": 5}}, {"pk": 733, "model": "map_editor.point", "fields": {"floor": 17, "label": 6, "col": 63, "description": null, "row": 5}}, {"pk": 734, "model": "map_editor.point", "fields": {"floor": 17, "label": 6, "col": 64, "description": null, "row": 5}}, {"pk": 735, "model": "map_editor.point", "fields": {"floor": 17, "label": 6, "col": 65, "description": null, "row": 5}}, {"pk": 736, "model": "map_editor.point", "fields": {"floor": 17, "label": 6, "col": 66, "description": null, "row": 5}}, {"pk": 737, "model": "map_editor.point", "fields": {"floor": 17, "label": 6, "col": 67, "description": null, "row": 5}}, {"pk": 738, "model": "map_editor.point", "fields": {"floor": 17, "label": 6, "col": 68, "description": null, "row": 5}}, {"pk": 739, "model": "map_editor.point", "fields": {"floor": 17, "label": 6, "col": 69, "description": null, "row": 5}}, {"pk": 740, "model": "map_editor.point", "fields": {"floor": 17, "label": 6, "col": 70, "description": null, "row": 5}}, {"pk": 741, "model": "map_editor.point", "fields": {"floor": 17, "label": 6, "col": 71, "description": null, "row": 5}}, {"pk": 742, "model": "map_editor.point", "fields": {"floor": 17, "label": 6, "col": 72, "description": null, "row": 5}}, {"pk": 743, "model": "map_editor.point", "fields": {"floor": 17, "label": 6, "col": 73, "description": null, "row": 5}}, {"pk": 744, "model": "map_editor.point", "fields": {"floor": 17, "label": 6, "col": 74, "description": null, "row": 5}}, {"pk": 745, "model": "map_editor.point", "fields": {"floor": 17, "label": 6, "col": 75, "description": null, "row": 5}}, {"pk": 746, "model": "map_editor.point", "fields": {"floor": 17, "label": 6, "col": 76, "description": null, "row": 5}}, {"pk": 747, "model": "map_editor.point", "fields": {"floor": 17, "label": 6, "col": 77, "description": null, "row": 5}}, {"pk": 748, "model": "map_editor.point", "fields": {"floor": 17, "label": 6, "col": 78, "description": null, "row": 5}}, {"pk": 749, "model": "map_editor.point", "fields": {"floor": 17, "label": 6, "col": 79, "description": null, "row": 5}}, {"pk": 750, "model": "map_editor.point", "fields": {"floor": 17, "label": 6, "col": 80, "description": null, "row": 5}}, {"pk": 751, "model": "map_editor.point", "fields": {"floor": 17, "label": 6, "col": 81, "description": null, "row": 5}}, {"pk": 752, "model": "map_editor.point", "fields": {"floor": 17, "label": 6, "col": 82, "description": null, "row": 5}}, {"pk": 753, "model": "map_editor.point", "fields": {"floor": 17, "label": 6, "col": 83, "description": null, "row": 5}}, {"pk": 754, "model": "map_editor.point", "fields": {"floor": 17, "label": 6, "col": 84, "description": null, "row": 5}}, {"pk": 755, "model": "map_editor.point", "fields": {"floor": 17, "label": 6, "col": 85, "description": null, "row": 5}}, {"pk": 756, "model": "map_editor.point", "fields": {"floor": 17, "label": 6, "col": 86, "description": null, "row": 5}}, {"pk": 757, "model": "map_editor.point", "fields": {"floor": 17, "label": 6, "col": 22, "description": null, "row": 4}}, {"pk": 758, "model": "map_editor.point", "fields": {"floor": 17, "label": 6, "col": 23, "description": null, "row": 4}}, {"pk": 759, "model": "map_editor.point", "fields": {"floor": 17, "label": 6, "col": 24, "description": null, "row": 4}}, {"pk": 760, "model": "map_editor.point", "fields": {"floor": 17, "label": 6, "col": 25, "description": null, "row": 4}}, {"pk": 761, "model": "map_editor.point", "fields": {"floor": 17, "label": 6, "col": 26, "description": null, "row": 4}}, {"pk": 762, "model": "map_editor.point", "fields": {"floor": 17, "label": 6, "col": 27, "description": null, "row": 4}}, {"pk": 763, "model": "map_editor.point", "fields": {"floor": 17, "label": 6, "col": 28, "description": null, "row": 4}}, {"pk": 764, "model": "map_editor.point", "fields": {"floor": 17, "label": 6, "col": 30, "description": null, "row": 4}}, {"pk": 765, "model": "map_editor.point", "fields": {"floor": 17, "label": 6, "col": 31, "description": null, "row": 4}}, {"pk": 766, "model": "map_editor.point", "fields": {"floor": 17, "label": 6, "col": 32, "description": null, "row": 4}}, {"pk": 767, "model": "map_editor.point", "fields": {"floor": 17, "label": 6, "col": 86, "description": null, "row": 4}}, {"pk": 768, "model": "map_editor.point", "fields": {"floor": 17, "label": 6, "col": 28, "description": null, "row": 3}}, {"pk": 769, "model": "map_editor.point", "fields": {"floor": 17, "label": 6, "col": 29, "description": null, "row": 3}}, {"pk": 770, "model": "map_editor.point", "fields": {"floor": 17, "label": 6, "col": 30, "description": null, "row": 3}}, {"pk": 771, "model": "map_editor.point", "fields": {"floor": 17, "label": 6, "col": 31, "description": null, "row": 3}}, {"pk": 772, "model": "map_editor.point", "fields": {"floor": 17, "label": 6, "col": 32, "description": null, "row": 3}}, {"pk": 773, "model": "map_editor.point", "fields": {"floor": 17, "label": 6, "col": 33, "description": null, "row": 3}}, {"pk": 774, "model": "map_editor.point", "fields": {"floor": 17, "label": 6, "col": 86, "description": null, "row": 3}}, {"pk": 775, "model": "map_editor.point", "fields": {"floor": 17, "label": 6, "col": 33, "description": null, "row": 2}}, {"pk": 776, "model": "map_editor.point", "fields": {"floor": 17, "label": 6, "col": 34, "description": null, "row": 2}}, {"pk": 777, "model": "map_editor.point", "fields": {"floor": 17, "label": 6, "col": 35, "description": null, "row": 2}}, {"pk": 778, "model": "map_editor.point", "fields": {"floor": 17, "label": 6, "col": 36, "description": null, "row": 2}}, {"pk": 779, "model": "map_editor.point", "fields": {"floor": 17, "label": 6, "col": 37, "description": null, "row": 2}}, {"pk": 780, "model": "map_editor.point", "fields": {"floor": 17, "label": 6, "col": 38, "description": null, "row": 2}}, {"pk": 781, "model": "map_editor.point", "fields": {"floor": 17, "label": 6, "col": 86, "description": null, "row": 2}}, {"pk": 782, "model": "map_editor.point", "fields": {"floor": 17, "label": 6, "col": 38, "description": null, "row": 1}}, {"pk": 783, "model": "map_editor.point", "fields": {"floor": 17, "label": 6, "col": 39, "description": null, "row": 1}}, {"pk": 784, "model": "map_editor.point", "fields": {"floor": 17, "label": 6, "col": 40, "description": null, "row": 1}}, {"pk": 785, "model": "map_editor.point", "fields": {"floor": 17, "label": 6, "col": 41, "description": null, "row": 1}}, {"pk": 786, "model": "map_editor.point", "fields": {"floor": 17, "label": 6, "col": 42, "description": null, "row": 1}}, {"pk": 787, "model": "map_editor.point", "fields": {"floor": 17, "label": 6, "col": 86, "description": null, "row": 1}}, {"pk": 788, "model": "map_editor.point", "fields": {"floor": 17, "label": 6, "col": 42, "description": null, "row": 0}}, {"pk": 789, "model": "map_editor.point", "fields": {"floor": 17, "label": 6, "col": 43, "description": null, "row": 0}}, {"pk": 790, "model": "map_editor.point", "fields": {"floor": 17, "label": 6, "col": 44, "description": null, "row": 0}}, {"pk": 791, "model": "map_editor.point", "fields": {"floor": 17, "label": 6, "col": 45, "description": null, "row": 0}}, {"pk": 792, "model": "map_editor.point", "fields": {"floor": 17, "label": 6, "col": 46, "description": null, "row": 0}}, {"pk": 793, "model": "map_editor.point", "fields": {"floor": 17, "label": 6, "col": 47, "description": null, "row": 0}}, {"pk": 794, "model": "map_editor.point", "fields": {"floor": 17, "label": 6, "col": 48, "description": null, "row": 0}}, {"pk": 795, "model": "map_editor.point", "fields": {"floor": 17, "label": 6, "col": 86, "description": null, "row": 0}}, {"pk": 796, "model": "map_editor.point", "fields": {"floor": 17, "label": 6, "col": 23, "description": null, "row": 63}}, {"pk": 797, "model": "map_editor.point", "fields": {"floor": 17, "label": 6, "col": 24, "description": null, "row": 63}}, {"pk": 798, "model": "map_editor.point", "fields": {"floor": 17, "label": 6, "col": 25, "description": null, "row": 63}}, {"pk": 799, "model": "map_editor.point", "fields": {"floor": 17, "label": 6, "col": 26, "description": null, "row": 63}}, {"pk": 800, "model": "map_editor.point", "fields": {"floor": 17, "label": 6, "col": 24, "description": null, "row": 62}}, {"pk": 801, "model": "map_editor.point", "fields": {"floor": 17, "label": 6, "col": 25, "description": null, "row": 62}}, {"pk": 802, "model": "map_editor.point", "fields": {"floor": 17, "label": 6, "col": 26, "description": null, "row": 62}}, {"pk": 803, "model": "map_editor.point", "fields": {"floor": 17, "label": 6, "col": 27, "description": null, "row": 62}}, {"pk": 804, "model": "map_editor.point", "fields": {"floor": 17, "label": 6, "col": 28, "description": null, "row": 62}}, {"pk": 805, "model": "map_editor.point", "fields": {"floor": 17, "label": 6, "col": 29, "description": null, "row": 62}}, {"pk": 806, "model": "map_editor.point", "fields": {"floor": 17, "label": 6, "col": 30, "description": null, "row": 62}}, {"pk": 807, "model": "map_editor.point", "fields": {"floor": 17, "label": 6, "col": 31, "description": null, "row": 62}}, {"pk": 808, "model": "map_editor.point", "fields": {"floor": 17, "label": 6, "col": 32, "description": null, "row": 62}}, {"pk": 809, "model": "map_editor.point", "fields": {"floor": 17, "label": 6, "col": 33, "description": null, "row": 62}}, {"pk": 810, "model": "map_editor.point", "fields": {"floor": 17, "label": 6, "col": 34, "description": null, "row": 62}}, {"pk": 811, "model": "map_editor.point", "fields": {"floor": 17, "label": 6, "col": 35, "description": null, "row": 62}}, {"pk": 812, "model": "map_editor.point", "fields": {"floor": 17, "label": 6, "col": 36, "description": null, "row": 62}}, {"pk": 813, "model": "map_editor.point", "fields": {"floor": 17, "label": 6, "col": 37, "description": null, "row": 62}}, {"pk": 814, "model": "map_editor.point", "fields": {"floor": 17, "label": 6, "col": 38, "description": null, "row": 62}}, {"pk": 815, "model": "map_editor.point", "fields": {"floor": 17, "label": 6, "col": 39, "description": null, "row": 62}}, {"pk": 816, "model": "map_editor.point", "fields": {"floor": 17, "label": 6, "col": 40, "description": null, "row": 62}}, {"pk": 817, "model": "map_editor.point", "fields": {"floor": 17, "label": 6, "col": 41, "description": null, "row": 62}}, {"pk": 818, "model": "map_editor.point", "fields": {"floor": 17, "label": 6, "col": 42, "description": null, "row": 62}}, {"pk": 819, "model": "map_editor.point", "fields": {"floor": 17, "label": 6, "col": 43, "description": null, "row": 62}}, {"pk": 820, "model": "map_editor.point", "fields": {"floor": 17, "label": 6, "col": 44, "description": null, "row": 62}}, {"pk": 821, "model": "map_editor.point", "fields": {"floor": 17, "label": 6, "col": 45, "description": null, "row": 62}}, {"pk": 822, "model": "map_editor.point", "fields": {"floor": 17, "label": 6, "col": 46, "description": null, "row": 62}}, {"pk": 823, "model": "map_editor.point", "fields": {"floor": 17, "label": 6, "col": 47, "description": null, "row": 62}}, {"pk": 824, "model": "map_editor.point", "fields": {"floor": 17, "label": 6, "col": 48, "description": null, "row": 62}}, {"pk": 825, "model": "map_editor.point", "fields": {"floor": 17, "label": 6, "col": 49, "description": null, "row": 62}}, {"pk": 826, "model": "map_editor.point", "fields": {"floor": 17, "label": 6, "col": 50, "description": null, "row": 62}}, {"pk": 827, "model": "map_editor.point", "fields": {"floor": 17, "label": 6, "col": 51, "description": null, "row": 62}}, {"pk": 828, "model": "map_editor.point", "fields": {"floor": 17, "label": 6, "col": 52, "description": null, "row": 62}}, {"pk": 829, "model": "map_editor.point", "fields": {"floor": 17, "label": 6, "col": 53, "description": null, "row": 62}}, {"pk": 830, "model": "map_editor.point", "fields": {"floor": 17, "label": 6, "col": 54, "description": null, "row": 62}}, {"pk": 831, "model": "map_editor.point", "fields": {"floor": 17, "label": 6, "col": 55, "description": null, "row": 62}}, {"pk": 832, "model": "map_editor.point", "fields": {"floor": 17, "label": 6, "col": 57, "description": null, "row": 62}}, {"pk": 833, "model": "map_editor.point", "fields": {"floor": 17, "label": 6, "col": 58, "description": null, "row": 62}}, {"pk": 834, "model": "map_editor.point", "fields": {"floor": 17, "label": 6, "col": 59, "description": null, "row": 62}}, {"pk": 835, "model": "map_editor.point", "fields": {"floor": 17, "label": 6, "col": 60, "description": null, "row": 62}}, {"pk": 836, "model": "map_editor.point", "fields": {"floor": 17, "label": 6, "col": 61, "description": null, "row": 62}}, {"pk": 837, "model": "map_editor.point", "fields": {"floor": 17, "label": 6, "col": 62, "description": null, "row": 62}}, {"pk": 838, "model": "map_editor.point", "fields": {"floor": 17, "label": 6, "col": 63, "description": null, "row": 62}}, {"pk": 839, "model": "map_editor.point", "fields": {"floor": 17, "label": 6, "col": 64, "description": null, "row": 62}}, {"pk": 840, "model": "map_editor.point", "fields": {"floor": 17, "label": 6, "col": 65, "description": null, "row": 62}}, {"pk": 841, "model": "map_editor.point", "fields": {"floor": 17, "label": 6, "col": 66, "description": null, "row": 62}}, {"pk": 842, "model": "map_editor.point", "fields": {"floor": 17, "label": 6, "col": 67, "description": null, "row": 62}}, {"pk": 843, "model": "map_editor.point", "fields": {"floor": 17, "label": 6, "col": 68, "description": null, "row": 62}}, {"pk": 844, "model": "map_editor.point", "fields": {"floor": 17, "label": 6, "col": 69, "description": null, "row": 62}}, {"pk": 845, "model": "map_editor.point", "fields": {"floor": 17, "label": 6, "col": 70, "description": null, "row": 62}}, {"pk": 846, "model": "map_editor.point", "fields": {"floor": 17, "label": 6, "col": 71, "description": null, "row": 62}}, {"pk": 847, "model": "map_editor.point", "fields": {"floor": 17, "label": 6, "col": 72, "description": null, "row": 62}}, {"pk": 848, "model": "map_editor.point", "fields": {"floor": 17, "label": 6, "col": 73, "description": null, "row": 62}}, {"pk": 849, "model": "map_editor.point", "fields": {"floor": 17, "label": 6, "col": 74, "description": null, "row": 62}}, {"pk": 850, "model": "map_editor.point", "fields": {"floor": 17, "label": 6, "col": 75, "description": null, "row": 62}}, {"pk": 851, "model": "map_editor.point", "fields": {"floor": 17, "label": 6, "col": 76, "description": null, "row": 62}}, {"pk": 852, "model": "map_editor.point", "fields": {"floor": 17, "label": 6, "col": 77, "description": null, "row": 62}}, {"pk": 853, "model": "map_editor.point", "fields": {"floor": 17, "label": 6, "col": 78, "description": null, "row": 62}}, {"pk": 854, "model": "map_editor.point", "fields": {"floor": 17, "label": 6, "col": 79, "description": null, "row": 62}}, {"pk": 855, "model": "map_editor.point", "fields": {"floor": 17, "label": 6, "col": 80, "description": null, "row": 62}}, {"pk": 856, "model": "map_editor.point", "fields": {"floor": 17, "label": 6, "col": 81, "description": null, "row": 62}}, {"pk": 857, "model": "map_editor.point", "fields": {"floor": 17, "label": 6, "col": 82, "description": null, "row": 62}}, {"pk": 858, "model": "map_editor.point", "fields": {"floor": 17, "label": 6, "col": 83, "description": null, "row": 62}}, {"pk": 859, "model": "map_editor.point", "fields": {"floor": 17, "label": 6, "col": 84, "description": null, "row": 62}}, {"pk": 860, "model": "map_editor.point", "fields": {"floor": 17, "label": 6, "col": 85, "description": null, "row": 62}}, {"pk": 861, "model": "map_editor.point", "fields": {"floor": 17, "label": 6, "col": 86, "description": null, "row": 62}}, {"pk": 862, "model": "map_editor.point", "fields": {"floor": 17, "label": 6, "col": 87, "description": null, "row": 62}}, {"pk": 863, "model": "map_editor.point", "fields": {"floor": 17, "label": 6, "col": 88, "description": null, "row": 62}}, {"pk": 864, "model": "map_editor.point", "fields": {"floor": 17, "label": 6, "col": 89, "description": null, "row": 62}}, {"pk": 865, "model": "map_editor.point", "fields": {"floor": 17, "label": 6, "col": 90, "description": null, "row": 62}}, {"pk": 866, "model": "map_editor.point", "fields": {"floor": 17, "label": 6, "col": 91, "description": null, "row": 62}}, {"pk": 867, "model": "map_editor.point", "fields": {"floor": 17, "label": 6, "col": 92, "description": null, "row": 62}}, {"pk": 868, "model": "map_editor.point", "fields": {"floor": 17, "label": 6, "col": 93, "description": null, "row": 62}}, {"pk": 869, "model": "map_editor.point", "fields": {"floor": 17, "label": 6, "col": 94, "description": null, "row": 62}}, {"pk": 870, "model": "map_editor.point", "fields": {"floor": 17, "label": 6, "col": 95, "description": null, "row": 62}}, {"pk": 871, "model": "map_editor.point", "fields": {"floor": 17, "label": 6, "col": 96, "description": null, "row": 62}}, {"pk": 872, "model": "map_editor.point", "fields": {"floor": 17, "label": 6, "col": 97, "description": null, "row": 62}}, {"pk": 873, "model": "map_editor.point", "fields": {"floor": 17, "label": 6, "col": 98, "description": null, "row": 62}}, {"pk": 874, "model": "map_editor.point", "fields": {"floor": 17, "label": 6, "col": 99, "description": null, "row": 62}}, {"pk": 875, "model": "map_editor.point", "fields": {"floor": 17, "label": 6, "col": 100, "description": null, "row": 62}}, {"pk": 876, "model": "map_editor.point", "fields": {"floor": 17, "label": 6, "col": 101, "description": null, "row": 62}}, {"pk": 877, "model": "map_editor.point", "fields": {"floor": 17, "label": 6, "col": 102, "description": null, "row": 62}}, {"pk": 878, "model": "map_editor.point", "fields": {"floor": 17, "label": 6, "col": 103, "description": null, "row": 62}}, {"pk": 879, "model": "map_editor.point", "fields": {"floor": 17, "label": 6, "col": 104, "description": null, "row": 62}}, {"pk": 880, "model": "map_editor.point", "fields": {"floor": 17, "label": 6, "col": 105, "description": null, "row": 62}}, {"pk": 881, "model": "map_editor.point", "fields": {"floor": 17, "label": 6, "col": 23, "description": null, "row": 61}}, {"pk": 882, "model": "map_editor.point", "fields": {"floor": 17, "label": 6, "col": 24, "description": null, "row": 61}}, {"pk": 883, "model": "map_editor.point", "fields": {"floor": 17, "label": 6, "col": 25, "description": null, "row": 61}}, {"pk": 884, "model": "map_editor.point", "fields": {"floor": 17, "label": 6, "col": 26, "description": null, "row": 61}}, {"pk": 885, "model": "map_editor.point", "fields": {"floor": 17, "label": 6, "col": 27, "description": null, "row": 61}}, {"pk": 886, "model": "map_editor.point", "fields": {"floor": 17, "label": 6, "col": 28, "description": null, "row": 61}}, {"pk": 887, "model": "map_editor.point", "fields": {"floor": 17, "label": 6, "col": 29, "description": null, "row": 61}}, {"pk": 888, "model": "map_editor.point", "fields": {"floor": 17, "label": 6, "col": 30, "description": null, "row": 61}}, {"pk": 889, "model": "map_editor.point", "fields": {"floor": 17, "label": 6, "col": 31, "description": null, "row": 61}}, {"pk": 891, "model": "map_editor.point", "fields": {"floor": 17, "label": 6, "col": 33, "description": null, "row": 61}}, {"pk": 892, "model": "map_editor.point", "fields": {"floor": 17, "label": 6, "col": 34, "description": null, "row": 61}}, {"pk": 893, "model": "map_editor.point", "fields": {"floor": 17, "label": 6, "col": 35, "description": null, "row": 61}}, {"pk": 894, "model": "map_editor.point", "fields": {"floor": 17, "label": 6, "col": 36, "description": null, "row": 61}}, {"pk": 895, "model": "map_editor.point", "fields": {"floor": 17, "label": 6, "col": 37, "description": null, "row": 61}}, {"pk": 896, "model": "map_editor.point", "fields": {"floor": 17, "label": 6, "col": 38, "description": null, "row": 61}}, {"pk": 897, "model": "map_editor.point", "fields": {"floor": 17, "label": 6, "col": 39, "description": null, "row": 61}}, {"pk": 898, "model": "map_editor.point", "fields": {"floor": 17, "label": 6, "col": 40, "description": null, "row": 61}}, {"pk": 899, "model": "map_editor.point", "fields": {"floor": 17, "label": 6, "col": 41, "description": null, "row": 61}}, {"pk": 900, "model": "map_editor.point", "fields": {"floor": 17, "label": 6, "col": 42, "description": null, "row": 61}}, {"pk": 901, "model": "map_editor.point", "fields": {"floor": 17, "label": 6, "col": 43, "description": null, "row": 61}}, {"pk": 902, "model": "map_editor.point", "fields": {"floor": 17, "label": 6, "col": 44, "description": null, "row": 61}}, {"pk": 903, "model": "map_editor.point", "fields": {"floor": 17, "label": 6, "col": 45, "description": null, "row": 61}}, {"pk": 908, "model": "map_editor.point", "fields": {"floor": 17, "label": 6, "col": 50, "description": null, "row": 61}}, {"pk": 909, "model": "map_editor.point", "fields": {"floor": 17, "label": 6, "col": 51, "description": null, "row": 61}}, {"pk": 910, "model": "map_editor.point", "fields": {"floor": 17, "label": 6, "col": 52, "description": null, "row": 61}}, {"pk": 911, "model": "map_editor.point", "fields": {"floor": 17, "label": 6, "col": 53, "description": null, "row": 61}}, {"pk": 912, "model": "map_editor.point", "fields": {"floor": 17, "label": 6, "col": 54, "description": null, "row": 61}}, {"pk": 913, "model": "map_editor.point", "fields": {"floor": 17, "label": 6, "col": 55, "description": null, "row": 61}}, {"pk": 914, "model": "map_editor.point", "fields": {"floor": 17, "label": 6, "col": 57, "description": null, "row": 61}}, {"pk": 915, "model": "map_editor.point", "fields": {"floor": 17, "label": 6, "col": 58, "description": null, "row": 61}}, {"pk": 916, "model": "map_editor.point", "fields": {"floor": 17, "label": 6, "col": 59, "description": null, "row": 61}}, {"pk": 917, "model": "map_editor.point", "fields": {"floor": 17, "label": 6, "col": 60, "description": null, "row": 61}}, {"pk": 918, "model": "map_editor.point", "fields": {"floor": 17, "label": 6, "col": 61, "description": null, "row": 61}}, {"pk": 919, "model": "map_editor.point", "fields": {"floor": 17, "label": 6, "col": 62, "description": null, "row": 61}}, {"pk": 920, "model": "map_editor.point", "fields": {"floor": 17, "label": 6, "col": 63, "description": null, "row": 61}}, {"pk": 921, "model": "map_editor.point", "fields": {"floor": 17, "label": 6, "col": 64, "description": null, "row": 61}}, {"pk": 922, "model": "map_editor.point", "fields": {"floor": 17, "label": 6, "col": 65, "description": null, "row": 61}}, {"pk": 927, "model": "map_editor.point", "fields": {"floor": 17, "label": 6, "col": 70, "description": null, "row": 61}}, {"pk": 928, "model": "map_editor.point", "fields": {"floor": 17, "label": 6, "col": 71, "description": null, "row": 61}}, {"pk": 929, "model": "map_editor.point", "fields": {"floor": 17, "label": 6, "col": 72, "description": null, "row": 61}}, {"pk": 930, "model": "map_editor.point", "fields": {"floor": 17, "label": 6, "col": 73, "description": null, "row": 61}}, {"pk": 931, "model": "map_editor.point", "fields": {"floor": 17, "label": 6, "col": 74, "description": null, "row": 61}}, {"pk": 932, "model": "map_editor.point", "fields": {"floor": 17, "label": 6, "col": 75, "description": null, "row": 61}}, {"pk": 933, "model": "map_editor.point", "fields": {"floor": 17, "label": 6, "col": 76, "description": null, "row": 61}}, {"pk": 934, "model": "map_editor.point", "fields": {"floor": 17, "label": 6, "col": 77, "description": null, "row": 61}}, {"pk": 935, "model": "map_editor.point", "fields": {"floor": 17, "label": 6, "col": 78, "description": null, "row": 61}}, {"pk": 936, "model": "map_editor.point", "fields": {"floor": 17, "label": 6, "col": 79, "description": null, "row": 61}}, {"pk": 937, "model": "map_editor.point", "fields": {"floor": 17, "label": 6, "col": 80, "description": null, "row": 61}}, {"pk": 938, "model": "map_editor.point", "fields": {"floor": 17, "label": 6, "col": 81, "description": null, "row": 61}}, {"pk": 939, "model": "map_editor.point", "fields": {"floor": 17, "label": 6, "col": 82, "description": null, "row": 61}}, {"pk": 940, "model": "map_editor.point", "fields": {"floor": 17, "label": 6, "col": 83, "description": null, "row": 61}}, {"pk": 941, "model": "map_editor.point", "fields": {"floor": 17, "label": 6, "col": 84, "description": null, "row": 61}}, {"pk": 942, "model": "map_editor.point", "fields": {"floor": 17, "label": 6, "col": 85, "description": null, "row": 61}}, {"pk": 943, "model": "map_editor.point", "fields": {"floor": 17, "label": 6, "col": 86, "description": null, "row": 61}}, {"pk": 944, "model": "map_editor.point", "fields": {"floor": 17, "label": 6, "col": 87, "description": null, "row": 61}}, {"pk": 945, "model": "map_editor.point", "fields": {"floor": 17, "label": 6, "col": 88, "description": null, "row": 61}}, {"pk": 946, "model": "map_editor.point", "fields": {"floor": 17, "label": 6, "col": 89, "description": null, "row": 61}}, {"pk": 947, "model": "map_editor.point", "fields": {"floor": 17, "label": 6, "col": 90, "description": null, "row": 61}}, {"pk": 948, "model": "map_editor.point", "fields": {"floor": 17, "label": 6, "col": 91, "description": null, "row": 61}}, {"pk": 949, "model": "map_editor.point", "fields": {"floor": 17, "label": 6, "col": 92, "description": null, "row": 61}}, {"pk": 950, "model": "map_editor.point", "fields": {"floor": 17, "label": 6, "col": 93, "description": null, "row": 61}}, {"pk": 951, "model": "map_editor.point", "fields": {"floor": 17, "label": 6, "col": 94, "description": null, "row": 61}}, {"pk": 952, "model": "map_editor.point", "fields": {"floor": 17, "label": 6, "col": 95, "description": null, "row": 61}}, {"pk": 953, "model": "map_editor.point", "fields": {"floor": 17, "label": 6, "col": 96, "description": null, "row": 61}}, {"pk": 954, "model": "map_editor.point", "fields": {"floor": 17, "label": 6, "col": 97, "description": null, "row": 61}}, {"pk": 955, "model": "map_editor.point", "fields": {"floor": 17, "label": 6, "col": 98, "description": null, "row": 61}}, {"pk": 956, "model": "map_editor.point", "fields": {"floor": 17, "label": 6, "col": 99, "description": null, "row": 61}}, {"pk": 957, "model": "map_editor.point", "fields": {"floor": 17, "label": 6, "col": 100, "description": null, "row": 61}}, {"pk": 958, "model": "map_editor.point", "fields": {"floor": 17, "label": 6, "col": 101, "description": null, "row": 61}}, {"pk": 959, "model": "map_editor.point", "fields": {"floor": 17, "label": 6, "col": 102, "description": null, "row": 61}}, {"pk": 960, "model": "map_editor.point", "fields": {"floor": 17, "label": 6, "col": 103, "description": null, "row": 61}}, {"pk": 961, "model": "map_editor.point", "fields": {"floor": 17, "label": 6, "col": 104, "description": null, "row": 61}}, {"pk": 962, "model": "map_editor.point", "fields": {"floor": 17, "label": 6, "col": 105, "description": null, "row": 61}}, {"pk": 963, "model": "map_editor.point", "fields": {"floor": 17, "label": 6, "col": 106, "description": null, "row": 61}}, {"pk": 964, "model": "map_editor.point", "fields": {"floor": 17, "label": 6, "col": 23, "description": null, "row": 60}}, {"pk": 967, "model": "map_editor.point", "fields": {"floor": 17, "label": 6, "col": 104, "description": null, "row": 60}}, {"pk": 968, "model": "map_editor.point", "fields": {"floor": 17, "label": 6, "col": 105, "description": null, "row": 60}}, {"pk": 969, "model": "map_editor.point", "fields": {"floor": 17, "label": 6, "col": 106, "description": null, "row": 60}}, {"pk": 970, "model": "map_editor.point", "fields": {"floor": 17, "label": 6, "col": 107, "description": null, "row": 60}}, {"pk": 971, "model": "map_editor.point", "fields": {"floor": 17, "label": 6, "col": 23, "description": null, "row": 59}}, {"pk": 972, "model": "map_editor.point", "fields": {"floor": 17, "label": 6, "col": 105, "description": null, "row": 59}}, {"pk": 973, "model": "map_editor.point", "fields": {"floor": 17, "label": 6, "col": 106, "description": null, "row": 59}}, {"pk": 974, "model": "map_editor.point", "fields": {"floor": 17, "label": 6, "col": 107, "description": null, "row": 59}}, {"pk": 975, "model": "map_editor.point", "fields": {"floor": 17, "label": 6, "col": 108, "description": null, "row": 59}}, {"pk": 976, "model": "map_editor.point", "fields": {"floor": 17, "label": 6, "col": 23, "description": null, "row": 58}}, {"pk": 977, "model": "map_editor.point", "fields": {"floor": 17, "label": 6, "col": 106, "description": null, "row": 58}}, {"pk": 978, "model": "map_editor.point", "fields": {"floor": 17, "label": 6, "col": 107, "description": null, "row": 58}}, {"pk": 979, "model": "map_editor.point", "fields": {"floor": 17, "label": 6, "col": 108, "description": null, "row": 58}}, {"pk": 980, "model": "map_editor.point", "fields": {"floor": 17, "label": 6, "col": 109, "description": null, "row": 58}}, {"pk": 981, "model": "map_editor.point", "fields": {"floor": 17, "label": 6, "col": 23, "description": null, "row": 57}}, {"pk": 982, "model": "map_editor.point", "fields": {"floor": 17, "label": 6, "col": 106, "description": null, "row": 57}}, {"pk": 983, "model": "map_editor.point", "fields": {"floor": 17, "label": 6, "col": 107, "description": null, "row": 57}}, {"pk": 984, "model": "map_editor.point", "fields": {"floor": 17, "label": 6, "col": 108, "description": null, "row": 57}}, {"pk": 985, "model": "map_editor.point", "fields": {"floor": 17, "label": 6, "col": 109, "description": null, "row": 57}}, {"pk": 986, "model": "map_editor.point", "fields": {"floor": 17, "label": 6, "col": 23, "description": null, "row": 56}}, {"pk": 987, "model": "map_editor.point", "fields": {"floor": 17, "label": 6, "col": 107, "description": null, "row": 56}}, {"pk": 988, "model": "map_editor.point", "fields": {"floor": 17, "label": 6, "col": 108, "description": null, "row": 56}}, {"pk": 989, "model": "map_editor.point", "fields": {"floor": 17, "label": 6, "col": 109, "description": null, "row": 56}}, {"pk": 990, "model": "map_editor.point", "fields": {"floor": 17, "label": 6, "col": 110, "description": null, "row": 56}}, {"pk": 991, "model": "map_editor.point", "fields": {"floor": 17, "label": 6, "col": 23, "description": null, "row": 55}}, {"pk": 992, "model": "map_editor.point", "fields": {"floor": 17, "label": 6, "col": 108, "description": null, "row": 55}}, {"pk": 993, "model": "map_editor.point", "fields": {"floor": 17, "label": 6, "col": 109, "description": null, "row": 55}}, {"pk": 994, "model": "map_editor.point", "fields": {"floor": 17, "label": 6, "col": 23, "description": null, "row": 54}}, {"pk": 995, "model": "map_editor.point", "fields": {"floor": 17, "label": 6, "col": 109, "description": null, "row": 54}}, {"pk": 996, "model": "map_editor.point", "fields": {"floor": 17, "label": 6, "col": 23, "description": null, "row": 53}}, {"pk": 997, "model": "map_editor.point", "fields": {"floor": 17, "label": 6, "col": 109, "description": null, "row": 53}}, {"pk": 998, "model": "map_editor.point", "fields": {"floor": 17, "label": 6, "col": 110, "description": null, "row": 53}}, {"pk": 999, "model": "map_editor.point", "fields": {"floor": 17, "label": 6, "col": 23, "description": null, "row": 52}}, {"pk": 1000, "model": "map_editor.point", "fields": {"floor": 17, "label": 6, "col": 110, "description": null, "row": 52}}, {"pk": 1001, "model": "map_editor.point", "fields": {"floor": 17, "label": 6, "col": 111, "description": null, "row": 52}}, {"pk": 1002, "model": "map_editor.point", "fields": {"floor": 17, "label": 6, "col": 23, "description": null, "row": 51}}, {"pk": 1003, "model": "map_editor.point", "fields": {"floor": 17, "label": 6, "col": 107, "description": null, "row": 51}}, {"pk": 1004, "model": "map_editor.point", "fields": {"floor": 17, "label": 6, "col": 108, "description": null, "row": 51}}, {"pk": 1005, "model": "map_editor.point", "fields": {"floor": 17, "label": 6, "col": 109, "description": null, "row": 51}}, {"pk": 1006, "model": "map_editor.point", "fields": {"floor": 17, "label": 6, "col": 110, "description": null, "row": 51}}, {"pk": 1007, "model": "map_editor.point", "fields": {"floor": 17, "label": 6, "col": 111, "description": null, "row": 51}}, {"pk": 1008, "model": "map_editor.point", "fields": {"floor": 17, "label": 6, "col": 23, "description": null, "row": 50}}, {"pk": 1009, "model": "map_editor.point", "fields": {"floor": 17, "label": 6, "col": 104, "description": null, "row": 50}}, {"pk": 1010, "model": "map_editor.point", "fields": {"floor": 17, "label": 6, "col": 105, "description": null, "row": 50}}, {"pk": 1011, "model": "map_editor.point", "fields": {"floor": 17, "label": 6, "col": 106, "description": null, "row": 50}}, {"pk": 1012, "model": "map_editor.point", "fields": {"floor": 17, "label": 6, "col": 107, "description": null, "row": 50}}, {"pk": 1013, "model": "map_editor.point", "fields": {"floor": 17, "label": 6, "col": 108, "description": null, "row": 50}}, {"pk": 1014, "model": "map_editor.point", "fields": {"floor": 17, "label": 6, "col": 109, "description": null, "row": 50}}, {"pk": 1015, "model": "map_editor.point", "fields": {"floor": 17, "label": 6, "col": 23, "description": null, "row": 49}}, {"pk": 1016, "model": "map_editor.point", "fields": {"floor": 17, "label": 6, "col": 102, "description": null, "row": 49}}, {"pk": 1017, "model": "map_editor.point", "fields": {"floor": 17, "label": 6, "col": 103, "description": null, "row": 49}}, {"pk": 1018, "model": "map_editor.point", "fields": {"floor": 17, "label": 6, "col": 104, "description": null, "row": 49}}, {"pk": 1019, "model": "map_editor.point", "fields": {"floor": 17, "label": 6, "col": 106, "description": null, "row": 49}}, {"pk": 1020, "model": "map_editor.point", "fields": {"floor": 17, "label": 6, "col": 107, "description": null, "row": 49}}, {"pk": 1021, "model": "map_editor.point", "fields": {"floor": 17, "label": 6, "col": 108, "description": null, "row": 49}}, {"pk": 1022, "model": "map_editor.point", "fields": {"floor": 17, "label": 6, "col": 109, "description": null, "row": 49}}, {"pk": 1023, "model": "map_editor.point", "fields": {"floor": 17, "label": 6, "col": 23, "description": null, "row": 48}}, {"pk": 1024, "model": "map_editor.point", "fields": {"floor": 17, "label": 6, "col": 100, "description": null, "row": 48}}, {"pk": 1025, "model": "map_editor.point", "fields": {"floor": 17, "label": 6, "col": 101, "description": null, "row": 48}}, {"pk": 1026, "model": "map_editor.point", "fields": {"floor": 17, "label": 6, "col": 102, "description": null, "row": 48}}, {"pk": 1027, "model": "map_editor.point", "fields": {"floor": 17, "label": 6, "col": 106, "description": null, "row": 48}}, {"pk": 1028, "model": "map_editor.point", "fields": {"floor": 17, "label": 6, "col": 107, "description": null, "row": 48}}, {"pk": 1029, "model": "map_editor.point", "fields": {"floor": 17, "label": 6, "col": 108, "description": null, "row": 48}}, {"pk": 1030, "model": "map_editor.point", "fields": {"floor": 17, "label": 6, "col": 109, "description": null, "row": 48}}, {"pk": 1031, "model": "map_editor.point", "fields": {"floor": 17, "label": 6, "col": 23, "description": null, "row": 47}}, {"pk": 1032, "model": "map_editor.point", "fields": {"floor": 17, "label": 6, "col": 89, "description": null, "row": 47}}, {"pk": 1033, "model": "map_editor.point", "fields": {"floor": 17, "label": 6, "col": 90, "description": null, "row": 47}}, {"pk": 1034, "model": "map_editor.point", "fields": {"floor": 17, "label": 6, "col": 91, "description": null, "row": 47}}, {"pk": 1035, "model": "map_editor.point", "fields": {"floor": 17, "label": 6, "col": 92, "description": null, "row": 47}}, {"pk": 1036, "model": "map_editor.point", "fields": {"floor": 17, "label": 6, "col": 93, "description": null, "row": 47}}, {"pk": 1037, "model": "map_editor.point", "fields": {"floor": 17, "label": 6, "col": 94, "description": null, "row": 47}}, {"pk": 1038, "model": "map_editor.point", "fields": {"floor": 17, "label": 6, "col": 95, "description": null, "row": 47}}, {"pk": 1039, "model": "map_editor.point", "fields": {"floor": 17, "label": 6, "col": 96, "description": null, "row": 47}}, {"pk": 1040, "model": "map_editor.point", "fields": {"floor": 17, "label": 6, "col": 97, "description": null, "row": 47}}, {"pk": 1041, "model": "map_editor.point", "fields": {"floor": 17, "label": 6, "col": 98, "description": null, "row": 47}}, {"pk": 1042, "model": "map_editor.point", "fields": {"floor": 17, "label": 6, "col": 100, "description": null, "row": 47}}, {"pk": 1043, "model": "map_editor.point", "fields": {"floor": 17, "label": 6, "col": 43, "description": null, "row": 46}}, {"pk": 1044, "model": "map_editor.point", "fields": {"floor": 17, "label": 6, "col": 44, "description": null, "row": 46}}, {"pk": 1045, "model": "map_editor.point", "fields": {"floor": 17, "label": 6, "col": 45, "description": null, "row": 46}}, {"pk": 1046, "model": "map_editor.point", "fields": {"floor": 17, "label": 6, "col": 46, "description": null, "row": 46}}, {"pk": 1047, "model": "map_editor.point", "fields": {"floor": 17, "label": 6, "col": 47, "description": null, "row": 46}}, {"pk": 1048, "model": "map_editor.point", "fields": {"floor": 17, "label": 6, "col": 48, "description": null, "row": 46}}, {"pk": 1049, "model": "map_editor.point", "fields": {"floor": 17, "label": 6, "col": 49, "description": null, "row": 46}}, {"pk": 1050, "model": "map_editor.point", "fields": {"floor": 17, "label": 6, "col": 50, "description": null, "row": 46}}, {"pk": 1051, "model": "map_editor.point", "fields": {"floor": 17, "label": 6, "col": 51, "description": null, "row": 46}}, {"pk": 1052, "model": "map_editor.point", "fields": {"floor": 17, "label": 6, "col": 53, "description": null, "row": 46}}, {"pk": 1053, "model": "map_editor.point", "fields": {"floor": 17, "label": 6, "col": 54, "description": null, "row": 46}}, {"pk": 1054, "model": "map_editor.point", "fields": {"floor": 17, "label": 6, "col": 55, "description": null, "row": 46}}, {"pk": 1055, "model": "map_editor.point", "fields": {"floor": 17, "label": 6, "col": 58, "description": null, "row": 46}}, {"pk": 1056, "model": "map_editor.point", "fields": {"floor": 17, "label": 6, "col": 59, "description": null, "row": 46}}, {"pk": 1057, "model": "map_editor.point", "fields": {"floor": 17, "label": 6, "col": 60, "description": null, "row": 46}}, {"pk": 1058, "model": "map_editor.point", "fields": {"floor": 17, "label": 6, "col": 61, "description": null, "row": 46}}, {"pk": 1059, "model": "map_editor.point", "fields": {"floor": 17, "label": 6, "col": 62, "description": null, "row": 46}}, {"pk": 1060, "model": "map_editor.point", "fields": {"floor": 17, "label": 6, "col": 63, "description": null, "row": 46}}, {"pk": 1061, "model": "map_editor.point", "fields": {"floor": 17, "label": 6, "col": 64, "description": null, "row": 46}}, {"pk": 1062, "model": "map_editor.point", "fields": {"floor": 17, "label": 6, "col": 65, "description": null, "row": 46}}, {"pk": 1063, "model": "map_editor.point", "fields": {"floor": 17, "label": 6, "col": 66, "description": null, "row": 46}}, {"pk": 1064, "model": "map_editor.point", "fields": {"floor": 17, "label": 6, "col": 68, "description": null, "row": 46}}, {"pk": 1065, "model": "map_editor.point", "fields": {"floor": 17, "label": 6, "col": 69, "description": null, "row": 46}}, {"pk": 1066, "model": "map_editor.point", "fields": {"floor": 17, "label": 6, "col": 70, "description": null, "row": 46}}, {"pk": 1067, "model": "map_editor.point", "fields": {"floor": 17, "label": 6, "col": 71, "description": null, "row": 46}}, {"pk": 1068, "model": "map_editor.point", "fields": {"floor": 17, "label": 6, "col": 73, "description": null, "row": 46}}, {"pk": 1069, "model": "map_editor.point", "fields": {"floor": 17, "label": 6, "col": 74, "description": null, "row": 46}}, {"pk": 1070, "model": "map_editor.point", "fields": {"floor": 17, "label": 6, "col": 75, "description": null, "row": 46}}, {"pk": 1071, "model": "map_editor.point", "fields": {"floor": 17, "label": 6, "col": 76, "description": null, "row": 46}}, {"pk": 1072, "model": "map_editor.point", "fields": {"floor": 17, "label": 6, "col": 78, "description": null, "row": 46}}, {"pk": 1073, "model": "map_editor.point", "fields": {"floor": 17, "label": 6, "col": 79, "description": null, "row": 46}}, {"pk": 1075, "model": "map_editor.point", "fields": {"floor": 17, "label": 6, "col": 81, "description": null, "row": 46}}, {"pk": 1076, "model": "map_editor.point", "fields": {"floor": 17, "label": 6, "col": 82, "description": null, "row": 46}}, {"pk": 1077, "model": "map_editor.point", "fields": {"floor": 17, "label": 6, "col": 83, "description": null, "row": 46}}, {"pk": 1078, "model": "map_editor.point", "fields": {"floor": 17, "label": 6, "col": 84, "description": null, "row": 46}}, {"pk": 1079, "model": "map_editor.point", "fields": {"floor": 17, "label": 6, "col": 85, "description": null, "row": 46}}, {"pk": 1080, "model": "map_editor.point", "fields": {"floor": 17, "label": 6, "col": 86, "description": null, "row": 46}}, {"pk": 1081, "model": "map_editor.point", "fields": {"floor": 17, "label": 6, "col": 89, "description": null, "row": 46}}, {"pk": 1082, "model": "map_editor.point", "fields": {"floor": 17, "label": 6, "col": 90, "description": null, "row": 46}}, {"pk": 1083, "model": "map_editor.point", "fields": {"floor": 17, "label": 6, "col": 98, "description": null, "row": 46}}, {"pk": 1084, "model": "map_editor.point", "fields": {"floor": 17, "label": 6, "col": 100, "description": null, "row": 46}}, {"pk": 1085, "model": "map_editor.point", "fields": {"floor": 17, "label": 6, "col": 107, "description": null, "row": 46}}, {"pk": 1086, "model": "map_editor.point", "fields": {"floor": 17, "label": 6, "col": 108, "description": null, "row": 46}}, {"pk": 1087, "model": "map_editor.point", "fields": {"floor": 17, "label": 6, "col": 109, "description": null, "row": 46}}, {"pk": 1088, "model": "map_editor.point", "fields": {"floor": 17, "label": 6, "col": 110, "description": null, "row": 46}}, {"pk": 1089, "model": "map_editor.point", "fields": {"floor": 17, "label": 6, "col": 23, "description": null, "row": 45}}, {"pk": 1090, "model": "map_editor.point", "fields": {"floor": 17, "label": 6, "col": 25, "description": null, "row": 45}}, {"pk": 1091, "model": "map_editor.point", "fields": {"floor": 17, "label": 6, "col": 26, "description": null, "row": 45}}, {"pk": 1092, "model": "map_editor.point", "fields": {"floor": 17, "label": 6, "col": 27, "description": null, "row": 45}}, {"pk": 1093, "model": "map_editor.point", "fields": {"floor": 17, "label": 6, "col": 29, "description": null, "row": 45}}, {"pk": 1094, "model": "map_editor.point", "fields": {"floor": 17, "label": 6, "col": 30, "description": null, "row": 45}}, {"pk": 1095, "model": "map_editor.point", "fields": {"floor": 17, "label": 6, "col": 31, "description": null, "row": 45}}, {"pk": 1096, "model": "map_editor.point", "fields": {"floor": 17, "label": 6, "col": 34, "description": null, "row": 45}}, {"pk": 1097, "model": "map_editor.point", "fields": {"floor": 17, "label": 6, "col": 35, "description": null, "row": 45}}, {"pk": 1098, "model": "map_editor.point", "fields": {"floor": 17, "label": 6, "col": 36, "description": null, "row": 45}}, {"pk": 1099, "model": "map_editor.point", "fields": {"floor": 17, "label": 6, "col": 38, "description": null, "row": 45}}, {"pk": 1100, "model": "map_editor.point", "fields": {"floor": 17, "label": 6, "col": 39, "description": null, "row": 45}}, {"pk": 1101, "model": "map_editor.point", "fields": {"floor": 17, "label": 6, "col": 40, "description": null, "row": 45}}, {"pk": 1102, "model": "map_editor.point", "fields": {"floor": 17, "label": 6, "col": 41, "description": null, "row": 45}}, {"pk": 1103, "model": "map_editor.point", "fields": {"floor": 17, "label": 6, "col": 53, "description": null, "row": 45}}, {"pk": 1104, "model": "map_editor.point", "fields": {"floor": 17, "label": 6, "col": 63, "description": null, "row": 45}}, {"pk": 1105, "model": "map_editor.point", "fields": {"floor": 17, "label": 6, "col": 86, "description": null, "row": 45}}, {"pk": 1106, "model": "map_editor.point", "fields": {"floor": 17, "label": 6, "col": 89, "description": null, "row": 45}}, {"pk": 1107, "model": "map_editor.point", "fields": {"floor": 17, "label": 6, "col": 98, "description": null, "row": 45}}, {"pk": 1108, "model": "map_editor.point", "fields": {"floor": 17, "label": 6, "col": 100, "description": null, "row": 45}}, {"pk": 1109, "model": "map_editor.point", "fields": {"floor": 17, "label": 6, "col": 101, "description": null, "row": 45}}, {"pk": 1110, "model": "map_editor.point", "fields": {"floor": 17, "label": 6, "col": 102, "description": null, "row": 45}}, {"pk": 1111, "model": "map_editor.point", "fields": {"floor": 17, "label": 6, "col": 106, "description": null, "row": 45}}, {"pk": 1112, "model": "map_editor.point", "fields": {"floor": 17, "label": 6, "col": 107, "description": null, "row": 45}}, {"pk": 1113, "model": "map_editor.point", "fields": {"floor": 17, "label": 6, "col": 23, "description": null, "row": 44}}, {"pk": 1114, "model": "map_editor.point", "fields": {"floor": 17, "label": 6, "col": 25, "description": null, "row": 44}}, {"pk": 1115, "model": "map_editor.point", "fields": {"floor": 17, "label": 6, "col": 31, "description": null, "row": 44}}, {"pk": 1116, "model": "map_editor.point", "fields": {"floor": 17, "label": 6, "col": 34, "description": null, "row": 44}}, {"pk": 1117, "model": "map_editor.point", "fields": {"floor": 17, "label": 6, "col": 41, "description": null, "row": 44}}, {"pk": 1118, "model": "map_editor.point", "fields": {"floor": 17, "label": 6, "col": 53, "description": null, "row": 44}}, {"pk": 1119, "model": "map_editor.point", "fields": {"floor": 17, "label": 6, "col": 54, "description": null, "row": 44}}, {"pk": 1120, "model": "map_editor.point", "fields": {"floor": 17, "label": 6, "col": 55, "description": null, "row": 44}}, {"pk": 1121, "model": "map_editor.point", "fields": {"floor": 17, "label": 6, "col": 58, "description": null, "row": 44}}, {"pk": 1122, "model": "map_editor.point", "fields": {"floor": 17, "label": 6, "col": 59, "description": null, "row": 44}}, {"pk": 1123, "model": "map_editor.point", "fields": {"floor": 17, "label": 6, "col": 60, "description": null, "row": 44}}, {"pk": 1124, "model": "map_editor.point", "fields": {"floor": 17, "label": 6, "col": 63, "description": null, "row": 44}}, {"pk": 1125, "model": "map_editor.point", "fields": {"floor": 17, "label": 6, "col": 64, "description": null, "row": 44}}, {"pk": 1126, "model": "map_editor.point", "fields": {"floor": 17, "label": 6, "col": 65, "description": null, "row": 44}}, {"pk": 1127, "model": "map_editor.point", "fields": {"floor": 17, "label": 6, "col": 66, "description": null, "row": 44}}, {"pk": 1128, "model": "map_editor.point", "fields": {"floor": 17, "label": 6, "col": 68, "description": null, "row": 44}}, {"pk": 1129, "model": "map_editor.point", "fields": {"floor": 17, "label": 6, "col": 69, "description": null, "row": 44}}, {"pk": 1130, "model": "map_editor.point", "fields": {"floor": 17, "label": 6, "col": 70, "description": null, "row": 44}}, {"pk": 1131, "model": "map_editor.point", "fields": {"floor": 17, "label": 6, "col": 71, "description": null, "row": 44}}, {"pk": 1132, "model": "map_editor.point", "fields": {"floor": 17, "label": 6, "col": 73, "description": null, "row": 44}}, {"pk": 1133, "model": "map_editor.point", "fields": {"floor": 17, "label": 6, "col": 74, "description": null, "row": 44}}, {"pk": 1134, "model": "map_editor.point", "fields": {"floor": 17, "label": 6, "col": 75, "description": null, "row": 44}}, {"pk": 1135, "model": "map_editor.point", "fields": {"floor": 17, "label": 6, "col": 76, "description": null, "row": 44}}, {"pk": 1136, "model": "map_editor.point", "fields": {"floor": 17, "label": 6, "col": 84, "description": null, "row": 44}}, {"pk": 1137, "model": "map_editor.point", "fields": {"floor": 17, "label": 6, "col": 85, "description": null, "row": 44}}, {"pk": 1138, "model": "map_editor.point", "fields": {"floor": 17, "label": 6, "col": 86, "description": null, "row": 44}}, {"pk": 1139, "model": "map_editor.point", "fields": {"floor": 17, "label": 6, "col": 89, "description": null, "row": 44}}, {"pk": 1140, "model": "map_editor.point", "fields": {"floor": 17, "label": 6, "col": 98, "description": null, "row": 44}}, {"pk": 1141, "model": "map_editor.point", "fields": {"floor": 17, "label": 6, "col": 100, "description": null, "row": 44}}, {"pk": 1142, "model": "map_editor.point", "fields": {"floor": 17, "label": 6, "col": 102, "description": null, "row": 44}}, {"pk": 1143, "model": "map_editor.point", "fields": {"floor": 17, "label": 6, "col": 103, "description": null, "row": 44}}, {"pk": 1144, "model": "map_editor.point", "fields": {"floor": 17, "label": 6, "col": 104, "description": null, "row": 44}}, {"pk": 1145, "model": "map_editor.point", "fields": {"floor": 17, "label": 6, "col": 105, "description": null, "row": 44}}, {"pk": 1146, "model": "map_editor.point", "fields": {"floor": 17, "label": 6, "col": 106, "description": null, "row": 44}}, {"pk": 1147, "model": "map_editor.point", "fields": {"floor": 17, "label": 6, "col": 23, "description": null, "row": 43}}, {"pk": 1148, "model": "map_editor.point", "fields": {"floor": 17, "label": 6, "col": 25, "description": null, "row": 43}}, {"pk": 1149, "model": "map_editor.point", "fields": {"floor": 17, "label": 6, "col": 31, "description": null, "row": 43}}, {"pk": 1150, "model": "map_editor.point", "fields": {"floor": 17, "label": 6, "col": 34, "description": null, "row": 43}}, {"pk": 1151, "model": "map_editor.point", "fields": {"floor": 17, "label": 6, "col": 41, "description": null, "row": 43}}, {"pk": 1152, "model": "map_editor.point", "fields": {"floor": 17, "label": 6, "col": 54, "description": null, "row": 43}}, {"pk": 1153, "model": "map_editor.point", "fields": {"floor": 17, "label": 6, "col": 71, "description": null, "row": 43}}, {"pk": 1154, "model": "map_editor.point", "fields": {"floor": 17, "label": 6, "col": 84, "description": null, "row": 43}}, {"pk": 1155, "model": "map_editor.point", "fields": {"floor": 17, "label": 6, "col": 89, "description": null, "row": 43}}, {"pk": 1156, "model": "map_editor.point", "fields": {"floor": 17, "label": 6, "col": 98, "description": null, "row": 43}}, {"pk": 1157, "model": "map_editor.point", "fields": {"floor": 17, "label": 6, "col": 100, "description": null, "row": 43}}, {"pk": 1158, "model": "map_editor.point", "fields": {"floor": 17, "label": 6, "col": 103, "description": null, "row": 43}}, {"pk": 1159, "model": "map_editor.point", "fields": {"floor": 17, "label": 6, "col": 104, "description": null, "row": 43}}, {"pk": 1160, "model": "map_editor.point", "fields": {"floor": 17, "label": 6, "col": 23, "description": null, "row": 42}}, {"pk": 1161, "model": "map_editor.point", "fields": {"floor": 17, "label": 6, "col": 25, "description": null, "row": 42}}, {"pk": 1162, "model": "map_editor.point", "fields": {"floor": 17, "label": 6, "col": 31, "description": null, "row": 42}}, {"pk": 1163, "model": "map_editor.point", "fields": {"floor": 17, "label": 6, "col": 34, "description": null, "row": 42}}, {"pk": 1164, "model": "map_editor.point", "fields": {"floor": 17, "label": 6, "col": 41, "description": null, "row": 42}}, {"pk": 1165, "model": "map_editor.point", "fields": {"floor": 17, "label": 6, "col": 54, "description": null, "row": 42}}, {"pk": 1166, "model": "map_editor.point", "fields": {"floor": 17, "label": 6, "col": 59, "description": null, "row": 42}}, {"pk": 1167, "model": "map_editor.point", "fields": {"floor": 17, "label": 6, "col": 71, "description": null, "row": 42}}, {"pk": 1168, "model": "map_editor.point", "fields": {"floor": 17, "label": 6, "col": 73, "description": null, "row": 42}}, {"pk": 1169, "model": "map_editor.point", "fields": {"floor": 17, "label": 6, "col": 74, "description": null, "row": 42}}, {"pk": 1170, "model": "map_editor.point", "fields": {"floor": 17, "label": 6, "col": 84, "description": null, "row": 42}}, {"pk": 1171, "model": "map_editor.point", "fields": {"floor": 17, "label": 6, "col": 89, "description": null, "row": 42}}, {"pk": 1172, "model": "map_editor.point", "fields": {"floor": 17, "label": 6, "col": 90, "description": null, "row": 42}}, {"pk": 1173, "model": "map_editor.point", "fields": {"floor": 17, "label": 6, "col": 91, "description": null, "row": 42}}, {"pk": 1174, "model": "map_editor.point", "fields": {"floor": 17, "label": 6, "col": 92, "description": null, "row": 42}}, {"pk": 1175, "model": "map_editor.point", "fields": {"floor": 17, "label": 6, "col": 94, "description": null, "row": 42}}, {"pk": 1176, "model": "map_editor.point", "fields": {"floor": 17, "label": 6, "col": 95, "description": null, "row": 42}}, {"pk": 1177, "model": "map_editor.point", "fields": {"floor": 17, "label": 6, "col": 96, "description": null, "row": 42}}, {"pk": 1178, "model": "map_editor.point", "fields": {"floor": 17, "label": 6, "col": 97, "description": null, "row": 42}}, {"pk": 1179, "model": "map_editor.point", "fields": {"floor": 17, "label": 6, "col": 98, "description": null, "row": 42}}, {"pk": 1180, "model": "map_editor.point", "fields": {"floor": 17, "label": 6, "col": 100, "description": null, "row": 42}}, {"pk": 1181, "model": "map_editor.point", "fields": {"floor": 17, "label": 6, "col": 23, "description": null, "row": 41}}, {"pk": 1182, "model": "map_editor.point", "fields": {"floor": 17, "label": 6, "col": 25, "description": null, "row": 41}}, {"pk": 1183, "model": "map_editor.point", "fields": {"floor": 17, "label": 6, "col": 31, "description": null, "row": 41}}, {"pk": 1184, "model": "map_editor.point", "fields": {"floor": 17, "label": 6, "col": 34, "description": null, "row": 41}}, {"pk": 1185, "model": "map_editor.point", "fields": {"floor": 17, "label": 6, "col": 41, "description": null, "row": 41}}, {"pk": 1186, "model": "map_editor.point", "fields": {"floor": 17, "label": 6, "col": 54, "description": null, "row": 41}}, {"pk": 1187, "model": "map_editor.point", "fields": {"floor": 17, "label": 6, "col": 59, "description": null, "row": 41}}, {"pk": 1188, "model": "map_editor.point", "fields": {"floor": 17, "label": 6, "col": 71, "description": null, "row": 41}}, {"pk": 1189, "model": "map_editor.point", "fields": {"floor": 17, "label": 6, "col": 73, "description": null, "row": 41}}, {"pk": 1190, "model": "map_editor.point", "fields": {"floor": 17, "label": 6, "col": 74, "description": null, "row": 41}}, {"pk": 1191, "model": "map_editor.point", "fields": {"floor": 17, "label": 6, "col": 89, "description": null, "row": 41}}, {"pk": 1192, "model": "map_editor.point", "fields": {"floor": 17, "label": 6, "col": 97, "description": null, "row": 41}}, {"pk": 1193, "model": "map_editor.point", "fields": {"floor": 17, "label": 6, "col": 98, "description": null, "row": 41}}, {"pk": 1194, "model": "map_editor.point", "fields": {"floor": 17, "label": 6, "col": 100, "description": null, "row": 41}}, {"pk": 1195, "model": "map_editor.point", "fields": {"floor": 17, "label": 6, "col": 23, "description": null, "row": 40}}, {"pk": 1196, "model": "map_editor.point", "fields": {"floor": 17, "label": 6, "col": 25, "description": null, "row": 40}}, {"pk": 1197, "model": "map_editor.point", "fields": {"floor": 17, "label": 6, "col": 31, "description": null, "row": 40}}, {"pk": 1198, "model": "map_editor.point", "fields": {"floor": 17, "label": 6, "col": 34, "description": null, "row": 40}}, {"pk": 1199, "model": "map_editor.point", "fields": {"floor": 17, "label": 6, "col": 41, "description": null, "row": 40}}, {"pk": 1200, "model": "map_editor.point", "fields": {"floor": 17, "label": 6, "col": 71, "description": null, "row": 40}}, {"pk": 1201, "model": "map_editor.point", "fields": {"floor": 17, "label": 6, "col": 73, "description": null, "row": 40}}, {"pk": 1202, "model": "map_editor.point", "fields": {"floor": 17, "label": 6, "col": 74, "description": null, "row": 40}}, {"pk": 1204, "model": "map_editor.point", "fields": {"floor": 17, "label": 6, "col": 98, "description": null, "row": 40}}, {"pk": 1205, "model": "map_editor.point", "fields": {"floor": 17, "label": 6, "col": 100, "description": null, "row": 40}}, {"pk": 1206, "model": "map_editor.point", "fields": {"floor": 17, "label": 6, "col": 23, "description": null, "row": 39}}, {"pk": 1207, "model": "map_editor.point", "fields": {"floor": 17, "label": 6, "col": 25, "description": null, "row": 39}}, {"pk": 1208, "model": "map_editor.point", "fields": {"floor": 17, "label": 6, "col": 31, "description": null, "row": 39}}, {"pk": 1209, "model": "map_editor.point", "fields": {"floor": 17, "label": 6, "col": 34, "description": null, "row": 39}}, {"pk": 1210, "model": "map_editor.point", "fields": {"floor": 17, "label": 6, "col": 41, "description": null, "row": 39}}, {"pk": 1211, "model": "map_editor.point", "fields": {"floor": 17, "label": 6, "col": 54, "description": null, "row": 39}}, {"pk": 1212, "model": "map_editor.point", "fields": {"floor": 17, "label": 6, "col": 71, "description": null, "row": 39}}, {"pk": 1213, "model": "map_editor.point", "fields": {"floor": 17, "label": 6, "col": 73, "description": null, "row": 39}}, {"pk": 1214, "model": "map_editor.point", "fields": {"floor": 17, "label": 6, "col": 74, "description": null, "row": 39}}, {"pk": 1215, "model": "map_editor.point", "fields": {"floor": 17, "label": 6, "col": 84, "description": null, "row": 39}}, {"pk": 1216, "model": "map_editor.point", "fields": {"floor": 17, "label": 6, "col": 89, "description": null, "row": 39}}, {"pk": 1217, "model": "map_editor.point", "fields": {"floor": 17, "label": 6, "col": 98, "description": null, "row": 39}}, {"pk": 1218, "model": "map_editor.point", "fields": {"floor": 17, "label": 6, "col": 100, "description": null, "row": 39}}, {"pk": 1219, "model": "map_editor.point", "fields": {"floor": 17, "label": 6, "col": 23, "description": null, "row": 38}}, {"pk": 1220, "model": "map_editor.point", "fields": {"floor": 17, "label": 6, "col": 25, "description": null, "row": 38}}, {"pk": 1221, "model": "map_editor.point", "fields": {"floor": 17, "label": 6, "col": 31, "description": null, "row": 38}}, {"pk": 1222, "model": "map_editor.point", "fields": {"floor": 17, "label": 6, "col": 34, "description": null, "row": 38}}, {"pk": 1223, "model": "map_editor.point", "fields": {"floor": 17, "label": 6, "col": 41, "description": null, "row": 38}}, {"pk": 1224, "model": "map_editor.point", "fields": {"floor": 17, "label": 6, "col": 59, "description": null, "row": 38}}, {"pk": 1225, "model": "map_editor.point", "fields": {"floor": 17, "label": 6, "col": 71, "description": null, "row": 38}}, {"pk": 1226, "model": "map_editor.point", "fields": {"floor": 17, "label": 6, "col": 73, "description": null, "row": 38}}, {"pk": 1227, "model": "map_editor.point", "fields": {"floor": 17, "label": 6, "col": 74, "description": null, "row": 38}}, {"pk": 1228, "model": "map_editor.point", "fields": {"floor": 17, "label": 6, "col": 89, "description": null, "row": 38}}, {"pk": 1229, "model": "map_editor.point", "fields": {"floor": 17, "label": 6, "col": 90, "description": null, "row": 38}}, {"pk": 1230, "model": "map_editor.point", "fields": {"floor": 17, "label": 6, "col": 91, "description": null, "row": 38}}, {"pk": 1231, "model": "map_editor.point", "fields": {"floor": 17, "label": 6, "col": 92, "description": null, "row": 38}}, {"pk": 1232, "model": "map_editor.point", "fields": {"floor": 17, "label": 6, "col": 94, "description": null, "row": 38}}, {"pk": 1233, "model": "map_editor.point", "fields": {"floor": 17, "label": 6, "col": 95, "description": null, "row": 38}}, {"pk": 1234, "model": "map_editor.point", "fields": {"floor": 17, "label": 6, "col": 96, "description": null, "row": 38}}, {"pk": 1235, "model": "map_editor.point", "fields": {"floor": 17, "label": 6, "col": 97, "description": null, "row": 38}}, {"pk": 1236, "model": "map_editor.point", "fields": {"floor": 17, "label": 6, "col": 98, "description": null, "row": 38}}, {"pk": 1237, "model": "map_editor.point", "fields": {"floor": 17, "label": 6, "col": 100, "description": null, "row": 38}}, {"pk": 1238, "model": "map_editor.point", "fields": {"floor": 17, "label": 6, "col": 23, "description": null, "row": 37}}, {"pk": 1239, "model": "map_editor.point", "fields": {"floor": 17, "label": 6, "col": 25, "description": null, "row": 37}}, {"pk": 1240, "model": "map_editor.point", "fields": {"floor": 17, "label": 6, "col": 31, "description": null, "row": 37}}, {"pk": 1241, "model": "map_editor.point", "fields": {"floor": 17, "label": 6, "col": 34, "description": null, "row": 37}}, {"pk": 1242, "model": "map_editor.point", "fields": {"floor": 17, "label": 6, "col": 41, "description": null, "row": 37}}, {"pk": 1243, "model": "map_editor.point", "fields": {"floor": 17, "label": 6, "col": 54, "description": null, "row": 37}}, {"pk": 1244, "model": "map_editor.point", "fields": {"floor": 17, "label": 6, "col": 71, "description": null, "row": 37}}, {"pk": 1245, "model": "map_editor.point", "fields": {"floor": 17, "label": 6, "col": 73, "description": null, "row": 37}}, {"pk": 1246, "model": "map_editor.point", "fields": {"floor": 17, "label": 6, "col": 74, "description": null, "row": 37}}, {"pk": 1247, "model": "map_editor.point", "fields": {"floor": 17, "label": 6, "col": 84, "description": null, "row": 37}}, {"pk": 1248, "model": "map_editor.point", "fields": {"floor": 17, "label": 6, "col": 89, "description": null, "row": 37}}, {"pk": 1249, "model": "map_editor.point", "fields": {"floor": 17, "label": 6, "col": 98, "description": null, "row": 37}}, {"pk": 1250, "model": "map_editor.point", "fields": {"floor": 17, "label": 6, "col": 23, "description": null, "row": 36}}, {"pk": 1251, "model": "map_editor.point", "fields": {"floor": 17, "label": 6, "col": 25, "description": null, "row": 36}}, {"pk": 1252, "model": "map_editor.point", "fields": {"floor": 17, "label": 6, "col": 31, "description": null, "row": 36}}, {"pk": 1253, "model": "map_editor.point", "fields": {"floor": 17, "label": 6, "col": 34, "description": null, "row": 36}}, {"pk": 1254, "model": "map_editor.point", "fields": {"floor": 17, "label": 6, "col": 41, "description": null, "row": 36}}, {"pk": 1255, "model": "map_editor.point", "fields": {"floor": 17, "label": 6, "col": 58, "description": null, "row": 36}}, {"pk": 1256, "model": "map_editor.point", "fields": {"floor": 17, "label": 6, "col": 60, "description": null, "row": 36}}, {"pk": 1257, "model": "map_editor.point", "fields": {"floor": 17, "label": 6, "col": 61, "description": null, "row": 36}}, {"pk": 1258, "model": "map_editor.point", "fields": {"floor": 17, "label": 6, "col": 71, "description": null, "row": 36}}, {"pk": 1259, "model": "map_editor.point", "fields": {"floor": 17, "label": 6, "col": 73, "description": null, "row": 36}}, {"pk": 1260, "model": "map_editor.point", "fields": {"floor": 17, "label": 6, "col": 74, "description": null, "row": 36}}, {"pk": 1261, "model": "map_editor.point", "fields": {"floor": 17, "label": 6, "col": 84, "description": null, "row": 36}}, {"pk": 1262, "model": "map_editor.point", "fields": {"floor": 17, "label": 6, "col": 89, "description": null, "row": 36}}, {"pk": 1263, "model": "map_editor.point", "fields": {"floor": 17, "label": 6, "col": 98, "description": null, "row": 36}}, {"pk": 1264, "model": "map_editor.point", "fields": {"floor": 17, "label": 6, "col": 100, "description": null, "row": 36}}, {"pk": 1265, "model": "map_editor.point", "fields": {"floor": 17, "label": 6, "col": 23, "description": null, "row": 35}}, {"pk": 1266, "model": "map_editor.point", "fields": {"floor": 17, "label": 6, "col": 25, "description": null, "row": 35}}, {"pk": 1267, "model": "map_editor.point", "fields": {"floor": 17, "label": 6, "col": 31, "description": null, "row": 35}}, {"pk": 1268, "model": "map_editor.point", "fields": {"floor": 17, "label": 6, "col": 34, "description": null, "row": 35}}, {"pk": 1269, "model": "map_editor.point", "fields": {"floor": 17, "label": 6, "col": 41, "description": null, "row": 35}}, {"pk": 1270, "model": "map_editor.point", "fields": {"floor": 17, "label": 6, "col": 54, "description": null, "row": 35}}, {"pk": 1271, "model": "map_editor.point", "fields": {"floor": 17, "label": 6, "col": 61, "description": null, "row": 35}}, {"pk": 1272, "model": "map_editor.point", "fields": {"floor": 17, "label": 6, "col": 62, "description": null, "row": 35}}, {"pk": 1273, "model": "map_editor.point", "fields": {"floor": 17, "label": 6, "col": 71, "description": null, "row": 35}}, {"pk": 1274, "model": "map_editor.point", "fields": {"floor": 17, "label": 6, "col": 72, "description": null, "row": 35}}, {"pk": 1275, "model": "map_editor.point", "fields": {"floor": 17, "label": 6, "col": 73, "description": null, "row": 35}}, {"pk": 1276, "model": "map_editor.point", "fields": {"floor": 17, "label": 6, "col": 74, "description": null, "row": 35}}, {"pk": 1277, "model": "map_editor.point", "fields": {"floor": 17, "label": 6, "col": 89, "description": null, "row": 35}}, {"pk": 1278, "model": "map_editor.point", "fields": {"floor": 17, "label": 6, "col": 98, "description": null, "row": 35}}, {"pk": 1279, "model": "map_editor.point", "fields": {"floor": 17, "label": 6, "col": 100, "description": null, "row": 35}}, {"pk": 1280, "model": "map_editor.point", "fields": {"floor": 17, "label": 6, "col": 23, "description": null, "row": 34}}, {"pk": 1281, "model": "map_editor.point", "fields": {"floor": 17, "label": 6, "col": 25, "description": null, "row": 34}}, {"pk": 1282, "model": "map_editor.point", "fields": {"floor": 17, "label": 6, "col": 31, "description": null, "row": 34}}, {"pk": 1283, "model": "map_editor.point", "fields": {"floor": 17, "label": 6, "col": 34, "description": null, "row": 34}}, {"pk": 1284, "model": "map_editor.point", "fields": {"floor": 17, "label": 6, "col": 41, "description": null, "row": 34}}, {"pk": 1285, "model": "map_editor.point", "fields": {"floor": 17, "label": 6, "col": 54, "description": null, "row": 34}}, {"pk": 1286, "model": "map_editor.point", "fields": {"floor": 17, "label": 6, "col": 55, "description": null, "row": 34}}, {"pk": 1287, "model": "map_editor.point", "fields": {"floor": 17, "label": 6, "col": 56, "description": null, "row": 34}}, {"pk": 1288, "model": "map_editor.point", "fields": {"floor": 17, "label": 6, "col": 58, "description": null, "row": 34}}, {"pk": 1289, "model": "map_editor.point", "fields": {"floor": 17, "label": 6, "col": 59, "description": null, "row": 34}}, {"pk": 1290, "model": "map_editor.point", "fields": {"floor": 17, "label": 6, "col": 62, "description": null, "row": 34}}, {"pk": 1291, "model": "map_editor.point", "fields": {"floor": 17, "label": 6, "col": 63, "description": null, "row": 34}}, {"pk": 1292, "model": "map_editor.point", "fields": {"floor": 17, "label": 6, "col": 71, "description": null, "row": 34}}, {"pk": 1293, "model": "map_editor.point", "fields": {"floor": 17, "label": 6, "col": 72, "description": null, "row": 34}}, {"pk": 1294, "model": "map_editor.point", "fields": {"floor": 17, "label": 6, "col": 73, "description": null, "row": 34}}, {"pk": 1295, "model": "map_editor.point", "fields": {"floor": 17, "label": 6, "col": 74, "description": null, "row": 34}}, {"pk": 1296, "model": "map_editor.point", "fields": {"floor": 17, "label": 6, "col": 84, "description": null, "row": 34}}, {"pk": 1297, "model": "map_editor.point", "fields": {"floor": 17, "label": 6, "col": 89, "description": null, "row": 34}}, {"pk": 1298, "model": "map_editor.point", "fields": {"floor": 17, "label": 6, "col": 98, "description": null, "row": 34}}, {"pk": 1299, "model": "map_editor.point", "fields": {"floor": 17, "label": 6, "col": 100, "description": null, "row": 34}}, {"pk": 1300, "model": "map_editor.point", "fields": {"floor": 17, "label": 6, "col": 23, "description": null, "row": 33}}, {"pk": 1301, "model": "map_editor.point", "fields": {"floor": 17, "label": 6, "col": 25, "description": null, "row": 33}}, {"pk": 1302, "model": "map_editor.point", "fields": {"floor": 17, "label": 6, "col": 31, "description": null, "row": 33}}, {"pk": 1303, "model": "map_editor.point", "fields": {"floor": 17, "label": 6, "col": 34, "description": null, "row": 33}}, {"pk": 1304, "model": "map_editor.point", "fields": {"floor": 17, "label": 6, "col": 41, "description": null, "row": 33}}, {"pk": 1305, "model": "map_editor.point", "fields": {"floor": 17, "label": 6, "col": 63, "description": null, "row": 33}}, {"pk": 1306, "model": "map_editor.point", "fields": {"floor": 17, "label": 6, "col": 71, "description": null, "row": 33}}, {"pk": 1307, "model": "map_editor.point", "fields": {"floor": 17, "label": 6, "col": 72, "description": null, "row": 33}}, {"pk": 1308, "model": "map_editor.point", "fields": {"floor": 17, "label": 6, "col": 73, "description": null, "row": 33}}, {"pk": 1309, "model": "map_editor.point", "fields": {"floor": 17, "label": 6, "col": 74, "description": null, "row": 33}}, {"pk": 1310, "model": "map_editor.point", "fields": {"floor": 17, "label": 6, "col": 89, "description": null, "row": 33}}, {"pk": 1311, "model": "map_editor.point", "fields": {"floor": 17, "label": 6, "col": 98, "description": null, "row": 33}}, {"pk": 1312, "model": "map_editor.point", "fields": {"floor": 17, "label": 6, "col": 100, "description": null, "row": 33}}, {"pk": 1313, "model": "map_editor.point", "fields": {"floor": 17, "label": 6, "col": 23, "description": null, "row": 32}}, {"pk": 1314, "model": "map_editor.point", "fields": {"floor": 17, "label": 6, "col": 25, "description": null, "row": 32}}, {"pk": 1315, "model": "map_editor.point", "fields": {"floor": 17, "label": 6, "col": 31, "description": null, "row": 32}}, {"pk": 1316, "model": "map_editor.point", "fields": {"floor": 17, "label": 6, "col": 34, "description": null, "row": 32}}, {"pk": 1317, "model": "map_editor.point", "fields": {"floor": 17, "label": 6, "col": 41, "description": null, "row": 32}}, {"pk": 1318, "model": "map_editor.point", "fields": {"floor": 17, "label": 6, "col": 63, "description": null, "row": 32}}, {"pk": 1319, "model": "map_editor.point", "fields": {"floor": 17, "label": 6, "col": 71, "description": null, "row": 32}}, {"pk": 1320, "model": "map_editor.point", "fields": {"floor": 17, "label": 6, "col": 72, "description": null, "row": 32}}, {"pk": 1321, "model": "map_editor.point", "fields": {"floor": 17, "label": 6, "col": 73, "description": null, "row": 32}}, {"pk": 1322, "model": "map_editor.point", "fields": {"floor": 17, "label": 6, "col": 74, "description": null, "row": 32}}, {"pk": 1323, "model": "map_editor.point", "fields": {"floor": 17, "label": 6, "col": 89, "description": null, "row": 32}}, {"pk": 1324, "model": "map_editor.point", "fields": {"floor": 17, "label": 6, "col": 98, "description": null, "row": 32}}, {"pk": 1325, "model": "map_editor.point", "fields": {"floor": 17, "label": 6, "col": 100, "description": null, "row": 32}}, {"pk": 1326, "model": "map_editor.point", "fields": {"floor": 17, "label": 6, "col": 23, "description": null, "row": 31}}, {"pk": 1327, "model": "map_editor.point", "fields": {"floor": 17, "label": 6, "col": 25, "description": null, "row": 31}}, {"pk": 1328, "model": "map_editor.point", "fields": {"floor": 17, "label": 6, "col": 31, "description": null, "row": 31}}, {"pk": 1329, "model": "map_editor.point", "fields": {"floor": 17, "label": 6, "col": 34, "description": null, "row": 31}}, {"pk": 1330, "model": "map_editor.point", "fields": {"floor": 17, "label": 6, "col": 41, "description": null, "row": 31}}, {"pk": 1331, "model": "map_editor.point", "fields": {"floor": 17, "label": 6, "col": 63, "description": null, "row": 31}}, {"pk": 1332, "model": "map_editor.point", "fields": {"floor": 17, "label": 6, "col": 64, "description": null, "row": 31}}, {"pk": 1333, "model": "map_editor.point", "fields": {"floor": 17, "label": 6, "col": 65, "description": null, "row": 31}}, {"pk": 1334, "model": "map_editor.point", "fields": {"floor": 17, "label": 6, "col": 66, "description": null, "row": 31}}, {"pk": 1335, "model": "map_editor.point", "fields": {"floor": 17, "label": 6, "col": 68, "description": null, "row": 31}}, {"pk": 1336, "model": "map_editor.point", "fields": {"floor": 17, "label": 6, "col": 69, "description": null, "row": 31}}, {"pk": 1337, "model": "map_editor.point", "fields": {"floor": 17, "label": 6, "col": 70, "description": null, "row": 31}}, {"pk": 1338, "model": "map_editor.point", "fields": {"floor": 17, "label": 6, "col": 71, "description": null, "row": 31}}, {"pk": 1339, "model": "map_editor.point", "fields": {"floor": 17, "label": 6, "col": 74, "description": null, "row": 31}}, {"pk": 1340, "model": "map_editor.point", "fields": {"floor": 17, "label": 6, "col": 84, "description": null, "row": 31}}, {"pk": 1341, "model": "map_editor.point", "fields": {"floor": 17, "label": 6, "col": 89, "description": null, "row": 31}}, {"pk": 1342, "model": "map_editor.point", "fields": {"floor": 17, "label": 6, "col": 98, "description": null, "row": 31}}, {"pk": 1343, "model": "map_editor.point", "fields": {"floor": 17, "label": 6, "col": 100, "description": null, "row": 31}}, {"pk": 1344, "model": "map_editor.point", "fields": {"floor": 17, "label": 6, "col": 23, "description": null, "row": 30}}, {"pk": 1345, "model": "map_editor.point", "fields": {"floor": 17, "label": 6, "col": 25, "description": null, "row": 30}}, {"pk": 1346, "model": "map_editor.point", "fields": {"floor": 17, "label": 6, "col": 31, "description": null, "row": 30}}, {"pk": 1347, "model": "map_editor.point", "fields": {"floor": 17, "label": 6, "col": 34, "description": null, "row": 30}}, {"pk": 1348, "model": "map_editor.point", "fields": {"floor": 17, "label": 6, "col": 41, "description": null, "row": 30}}, {"pk": 1349, "model": "map_editor.point", "fields": {"floor": 17, "label": 6, "col": 74, "description": null, "row": 30}}, {"pk": 1350, "model": "map_editor.point", "fields": {"floor": 17, "label": 6, "col": 75, "description": null, "row": 30}}, {"pk": 1351, "model": "map_editor.point", "fields": {"floor": 17, "label": 6, "col": 76, "description": null, "row": 30}}, {"pk": 1352, "model": "map_editor.point", "fields": {"floor": 17, "label": 6, "col": 78, "description": null, "row": 30}}, {"pk": 1353, "model": "map_editor.point", "fields": {"floor": 17, "label": 6, "col": 79, "description": null, "row": 30}}, {"pk": 1354, "model": "map_editor.point", "fields": {"floor": 17, "label": 6, "col": 80, "description": null, "row": 30}}, {"pk": 1355, "model": "map_editor.point", "fields": {"floor": 17, "label": 6, "col": 81, "description": null, "row": 30}}, {"pk": 1356, "model": "map_editor.point", "fields": {"floor": 17, "label": 6, "col": 82, "description": null, "row": 30}}, {"pk": 1357, "model": "map_editor.point", "fields": {"floor": 17, "label": 6, "col": 83, "description": null, "row": 30}}, {"pk": 1358, "model": "map_editor.point", "fields": {"floor": 17, "label": 6, "col": 84, "description": null, "row": 30}}, {"pk": 1359, "model": "map_editor.point", "fields": {"floor": 17, "label": 6, "col": 89, "description": null, "row": 30}}, {"pk": 1360, "model": "map_editor.point", "fields": {"floor": 17, "label": 6, "col": 98, "description": null, "row": 30}}, {"pk": 1361, "model": "map_editor.point", "fields": {"floor": 17, "label": 6, "col": 100, "description": null, "row": 30}}, {"pk": 1362, "model": "map_editor.point", "fields": {"floor": 17, "label": 6, "col": 23, "description": null, "row": 29}}, {"pk": 1363, "model": "map_editor.point", "fields": {"floor": 17, "label": 6, "col": 25, "description": null, "row": 29}}, {"pk": 1364, "model": "map_editor.point", "fields": {"floor": 17, "label": 6, "col": 31, "description": null, "row": 29}}, {"pk": 1365, "model": "map_editor.point", "fields": {"floor": 17, "label": 6, "col": 34, "description": null, "row": 29}}, {"pk": 1366, "model": "map_editor.point", "fields": {"floor": 17, "label": 6, "col": 41, "description": null, "row": 29}}, {"pk": 1367, "model": "map_editor.point", "fields": {"floor": 17, "label": 6, "col": 89, "description": null, "row": 29}}, {"pk": 1368, "model": "map_editor.point", "fields": {"floor": 17, "label": 6, "col": 98, "description": null, "row": 29}}, {"pk": 1369, "model": "map_editor.point", "fields": {"floor": 17, "label": 6, "col": 100, "description": null, "row": 29}}, {"pk": 1370, "model": "map_editor.point", "fields": {"floor": 17, "label": 6, "col": 23, "description": null, "row": 28}}, {"pk": 1371, "model": "map_editor.point", "fields": {"floor": 17, "label": 6, "col": 25, "description": null, "row": 28}}, {"pk": 1372, "model": "map_editor.point", "fields": {"floor": 17, "label": 6, "col": 31, "description": null, "row": 28}}, {"pk": 1373, "model": "map_editor.point", "fields": {"floor": 17, "label": 6, "col": 34, "description": null, "row": 28}}, {"pk": 1374, "model": "map_editor.point", "fields": {"floor": 17, "label": 6, "col": 41, "description": null, "row": 28}}, {"pk": 1375, "model": "map_editor.point", "fields": {"floor": 17, "label": 6, "col": 89, "description": null, "row": 28}}, {"pk": 1376, "model": "map_editor.point", "fields": {"floor": 17, "label": 6, "col": 98, "description": null, "row": 28}}, {"pk": 1377, "model": "map_editor.point", "fields": {"floor": 17, "label": 6, "col": 100, "description": null, "row": 28}}, {"pk": 1378, "model": "map_editor.point", "fields": {"floor": 17, "label": 6, "col": 23, "description": null, "row": 27}}, {"pk": 1379, "model": "map_editor.point", "fields": {"floor": 17, "label": 6, "col": 25, "description": null, "row": 27}}, {"pk": 1380, "model": "map_editor.point", "fields": {"floor": 17, "label": 6, "col": 31, "description": null, "row": 27}}, {"pk": 1381, "model": "map_editor.point", "fields": {"floor": 17, "label": 6, "col": 34, "description": null, "row": 27}}, {"pk": 1382, "model": "map_editor.point", "fields": {"floor": 17, "label": 6, "col": 41, "description": null, "row": 27}}, {"pk": 1383, "model": "map_editor.point", "fields": {"floor": 17, "label": 6, "col": 89, "description": null, "row": 27}}, {"pk": 1384, "model": "map_editor.point", "fields": {"floor": 17, "label": 6, "col": 98, "description": null, "row": 27}}, {"pk": 1385, "model": "map_editor.point", "fields": {"floor": 17, "label": 6, "col": 100, "description": null, "row": 27}}, {"pk": 1386, "model": "map_editor.point", "fields": {"floor": 17, "label": 6, "col": 23, "description": null, "row": 26}}, {"pk": 1387, "model": "map_editor.point", "fields": {"floor": 17, "label": 6, "col": 25, "description": null, "row": 26}}, {"pk": 1388, "model": "map_editor.point", "fields": {"floor": 17, "label": 6, "col": 26, "description": null, "row": 26}}, {"pk": 1389, "model": "map_editor.point", "fields": {"floor": 17, "label": 6, "col": 27, "description": null, "row": 26}}, {"pk": 1390, "model": "map_editor.point", "fields": {"floor": 17, "label": 6, "col": 28, "description": null, "row": 26}}, {"pk": 1391, "model": "map_editor.point", "fields": {"floor": 17, "label": 6, "col": 29, "description": null, "row": 26}}, {"pk": 1392, "model": "map_editor.point", "fields": {"floor": 17, "label": 6, "col": 30, "description": null, "row": 26}}, {"pk": 1393, "model": "map_editor.point", "fields": {"floor": 17, "label": 6, "col": 31, "description": null, "row": 26}}, {"pk": 1394, "model": "map_editor.point", "fields": {"floor": 17, "label": 6, "col": 34, "description": null, "row": 26}}, {"pk": 1395, "model": "map_editor.point", "fields": {"floor": 17, "label": 6, "col": 35, "description": null, "row": 26}}, {"pk": 1396, "model": "map_editor.point", "fields": {"floor": 17, "label": 6, "col": 36, "description": null, "row": 26}}, {"pk": 1397, "model": "map_editor.point", "fields": {"floor": 17, "label": 6, "col": 37, "description": null, "row": 26}}, {"pk": 1398, "model": "map_editor.point", "fields": {"floor": 17, "label": 6, "col": 38, "description": null, "row": 26}}, {"pk": 1399, "model": "map_editor.point", "fields": {"floor": 17, "label": 6, "col": 39, "description": null, "row": 26}}, {"pk": 1400, "model": "map_editor.point", "fields": {"floor": 17, "label": 6, "col": 40, "description": null, "row": 26}}, {"pk": 1401, "model": "map_editor.point", "fields": {"floor": 17, "label": 6, "col": 41, "description": null, "row": 26}}, {"pk": 1402, "model": "map_editor.point", "fields": {"floor": 17, "label": 6, "col": 89, "description": null, "row": 26}}, {"pk": 1403, "model": "map_editor.point", "fields": {"floor": 17, "label": 6, "col": 98, "description": null, "row": 26}}, {"pk": 1404, "model": "map_editor.point", "fields": {"floor": 17, "label": 6, "col": 100, "description": null, "row": 26}}, {"pk": 1406, "model": "map_editor.point", "fields": {"floor": 17, "label": 6, "col": 89, "description": null, "row": 25}}, {"pk": 1407, "model": "map_editor.point", "fields": {"floor": 17, "label": 6, "col": 98, "description": null, "row": 25}}, {"pk": 1408, "model": "map_editor.point", "fields": {"floor": 17, "label": 6, "col": 100, "description": null, "row": 25}}, {"pk": 1409, "model": "map_editor.point", "fields": {"floor": 17, "label": 6, "col": 89, "description": null, "row": 24}}, {"pk": 1410, "model": "map_editor.point", "fields": {"floor": 17, "label": 6, "col": 98, "description": null, "row": 24}}, {"pk": 1411, "model": "map_editor.point", "fields": {"floor": 17, "label": 6, "col": 100, "description": null, "row": 24}}, {"pk": 1412, "model": "map_editor.point", "fields": {"floor": 17, "label": 6, "col": 23, "description": null, "row": 23}}, {"pk": 1413, "model": "map_editor.point", "fields": {"floor": 17, "label": 6, "col": 89, "description": null, "row": 23}}, {"pk": 1414, "model": "map_editor.point", "fields": {"floor": 17, "label": 6, "col": 90, "description": null, "row": 23}}, {"pk": 1415, "model": "map_editor.point", "fields": {"floor": 17, "label": 6, "col": 91, "description": null, "row": 23}}, {"pk": 1416, "model": "map_editor.point", "fields": {"floor": 17, "label": 6, "col": 92, "description": null, "row": 23}}, {"pk": 1417, "model": "map_editor.point", "fields": {"floor": 17, "label": 6, "col": 94, "description": null, "row": 23}}, {"pk": 1418, "model": "map_editor.point", "fields": {"floor": 17, "label": 6, "col": 95, "description": null, "row": 23}}, {"pk": 1419, "model": "map_editor.point", "fields": {"floor": 17, "label": 6, "col": 96, "description": null, "row": 23}}, {"pk": 1420, "model": "map_editor.point", "fields": {"floor": 17, "label": 6, "col": 97, "description": null, "row": 23}}, {"pk": 1421, "model": "map_editor.point", "fields": {"floor": 17, "label": 6, "col": 98, "description": null, "row": 23}}, {"pk": 1422, "model": "map_editor.point", "fields": {"floor": 17, "label": 6, "col": 100, "description": null, "row": 23}}, {"pk": 1423, "model": "map_editor.point", "fields": {"floor": 17, "label": 6, "col": 23, "description": null, "row": 22}}, {"pk": 1424, "model": "map_editor.point", "fields": {"floor": 17, "label": 6, "col": 23, "description": null, "row": 21}}, {"pk": 1425, "model": "map_editor.point", "fields": {"floor": 17, "label": 6, "col": 23, "description": null, "row": 20}}, {"pk": 1426, "model": "map_editor.point", "fields": {"floor": 17, "label": 6, "col": 24, "description": null, "row": 20}}, {"pk": 1427, "model": "map_editor.point", "fields": {"floor": 17, "label": 6, "col": 25, "description": null, "row": 20}}, {"pk": 1428, "model": "map_editor.point", "fields": {"floor": 17, "label": 6, "col": 26, "description": null, "row": 20}}, {"pk": 1429, "model": "map_editor.point", "fields": {"floor": 17, "label": 6, "col": 27, "description": null, "row": 20}}, {"pk": 1430, "model": "map_editor.point", "fields": {"floor": 17, "label": 6, "col": 28, "description": null, "row": 20}}, {"pk": 1431, "model": "map_editor.point", "fields": {"floor": 17, "label": 6, "col": 29, "description": null, "row": 20}}, {"pk": 1432, "model": "map_editor.point", "fields": {"floor": 17, "label": 6, "col": 30, "description": null, "row": 20}}, {"pk": 1433, "model": "map_editor.point", "fields": {"floor": 17, "label": 6, "col": 31, "description": null, "row": 20}}, {"pk": 1434, "model": "map_editor.point", "fields": {"floor": 17, "label": 6, "col": 32, "description": null, "row": 20}}, {"pk": 1435, "model": "map_editor.point", "fields": {"floor": 17, "label": 6, "col": 33, "description": null, "row": 20}}, {"pk": 1436, "model": "map_editor.point", "fields": {"floor": 17, "label": 6, "col": 34, "description": null, "row": 20}}, {"pk": 1437, "model": "map_editor.point", "fields": {"floor": 17, "label": 6, "col": 35, "description": null, "row": 20}}, {"pk": 1438, "model": "map_editor.point", "fields": {"floor": 17, "label": 6, "col": 36, "description": null, "row": 20}}, {"pk": 1439, "model": "map_editor.point", "fields": {"floor": 17, "label": 6, "col": 37, "description": null, "row": 20}}, {"pk": 1440, "model": "map_editor.point", "fields": {"floor": 17, "label": 6, "col": 38, "description": null, "row": 20}}, {"pk": 1441, "model": "map_editor.point", "fields": {"floor": 17, "label": 6, "col": 39, "description": null, "row": 20}}, {"pk": 1442, "model": "map_editor.point", "fields": {"floor": 17, "label": 6, "col": 40, "description": null, "row": 20}}, {"pk": 1443, "model": "map_editor.point", "fields": {"floor": 17, "label": 6, "col": 41, "description": null, "row": 20}}, {"pk": 1444, "model": "map_editor.point", "fields": {"floor": 17, "label": 6, "col": 42, "description": null, "row": 20}}, {"pk": 1445, "model": "map_editor.point", "fields": {"floor": 17, "label": 6, "col": 43, "description": null, "row": 20}}, {"pk": 1446, "model": "map_editor.point", "fields": {"floor": 17, "label": 6, "col": 44, "description": null, "row": 20}}, {"pk": 1447, "model": "map_editor.point", "fields": {"floor": 17, "label": 6, "col": 45, "description": null, "row": 20}}, {"pk": 1448, "model": "map_editor.point", "fields": {"floor": 17, "label": 6, "col": 46, "description": null, "row": 20}}, {"pk": 1449, "model": "map_editor.point", "fields": {"floor": 17, "label": 6, "col": 47, "description": null, "row": 20}}, {"pk": 1450, "model": "map_editor.point", "fields": {"floor": 17, "label": 6, "col": 49, "description": null, "row": 20}}, {"pk": 1451, "model": "map_editor.point", "fields": {"floor": 17, "label": 6, "col": 50, "description": null, "row": 20}}, {"pk": 1452, "model": "map_editor.point", "fields": {"floor": 17, "label": 6, "col": 51, "description": null, "row": 20}}, {"pk": 1453, "model": "map_editor.point", "fields": {"floor": 17, "label": 6, "col": 52, "description": null, "row": 20}}, {"pk": 1454, "model": "map_editor.point", "fields": {"floor": 17, "label": 6, "col": 53, "description": null, "row": 20}}, {"pk": 1455, "model": "map_editor.point", "fields": {"floor": 17, "label": 6, "col": 54, "description": null, "row": 20}}, {"pk": 1456, "model": "map_editor.point", "fields": {"floor": 17, "label": 6, "col": 55, "description": null, "row": 20}}, {"pk": 1457, "model": "map_editor.point", "fields": {"floor": 17, "label": 6, "col": 56, "description": null, "row": 20}}, {"pk": 1458, "model": "map_editor.point", "fields": {"floor": 17, "label": 6, "col": 58, "description": null, "row": 20}}, {"pk": 1459, "model": "map_editor.point", "fields": {"floor": 17, "label": 6, "col": 59, "description": null, "row": 20}}, {"pk": 1460, "model": "map_editor.point", "fields": {"floor": 17, "label": 6, "col": 60, "description": null, "row": 20}}, {"pk": 1461, "model": "map_editor.point", "fields": {"floor": 17, "label": 6, "col": 61, "description": null, "row": 20}}, {"pk": 1462, "model": "map_editor.point", "fields": {"floor": 17, "label": 6, "col": 62, "description": null, "row": 20}}, {"pk": 1463, "model": "map_editor.point", "fields": {"floor": 17, "label": 6, "col": 63, "description": null, "row": 20}}, {"pk": 1464, "model": "map_editor.point", "fields": {"floor": 17, "label": 6, "col": 64, "description": null, "row": 20}}, {"pk": 1465, "model": "map_editor.point", "fields": {"floor": 17, "label": 6, "col": 65, "description": null, "row": 20}}, {"pk": 1466, "model": "map_editor.point", "fields": {"floor": 17, "label": 6, "col": 67, "description": null, "row": 20}}, {"pk": 1467, "model": "map_editor.point", "fields": {"floor": 17, "label": 6, "col": 68, "description": null, "row": 20}}, {"pk": 1468, "model": "map_editor.point", "fields": {"floor": 17, "label": 6, "col": 69, "description": null, "row": 20}}, {"pk": 1469, "model": "map_editor.point", "fields": {"floor": 17, "label": 6, "col": 70, "description": null, "row": 20}}, {"pk": 1470, "model": "map_editor.point", "fields": {"floor": 17, "label": 6, "col": 71, "description": null, "row": 20}}, {"pk": 1471, "model": "map_editor.point", "fields": {"floor": 17, "label": 6, "col": 72, "description": null, "row": 20}}, {"pk": 1472, "model": "map_editor.point", "fields": {"floor": 17, "label": 6, "col": 73, "description": null, "row": 20}}, {"pk": 1473, "model": "map_editor.point", "fields": {"floor": 17, "label": 6, "col": 74, "description": null, "row": 20}}, {"pk": 1474, "model": "map_editor.point", "fields": {"floor": 17, "label": 6, "col": 75, "description": null, "row": 20}}, {"pk": 1475, "model": "map_editor.point", "fields": {"floor": 17, "label": 6, "col": 76, "description": null, "row": 20}}, {"pk": 1476, "model": "map_editor.point", "fields": {"floor": 17, "label": 6, "col": 77, "description": null, "row": 20}}, {"pk": 1477, "model": "map_editor.point", "fields": {"floor": 17, "label": 6, "col": 78, "description": null, "row": 20}}, {"pk": 1478, "model": "map_editor.point", "fields": {"floor": 17, "label": 6, "col": 79, "description": null, "row": 20}}, {"pk": 1479, "model": "map_editor.point", "fields": {"floor": 17, "label": 6, "col": 80, "description": null, "row": 20}}, {"pk": 1480, "model": "map_editor.point", "fields": {"floor": 17, "label": 6, "col": 81, "description": null, "row": 20}}, {"pk": 1481, "model": "map_editor.point", "fields": {"floor": 17, "label": 6, "col": 82, "description": null, "row": 20}}, {"pk": 1482, "model": "map_editor.point", "fields": {"floor": 17, "label": 6, "col": 83, "description": null, "row": 20}}, {"pk": 1483, "model": "map_editor.point", "fields": {"floor": 17, "label": 6, "col": 84, "description": null, "row": 20}}, {"pk": 1484, "model": "map_editor.point", "fields": {"floor": 17, "label": 6, "col": 23, "description": null, "row": 19}}, {"pk": 1485, "model": "map_editor.point", "fields": {"floor": 17, "label": 6, "col": 30, "description": null, "row": 19}}, {"pk": 1486, "model": "map_editor.point", "fields": {"floor": 17, "label": 6, "col": 56, "description": null, "row": 19}}, {"pk": 1487, "model": "map_editor.point", "fields": {"floor": 17, "label": 6, "col": 58, "description": null, "row": 19}}, {"pk": 1488, "model": "map_editor.point", "fields": {"floor": 17, "label": 6, "col": 84, "description": null, "row": 19}}, {"pk": 1489, "model": "map_editor.point", "fields": {"floor": 17, "label": 6, "col": 23, "description": null, "row": 18}}, {"pk": 1490, "model": "map_editor.point", "fields": {"floor": 17, "label": 6, "col": 28, "description": null, "row": 18}}, {"pk": 1491, "model": "map_editor.point", "fields": {"floor": 17, "label": 6, "col": 30, "description": null, "row": 18}}, {"pk": 1492, "model": "map_editor.point", "fields": {"floor": 17, "label": 6, "col": 56, "description": null, "row": 18}}, {"pk": 1493, "model": "map_editor.point", "fields": {"floor": 17, "label": 6, "col": 58, "description": null, "row": 18}}, {"pk": 1494, "model": "map_editor.point", "fields": {"floor": 17, "label": 6, "col": 84, "description": null, "row": 18}}, {"pk": 1495, "model": "map_editor.point", "fields": {"floor": 17, "label": 6, "col": 23, "description": null, "row": 17}}, {"pk": 1496, "model": "map_editor.point", "fields": {"floor": 17, "label": 6, "col": 28, "description": null, "row": 17}}, {"pk": 1497, "model": "map_editor.point", "fields": {"floor": 17, "label": 6, "col": 56, "description": null, "row": 17}}, {"pk": 1498, "model": "map_editor.point", "fields": {"floor": 17, "label": 6, "col": 58, "description": null, "row": 17}}, {"pk": 1499, "model": "map_editor.point", "fields": {"floor": 17, "label": 6, "col": 84, "description": null, "row": 17}}, {"pk": 1500, "model": "map_editor.point", "fields": {"floor": 17, "label": 6, "col": 23, "description": null, "row": 16}}, {"pk": 1501, "model": "map_editor.point", "fields": {"floor": 17, "label": 6, "col": 28, "description": null, "row": 16}}, {"pk": 1502, "model": "map_editor.point", "fields": {"floor": 17, "label": 6, "col": 30, "description": null, "row": 16}}, {"pk": 1503, "model": "map_editor.point", "fields": {"floor": 17, "label": 6, "col": 56, "description": null, "row": 16}}, {"pk": 1504, "model": "map_editor.point", "fields": {"floor": 17, "label": 6, "col": 58, "description": null, "row": 16}}, {"pk": 1505, "model": "map_editor.point", "fields": {"floor": 17, "label": 6, "col": 84, "description": null, "row": 16}}, {"pk": 1506, "model": "map_editor.point", "fields": {"floor": 17, "label": 6, "col": 23, "description": null, "row": 15}}, {"pk": 1507, "model": "map_editor.point", "fields": {"floor": 17, "label": 6, "col": 25, "description": null, "row": 15}}, {"pk": 1508, "model": "map_editor.point", "fields": {"floor": 17, "label": 6, "col": 26, "description": null, "row": 15}}, {"pk": 1509, "model": "map_editor.point", "fields": {"floor": 17, "label": 6, "col": 27, "description": null, "row": 15}}, {"pk": 1510, "model": "map_editor.point", "fields": {"floor": 17, "label": 6, "col": 28, "description": null, "row": 15}}, {"pk": 1511, "model": "map_editor.point", "fields": {"floor": 17, "label": 6, "col": 30, "description": null, "row": 15}}, {"pk": 1512, "model": "map_editor.point", "fields": {"floor": 17, "label": 6, "col": 56, "description": null, "row": 15}}, {"pk": 1513, "model": "map_editor.point", "fields": {"floor": 17, "label": 6, "col": 58, "description": null, "row": 15}}, {"pk": 1514, "model": "map_editor.point", "fields": {"floor": 17, "label": 6, "col": 84, "description": null, "row": 15}}, {"pk": 1515, "model": "map_editor.point", "fields": {"floor": 17, "label": 6, "col": 23, "description": null, "row": 14}}, {"pk": 1516, "model": "map_editor.point", "fields": {"floor": 17, "label": 6, "col": 25, "description": null, "row": 14}}, {"pk": 1517, "model": "map_editor.point", "fields": {"floor": 17, "label": 6, "col": 26, "description": null, "row": 14}}, {"pk": 1518, "model": "map_editor.point", "fields": {"floor": 17, "label": 6, "col": 27, "description": null, "row": 14}}, {"pk": 1519, "model": "map_editor.point", "fields": {"floor": 17, "label": 6, "col": 28, "description": null, "row": 14}}, {"pk": 1520, "model": "map_editor.point", "fields": {"floor": 17, "label": 6, "col": 30, "description": null, "row": 14}}, {"pk": 1521, "model": "map_editor.point", "fields": {"floor": 17, "label": 6, "col": 56, "description": null, "row": 14}}, {"pk": 1522, "model": "map_editor.point", "fields": {"floor": 17, "label": 6, "col": 58, "description": null, "row": 14}}, {"pk": 1523, "model": "map_editor.point", "fields": {"floor": 17, "label": 6, "col": 84, "description": null, "row": 14}}, {"pk": 1524, "model": "map_editor.point", "fields": {"floor": 17, "label": 6, "col": 23, "description": null, "row": 13}}, {"pk": 1525, "model": "map_editor.point", "fields": {"floor": 17, "label": 6, "col": 25, "description": null, "row": 13}}, {"pk": 1526, "model": "map_editor.point", "fields": {"floor": 17, "label": 6, "col": 26, "description": null, "row": 13}}, {"pk": 1527, "model": "map_editor.point", "fields": {"floor": 17, "label": 6, "col": 27, "description": null, "row": 13}}, {"pk": 1528, "model": "map_editor.point", "fields": {"floor": 17, "label": 6, "col": 28, "description": null, "row": 13}}, {"pk": 1529, "model": "map_editor.point", "fields": {"floor": 17, "label": 6, "col": 30, "description": null, "row": 13}}, {"pk": 1530, "model": "map_editor.point", "fields": {"floor": 17, "label": 6, "col": 56, "description": null, "row": 13}}, {"pk": 1531, "model": "map_editor.point", "fields": {"floor": 17, "label": 6, "col": 58, "description": null, "row": 13}}, {"pk": 1532, "model": "map_editor.point", "fields": {"floor": 17, "label": 6, "col": 84, "description": null, "row": 13}}, {"pk": 1533, "model": "map_editor.point", "fields": {"floor": 17, "label": 6, "col": 23, "description": null, "row": 12}}, {"pk": 1534, "model": "map_editor.point", "fields": {"floor": 17, "label": 6, "col": 25, "description": null, "row": 12}}, {"pk": 1535, "model": "map_editor.point", "fields": {"floor": 17, "label": 6, "col": 28, "description": null, "row": 12}}, {"pk": 1536, "model": "map_editor.point", "fields": {"floor": 17, "label": 6, "col": 30, "description": null, "row": 12}}, {"pk": 1537, "model": "map_editor.point", "fields": {"floor": 17, "label": 6, "col": 56, "description": null, "row": 12}}, {"pk": 1538, "model": "map_editor.point", "fields": {"floor": 17, "label": 6, "col": 58, "description": null, "row": 12}}, {"pk": 1539, "model": "map_editor.point", "fields": {"floor": 17, "label": 6, "col": 84, "description": null, "row": 12}}, {"pk": 1540, "model": "map_editor.point", "fields": {"floor": 17, "label": 6, "col": 23, "description": null, "row": 11}}, {"pk": 1541, "model": "map_editor.point", "fields": {"floor": 17, "label": 6, "col": 25, "description": null, "row": 11}}, {"pk": 1542, "model": "map_editor.point", "fields": {"floor": 17, "label": 6, "col": 28, "description": null, "row": 11}}, {"pk": 1543, "model": "map_editor.point", "fields": {"floor": 17, "label": 6, "col": 56, "description": null, "row": 11}}, {"pk": 1544, "model": "map_editor.point", "fields": {"floor": 17, "label": 6, "col": 58, "description": null, "row": 11}}, {"pk": 1545, "model": "map_editor.point", "fields": {"floor": 17, "label": 6, "col": 84, "description": null, "row": 11}}, {"pk": 1546, "model": "map_editor.point", "fields": {"floor": 17, "label": 6, "col": 23, "description": null, "row": 10}}, {"pk": 1547, "model": "map_editor.point", "fields": {"floor": 17, "label": 6, "col": 28, "description": null, "row": 10}}, {"pk": 1548, "model": "map_editor.point", "fields": {"floor": 17, "label": 6, "col": 30, "description": null, "row": 10}}, {"pk": 1549, "model": "map_editor.point", "fields": {"floor": 17, "label": 6, "col": 56, "description": null, "row": 10}}, {"pk": 1550, "model": "map_editor.point", "fields": {"floor": 17, "label": 6, "col": 58, "description": null, "row": 10}}, {"pk": 1551, "model": "map_editor.point", "fields": {"floor": 17, "label": 6, "col": 23, "description": null, "row": 9}}, {"pk": 1552, "model": "map_editor.point", "fields": {"floor": 17, "label": 6, "col": 25, "description": null, "row": 9}}, {"pk": 1553, "model": "map_editor.point", "fields": {"floor": 17, "label": 6, "col": 28, "description": null, "row": 9}}, {"pk": 1554, "model": "map_editor.point", "fields": {"floor": 17, "label": 6, "col": 30, "description": null, "row": 9}}, {"pk": 1555, "model": "map_editor.point", "fields": {"floor": 17, "label": 6, "col": 56, "description": null, "row": 9}}, {"pk": 1556, "model": "map_editor.point", "fields": {"floor": 17, "label": 6, "col": 58, "description": null, "row": 9}}, {"pk": 1557, "model": "map_editor.point", "fields": {"floor": 17, "label": 6, "col": 23, "description": null, "row": 8}}, {"pk": 1558, "model": "map_editor.point", "fields": {"floor": 17, "label": 6, "col": 25, "description": null, "row": 8}}, {"pk": 1559, "model": "map_editor.point", "fields": {"floor": 17, "label": 6, "col": 28, "description": null, "row": 8}}, {"pk": 1560, "model": "map_editor.point", "fields": {"floor": 17, "label": 6, "col": 30, "description": null, "row": 8}}, {"pk": 1561, "model": "map_editor.point", "fields": {"floor": 17, "label": 6, "col": 31, "description": null, "row": 8}}, {"pk": 1562, "model": "map_editor.point", "fields": {"floor": 17, "label": 6, "col": 32, "description": null, "row": 8}}, {"pk": 1563, "model": "map_editor.point", "fields": {"floor": 17, "label": 6, "col": 33, "description": null, "row": 8}}, {"pk": 1564, "model": "map_editor.point", "fields": {"floor": 17, "label": 6, "col": 34, "description": null, "row": 8}}, {"pk": 1565, "model": "map_editor.point", "fields": {"floor": 17, "label": 6, "col": 56, "description": null, "row": 8}}, {"pk": 1566, "model": "map_editor.point", "fields": {"floor": 17, "label": 6, "col": 58, "description": null, "row": 8}}, {"pk": 1567, "model": "map_editor.point", "fields": {"floor": 17, "label": 6, "col": 84, "description": null, "row": 8}}, {"pk": 1568, "model": "map_editor.point", "fields": {"floor": 17, "label": 6, "col": 23, "description": null, "row": 7}}, {"pk": 1569, "model": "map_editor.point", "fields": {"floor": 17, "label": 6, "col": 24, "description": null, "row": 7}}, {"pk": 1570, "model": "map_editor.point", "fields": {"floor": 17, "label": 6, "col": 25, "description": null, "row": 7}}, {"pk": 1571, "model": "map_editor.point", "fields": {"floor": 17, "label": 6, "col": 26, "description": null, "row": 7}}, {"pk": 1572, "model": "map_editor.point", "fields": {"floor": 17, "label": 6, "col": 27, "description": null, "row": 7}}, {"pk": 1573, "model": "map_editor.point", "fields": {"floor": 17, "label": 6, "col": 28, "description": null, "row": 7}}, {"pk": 1574, "model": "map_editor.point", "fields": {"floor": 17, "label": 6, "col": 29, "description": null, "row": 7}}, {"pk": 1575, "model": "map_editor.point", "fields": {"floor": 17, "label": 6, "col": 30, "description": null, "row": 7}}, {"pk": 1576, "model": "map_editor.point", "fields": {"floor": 17, "label": 6, "col": 31, "description": null, "row": 7}}, {"pk": 1577, "model": "map_editor.point", "fields": {"floor": 17, "label": 6, "col": 32, "description": null, "row": 7}}, {"pk": 1578, "model": "map_editor.point", "fields": {"floor": 17, "label": 6, "col": 33, "description": null, "row": 7}}, {"pk": 1579, "model": "map_editor.point", "fields": {"floor": 17, "label": 6, "col": 34, "description": null, "row": 7}}, {"pk": 1580, "model": "map_editor.point", "fields": {"floor": 17, "label": 6, "col": 35, "description": null, "row": 7}}, {"pk": 1581, "model": "map_editor.point", "fields": {"floor": 17, "label": 6, "col": 39, "description": null, "row": 7}}, {"pk": 1582, "model": "map_editor.point", "fields": {"floor": 17, "label": 6, "col": 40, "description": null, "row": 7}}, {"pk": 1583, "model": "map_editor.point", "fields": {"floor": 17, "label": 6, "col": 41, "description": null, "row": 7}}, {"pk": 1584, "model": "map_editor.point", "fields": {"floor": 17, "label": 6, "col": 42, "description": null, "row": 7}}, {"pk": 1585, "model": "map_editor.point", "fields": {"floor": 17, "label": 6, "col": 43, "description": null, "row": 7}}, {"pk": 1586, "model": "map_editor.point", "fields": {"floor": 17, "label": 6, "col": 44, "description": null, "row": 7}}, {"pk": 1587, "model": "map_editor.point", "fields": {"floor": 17, "label": 6, "col": 45, "description": null, "row": 7}}, {"pk": 1588, "model": "map_editor.point", "fields": {"floor": 17, "label": 6, "col": 46, "description": null, "row": 7}}, {"pk": 1589, "model": "map_editor.point", "fields": {"floor": 17, "label": 6, "col": 47, "description": null, "row": 7}}, {"pk": 1590, "model": "map_editor.point", "fields": {"floor": 17, "label": 6, "col": 49, "description": null, "row": 7}}, {"pk": 1591, "model": "map_editor.point", "fields": {"floor": 17, "label": 6, "col": 50, "description": null, "row": 7}}, {"pk": 1592, "model": "map_editor.point", "fields": {"floor": 17, "label": 6, "col": 51, "description": null, "row": 7}}, {"pk": 1593, "model": "map_editor.point", "fields": {"floor": 17, "label": 6, "col": 53, "description": null, "row": 7}}, {"pk": 1594, "model": "map_editor.point", "fields": {"floor": 17, "label": 6, "col": 54, "description": null, "row": 7}}, {"pk": 1595, "model": "map_editor.point", "fields": {"floor": 17, "label": 6, "col": 55, "description": null, "row": 7}}, {"pk": 1596, "model": "map_editor.point", "fields": {"floor": 17, "label": 6, "col": 56, "description": null, "row": 7}}, {"pk": 1597, "model": "map_editor.point", "fields": {"floor": 17, "label": 6, "col": 58, "description": null, "row": 7}}, {"pk": 1598, "model": "map_editor.point", "fields": {"floor": 17, "label": 6, "col": 59, "description": null, "row": 7}}, {"pk": 1599, "model": "map_editor.point", "fields": {"floor": 17, "label": 6, "col": 60, "description": null, "row": 7}}, {"pk": 1600, "model": "map_editor.point", "fields": {"floor": 17, "label": 6, "col": 61, "description": null, "row": 7}}, {"pk": 1601, "model": "map_editor.point", "fields": {"floor": 17, "label": 6, "col": 63, "description": null, "row": 7}}, {"pk": 1602, "model": "map_editor.point", "fields": {"floor": 17, "label": 6, "col": 64, "description": null, "row": 7}}, {"pk": 1603, "model": "map_editor.point", "fields": {"floor": 17, "label": 6, "col": 65, "description": null, "row": 7}}, {"pk": 1604, "model": "map_editor.point", "fields": {"floor": 17, "label": 6, "col": 67, "description": null, "row": 7}}, {"pk": 1605, "model": "map_editor.point", "fields": {"floor": 17, "label": 6, "col": 68, "description": null, "row": 7}}, {"pk": 1606, "model": "map_editor.point", "fields": {"floor": 17, "label": 6, "col": 69, "description": null, "row": 7}}, {"pk": 1607, "model": "map_editor.point", "fields": {"floor": 17, "label": 6, "col": 71, "description": null, "row": 7}}, {"pk": 1608, "model": "map_editor.point", "fields": {"floor": 17, "label": 6, "col": 72, "description": null, "row": 7}}, {"pk": 1609, "model": "map_editor.point", "fields": {"floor": 17, "label": 6, "col": 73, "description": null, "row": 7}}, {"pk": 1610, "model": "map_editor.point", "fields": {"floor": 17, "label": 6, "col": 74, "description": null, "row": 7}}, {"pk": 1611, "model": "map_editor.point", "fields": {"floor": 17, "label": 6, "col": 75, "description": null, "row": 7}}, {"pk": 1612, "model": "map_editor.point", "fields": {"floor": 17, "label": 6, "col": 77, "description": null, "row": 7}}, {"pk": 1613, "model": "map_editor.point", "fields": {"floor": 17, "label": 6, "col": 78, "description": null, "row": 7}}, {"pk": 1614, "model": "map_editor.point", "fields": {"floor": 17, "label": 6, "col": 79, "description": null, "row": 7}}, {"pk": 1615, "model": "map_editor.point", "fields": {"floor": 17, "label": 6, "col": 81, "description": null, "row": 7}}, {"pk": 1616, "model": "map_editor.point", "fields": {"floor": 17, "label": 6, "col": 82, "description": null, "row": 7}}, {"pk": 1617, "model": "map_editor.point", "fields": {"floor": 17, "label": 6, "col": 83, "description": null, "row": 7}}, {"pk": 1618, "model": "map_editor.point", "fields": {"floor": 17, "label": 6, "col": 84, "description": null, "row": 7}}, {"pk": 1619, "model": "map_editor.point", "fields": {"floor": 17, "label": 6, "col": 10, "description": null, "row": 46}}, {"pk": 1620, "model": "map_editor.point", "fields": {"floor": 17, "label": 6, "col": 11, "description": null, "row": 46}}, {"pk": 1621, "model": "map_editor.point", "fields": {"floor": 17, "label": 6, "col": 12, "description": null, "row": 46}}, {"pk": 1622, "model": "map_editor.point", "fields": {"floor": 17, "label": 6, "col": 13, "description": null, "row": 46}}, {"pk": 1623, "model": "map_editor.point", "fields": {"floor": 17, "label": 6, "col": 14, "description": null, "row": 46}}, {"pk": 1624, "model": "map_editor.point", "fields": {"floor": 17, "label": 6, "col": 15, "description": null, "row": 46}}, {"pk": 1625, "model": "map_editor.point", "fields": {"floor": 17, "label": 6, "col": 16, "description": null, "row": 46}}, {"pk": 1626, "model": "map_editor.point", "fields": {"floor": 17, "label": 6, "col": 17, "description": null, "row": 46}}, {"pk": 1627, "model": "map_editor.point", "fields": {"floor": 17, "label": 6, "col": 18, "description": null, "row": 46}}, {"pk": 1628, "model": "map_editor.point", "fields": {"floor": 17, "label": 6, "col": 19, "description": null, "row": 46}}, {"pk": 1629, "model": "map_editor.point", "fields": {"floor": 17, "label": 6, "col": 10, "description": null, "row": 45}}, {"pk": 1630, "model": "map_editor.point", "fields": {"floor": 17, "label": 6, "col": 18, "description": null, "row": 45}}, {"pk": 1631, "model": "map_editor.point", "fields": {"floor": 17, "label": 6, "col": 19, "description": null, "row": 45}}, {"pk": 1632, "model": "map_editor.point", "fields": {"floor": 17, "label": 6, "col": 10, "description": null, "row": 44}}, {"pk": 1633, "model": "map_editor.point", "fields": {"floor": 17, "label": 6, "col": 19, "description": null, "row": 44}}, {"pk": 1634, "model": "map_editor.point", "fields": {"floor": 17, "label": 6, "col": 10, "description": null, "row": 43}}, {"pk": 1635, "model": "map_editor.point", "fields": {"floor": 17, "label": 6, "col": 19, "description": null, "row": 43}}, {"pk": 1636, "model": "map_editor.point", "fields": {"floor": 17, "label": 6, "col": 10, "description": null, "row": 42}}, {"pk": 1637, "model": "map_editor.point", "fields": {"floor": 17, "label": 6, "col": 19, "description": null, "row": 42}}, {"pk": 1638, "model": "map_editor.point", "fields": {"floor": 17, "label": 6, "col": 10, "description": null, "row": 41}}, {"pk": 1639, "model": "map_editor.point", "fields": {"floor": 17, "label": 6, "col": 19, "description": null, "row": 41}}, {"pk": 1640, "model": "map_editor.point", "fields": {"floor": 17, "label": 6, "col": 10, "description": null, "row": 40}}, {"pk": 1641, "model": "map_editor.point", "fields": {"floor": 17, "label": 6, "col": 19, "description": null, "row": 40}}, {"pk": 1642, "model": "map_editor.point", "fields": {"floor": 17, "label": 6, "col": 10, "description": null, "row": 39}}, {"pk": 1643, "model": "map_editor.point", "fields": {"floor": 17, "label": 6, "col": 19, "description": null, "row": 39}}, {"pk": 1644, "model": "map_editor.point", "fields": {"floor": 17, "label": 6, "col": 10, "description": null, "row": 38}}, {"pk": 1645, "model": "map_editor.point", "fields": {"floor": 17, "label": 6, "col": 19, "description": null, "row": 38}}, {"pk": 1646, "model": "map_editor.point", "fields": {"floor": 17, "label": 6, "col": 10, "description": null, "row": 37}}, {"pk": 1647, "model": "map_editor.point", "fields": {"floor": 17, "label": 6, "col": 19, "description": null, "row": 37}}, {"pk": 1648, "model": "map_editor.point", "fields": {"floor": 17, "label": 6, "col": 10, "description": null, "row": 36}}, {"pk": 1649, "model": "map_editor.point", "fields": {"floor": 17, "label": 6, "col": 19, "description": null, "row": 36}}, {"pk": 1650, "model": "map_editor.point", "fields": {"floor": 17, "label": 6, "col": 10, "description": null, "row": 35}}, {"pk": 1651, "model": "map_editor.point", "fields": {"floor": 17, "label": 6, "col": 19, "description": null, "row": 35}}, {"pk": 1652, "model": "map_editor.point", "fields": {"floor": 17, "label": 6, "col": 10, "description": null, "row": 34}}, {"pk": 1653, "model": "map_editor.point", "fields": {"floor": 17, "label": 6, "col": 19, "description": null, "row": 34}}, {"pk": 1654, "model": "map_editor.point", "fields": {"floor": 17, "label": 6, "col": 10, "description": null, "row": 33}}, {"pk": 1655, "model": "map_editor.point", "fields": {"floor": 17, "label": 6, "col": 19, "description": null, "row": 33}}, {"pk": 1656, "model": "map_editor.point", "fields": {"floor": 17, "label": 6, "col": 10, "description": null, "row": 32}}, {"pk": 1657, "model": "map_editor.point", "fields": {"floor": 17, "label": 6, "col": 19, "description": null, "row": 32}}, {"pk": 1658, "model": "map_editor.point", "fields": {"floor": 17, "label": 6, "col": 10, "description": null, "row": 31}}, {"pk": 1659, "model": "map_editor.point", "fields": {"floor": 17, "label": 6, "col": 19, "description": null, "row": 31}}, {"pk": 1660, "model": "map_editor.point", "fields": {"floor": 17, "label": 6, "col": 10, "description": null, "row": 30}}, {"pk": 1661, "model": "map_editor.point", "fields": {"floor": 17, "label": 6, "col": 19, "description": null, "row": 30}}, {"pk": 1662, "model": "map_editor.point", "fields": {"floor": 17, "label": 6, "col": 10, "description": null, "row": 29}}, {"pk": 1663, "model": "map_editor.point", "fields": {"floor": 17, "label": 6, "col": 19, "description": null, "row": 29}}, {"pk": 1664, "model": "map_editor.point", "fields": {"floor": 17, "label": 6, "col": 10, "description": null, "row": 28}}, {"pk": 1665, "model": "map_editor.point", "fields": {"floor": 17, "label": 6, "col": 19, "description": null, "row": 28}}, {"pk": 1666, "model": "map_editor.point", "fields": {"floor": 17, "label": 6, "col": 10, "description": null, "row": 27}}, {"pk": 1667, "model": "map_editor.point", "fields": {"floor": 17, "label": 6, "col": 12, "description": null, "row": 27}}, {"pk": 1668, "model": "map_editor.point", "fields": {"floor": 17, "label": 6, "col": 13, "description": null, "row": 27}}, {"pk": 1669, "model": "map_editor.point", "fields": {"floor": 17, "label": 6, "col": 14, "description": null, "row": 27}}, {"pk": 1670, "model": "map_editor.point", "fields": {"floor": 17, "label": 6, "col": 15, "description": null, "row": 27}}, {"pk": 1671, "model": "map_editor.point", "fields": {"floor": 17, "label": 6, "col": 16, "description": null, "row": 27}}, {"pk": 1672, "model": "map_editor.point", "fields": {"floor": 17, "label": 6, "col": 17, "description": null, "row": 27}}, {"pk": 1673, "model": "map_editor.point", "fields": {"floor": 17, "label": 6, "col": 19, "description": null, "row": 27}}, {"pk": 1674, "model": "map_editor.point", "fields": {"floor": 17, "label": 6, "col": 10, "description": null, "row": 26}}, {"pk": 1676, "model": "map_editor.point", "fields": {"floor": 17, "label": 6, "col": 12, "description": null, "row": 26}}, {"pk": 1677, "model": "map_editor.point", "fields": {"floor": 17, "label": 6, "col": 17, "description": null, "row": 26}}, {"pk": 1678, "model": "map_editor.point", "fields": {"floor": 17, "label": 6, "col": 19, "description": null, "row": 26}}, {"pk": 1679, "model": "map_editor.point", "fields": {"floor": 17, "label": 6, "col": 17, "description": null, "row": 25}}, {"pk": 1680, "model": "map_editor.point", "fields": {"floor": 17, "label": 6, "col": 18, "description": null, "row": 25}}, {"pk": 1681, "model": "map_editor.point", "fields": {"floor": 17, "label": 6, "col": 19, "description": null, "row": 25}}, {"pk": 1682, "model": "map_editor.point", "fields": {"floor": 17, "label": 6, "col": 21, "description": null, "row": 25}}, {"pk": 1683, "model": "map_editor.point", "fields": {"floor": 17, "label": 6, "col": 22, "description": null, "row": 25}}, {"pk": 1684, "model": "map_editor.point", "fields": {"floor": 17, "label": 6, "col": 23, "description": null, "row": 25}}, {"pk": 1685, "model": "map_editor.point", "fields": {"floor": 17, "label": 6, "col": 32, "description": null, "row": 61}}, {"pk": 1686, "model": "map_editor.point", "fields": {"floor": 17, "label": 6, "col": 46, "description": null, "row": 61}}, {"pk": 1687, "model": "map_editor.point", "fields": {"floor": 17, "label": 6, "col": 47, "description": null, "row": 61}}, {"pk": 1688, "model": "map_editor.point", "fields": {"floor": 17, "label": 6, "col": 48, "description": null, "row": 61}}, {"pk": 1689, "model": "map_editor.point", "fields": {"floor": 17, "label": 6, "col": 49, "description": null, "row": 61}}, {"pk": 1690, "model": "map_editor.point", "fields": {"floor": 17, "label": 6, "col": 66, "description": null, "row": 61}}, {"pk": 1691, "model": "map_editor.point", "fields": {"floor": 17, "label": 6, "col": 67, "description": null, "row": 61}}, {"pk": 1692, "model": "map_editor.point", "fields": {"floor": 17, "label": 6, "col": 68, "description": null, "row": 61}}, {"pk": 1693, "model": "map_editor.point", "fields": {"floor": 17, "label": 6, "col": 69, "description": null, "row": 61}}, {"pk": 1694, "model": "map_editor.point", "fields": {"floor": 17, "label": 6, "col": 27, "description": null, "row": 60}}, {"pk": 1695, "model": "map_editor.point", "fields": {"floor": 17, "label": 6, "col": 28, "description": null, "row": 60}}, {"pk": 1696, "model": "map_editor.point", "fields": {"floor": 17, "label": 6, "col": 29, "description": null, "row": 60}}, {"pk": 1697, "model": "map_editor.point", "fields": {"floor": 17, "label": 6, "col": 30, "description": null, "row": 60}}, {"pk": 1698, "model": "map_editor.point", "fields": {"floor": 17, "label": 6, "col": 31, "description": null, "row": 60}}, {"pk": 1699, "model": "map_editor.point", "fields": {"floor": 17, "label": 6, "col": 32, "description": null, "row": 60}}, {"pk": 1700, "model": "map_editor.point", "fields": {"floor": 17, "label": 6, "col": 33, "description": null, "row": 60}}, {"pk": 1701, "model": "map_editor.point", "fields": {"floor": 17, "label": 6, "col": 34, "description": null, "row": 60}}, {"pk": 1702, "model": "map_editor.point", "fields": {"floor": 17, "label": 6, "col": 35, "description": null, "row": 60}}, {"pk": 1703, "model": "map_editor.point", "fields": {"floor": 17, "label": 6, "col": 36, "description": null, "row": 60}}, {"pk": 1704, "model": "map_editor.point", "fields": {"floor": 17, "label": 6, "col": 37, "description": null, "row": 60}}, {"pk": 1705, "model": "map_editor.point", "fields": {"floor": 17, "label": 6, "col": 38, "description": null, "row": 60}}, {"pk": 1706, "model": "map_editor.point", "fields": {"floor": 17, "label": 6, "col": 39, "description": null, "row": 60}}, {"pk": 1707, "model": "map_editor.point", "fields": {"floor": 17, "label": 6, "col": 40, "description": null, "row": 60}}, {"pk": 1708, "model": "map_editor.point", "fields": {"floor": 17, "label": 6, "col": 41, "description": null, "row": 60}}, {"pk": 1709, "model": "map_editor.point", "fields": {"floor": 17, "label": 6, "col": 42, "description": null, "row": 60}}, {"pk": 1710, "model": "map_editor.point", "fields": {"floor": 17, "label": 6, "col": 43, "description": null, "row": 60}}, {"pk": 1711, "model": "map_editor.point", "fields": {"floor": 17, "label": 6, "col": 44, "description": null, "row": 60}}, {"pk": 1712, "model": "map_editor.point", "fields": {"floor": 17, "label": 6, "col": 45, "description": null, "row": 60}}, {"pk": 1713, "model": "map_editor.point", "fields": {"floor": 17, "label": 6, "col": 46, "description": null, "row": 60}}, {"pk": 1714, "model": "map_editor.point", "fields": {"floor": 17, "label": 6, "col": 47, "description": null, "row": 60}}, {"pk": 1715, "model": "map_editor.point", "fields": {"floor": 17, "label": 6, "col": 48, "description": null, "row": 60}}, {"pk": 1716, "model": "map_editor.point", "fields": {"floor": 17, "label": 6, "col": 49, "description": null, "row": 60}}, {"pk": 1717, "model": "map_editor.point", "fields": {"floor": 17, "label": 6, "col": 50, "description": null, "row": 60}}, {"pk": 1718, "model": "map_editor.point", "fields": {"floor": 17, "label": 6, "col": 51, "description": null, "row": 60}}, {"pk": 1719, "model": "map_editor.point", "fields": {"floor": 17, "label": 6, "col": 52, "description": null, "row": 60}}, {"pk": 1720, "model": "map_editor.point", "fields": {"floor": 17, "label": 6, "col": 53, "description": null, "row": 60}}, {"pk": 1721, "model": "map_editor.point", "fields": {"floor": 17, "label": 6, "col": 54, "description": null, "row": 60}}, {"pk": 1722, "model": "map_editor.point", "fields": {"floor": 17, "label": 6, "col": 55, "description": null, "row": 60}}, {"pk": 1723, "model": "map_editor.point", "fields": {"floor": 17, "label": 6, "col": 57, "description": null, "row": 60}}, {"pk": 1724, "model": "map_editor.point", "fields": {"floor": 17, "label": 6, "col": 27, "description": null, "row": 59}}, {"pk": 1725, "model": "map_editor.point", "fields": {"floor": 17, "label": 6, "col": 30, "description": null, "row": 59}}, {"pk": 1726, "model": "map_editor.point", "fields": {"floor": 17, "label": 6, "col": 31, "description": null, "row": 59}}, {"pk": 1727, "model": "map_editor.point", "fields": {"floor": 17, "label": 6, "col": 32, "description": null, "row": 59}}, {"pk": 1728, "model": "map_editor.point", "fields": {"floor": 17, "label": 6, "col": 36, "description": null, "row": 59}}, {"pk": 1729, "model": "map_editor.point", "fields": {"floor": 17, "label": 6, "col": 37, "description": null, "row": 59}}, {"pk": 1730, "model": "map_editor.point", "fields": {"floor": 17, "label": 6, "col": 52, "description": null, "row": 59}}, {"pk": 1731, "model": "map_editor.point", "fields": {"floor": 17, "label": 6, "col": 53, "description": null, "row": 59}}, {"pk": 1732, "model": "map_editor.point", "fields": {"floor": 17, "label": 6, "col": 57, "description": null, "row": 59}}, {"pk": 1733, "model": "map_editor.point", "fields": {"floor": 17, "label": 6, "col": 58, "description": null, "row": 59}}, {"pk": 1734, "model": "map_editor.point", "fields": {"floor": 17, "label": 6, "col": 59, "description": null, "row": 59}}, {"pk": 1735, "model": "map_editor.point", "fields": {"floor": 17, "label": 6, "col": 60, "description": null, "row": 59}}, {"pk": 1736, "model": "map_editor.point", "fields": {"floor": 17, "label": 6, "col": 61, "description": null, "row": 59}}, {"pk": 1737, "model": "map_editor.point", "fields": {"floor": 17, "label": 6, "col": 62, "description": null, "row": 59}}, {"pk": 1738, "model": "map_editor.point", "fields": {"floor": 17, "label": 6, "col": 63, "description": null, "row": 59}}, {"pk": 1739, "model": "map_editor.point", "fields": {"floor": 17, "label": 6, "col": 64, "description": null, "row": 59}}, {"pk": 1740, "model": "map_editor.point", "fields": {"floor": 17, "label": 6, "col": 65, "description": null, "row": 59}}, {"pk": 1741, "model": "map_editor.point", "fields": {"floor": 17, "label": 6, "col": 66, "description": null, "row": 59}}, {"pk": 1742, "model": "map_editor.point", "fields": {"floor": 17, "label": 6, "col": 67, "description": null, "row": 59}}, {"pk": 1743, "model": "map_editor.point", "fields": {"floor": 17, "label": 6, "col": 68, "description": null, "row": 59}}, {"pk": 1744, "model": "map_editor.point", "fields": {"floor": 17, "label": 6, "col": 69, "description": null, "row": 59}}, {"pk": 1745, "model": "map_editor.point", "fields": {"floor": 17, "label": 6, "col": 70, "description": null, "row": 59}}, {"pk": 1746, "model": "map_editor.point", "fields": {"floor": 17, "label": 6, "col": 71, "description": null, "row": 59}}, {"pk": 1747, "model": "map_editor.point", "fields": {"floor": 17, "label": 6, "col": 72, "description": null, "row": 59}}, {"pk": 1748, "model": "map_editor.point", "fields": {"floor": 17, "label": 6, "col": 73, "description": null, "row": 59}}, {"pk": 1749, "model": "map_editor.point", "fields": {"floor": 17, "label": 6, "col": 75, "description": null, "row": 59}}, {"pk": 1750, "model": "map_editor.point", "fields": {"floor": 17, "label": 6, "col": 76, "description": null, "row": 59}}, {"pk": 1751, "model": "map_editor.point", "fields": {"floor": 17, "label": 6, "col": 77, "description": null, "row": 59}}, {"pk": 1752, "model": "map_editor.point", "fields": {"floor": 17, "label": 6, "col": 78, "description": null, "row": 59}}, {"pk": 1753, "model": "map_editor.point", "fields": {"floor": 17, "label": 6, "col": 79, "description": null, "row": 59}}, {"pk": 1754, "model": "map_editor.point", "fields": {"floor": 17, "label": 6, "col": 80, "description": null, "row": 59}}, {"pk": 1755, "model": "map_editor.point", "fields": {"floor": 17, "label": 6, "col": 81, "description": null, "row": 59}}, {"pk": 1756, "model": "map_editor.point", "fields": {"floor": 17, "label": 6, "col": 82, "description": null, "row": 59}}, {"pk": 1757, "model": "map_editor.point", "fields": {"floor": 17, "label": 6, "col": 83, "description": null, "row": 59}}, {"pk": 1758, "model": "map_editor.point", "fields": {"floor": 17, "label": 6, "col": 84, "description": null, "row": 59}}, {"pk": 1759, "model": "map_editor.point", "fields": {"floor": 17, "label": 6, "col": 85, "description": null, "row": 59}}, {"pk": 1760, "model": "map_editor.point", "fields": {"floor": 17, "label": 6, "col": 86, "description": null, "row": 59}}, {"pk": 1761, "model": "map_editor.point", "fields": {"floor": 17, "label": 6, "col": 87, "description": null, "row": 59}}, {"pk": 1762, "model": "map_editor.point", "fields": {"floor": 17, "label": 6, "col": 88, "description": null, "row": 59}}, {"pk": 1763, "model": "map_editor.point", "fields": {"floor": 17, "label": 6, "col": 93, "description": null, "row": 59}}, {"pk": 1764, "model": "map_editor.point", "fields": {"floor": 17, "label": 6, "col": 94, "description": null, "row": 59}}, {"pk": 1765, "model": "map_editor.point", "fields": {"floor": 17, "label": 6, "col": 95, "description": null, "row": 59}}, {"pk": 1766, "model": "map_editor.point", "fields": {"floor": 17, "label": 6, "col": 27, "description": null, "row": 58}}, {"pk": 1767, "model": "map_editor.point", "fields": {"floor": 17, "label": 6, "col": 32, "description": null, "row": 58}}, {"pk": 1768, "model": "map_editor.point", "fields": {"floor": 17, "label": 6, "col": 36, "description": null, "row": 58}}, {"pk": 1769, "model": "map_editor.point", "fields": {"floor": 17, "label": 6, "col": 37, "description": null, "row": 58}}, {"pk": 1770, "model": "map_editor.point", "fields": {"floor": 17, "label": 6, "col": 53, "description": null, "row": 58}}, {"pk": 1771, "model": "map_editor.point", "fields": {"floor": 17, "label": 6, "col": 54, "description": null, "row": 58}}, {"pk": 1772, "model": "map_editor.point", "fields": {"floor": 17, "label": 6, "col": 69, "description": null, "row": 58}}, {"pk": 1773, "model": "map_editor.point", "fields": {"floor": 17, "label": 6, "col": 72, "description": null, "row": 58}}, {"pk": 1774, "model": "map_editor.point", "fields": {"floor": 17, "label": 6, "col": 79, "description": null, "row": 58}}, {"pk": 1775, "model": "map_editor.point", "fields": {"floor": 17, "label": 6, "col": 80, "description": null, "row": 58}}, {"pk": 1776, "model": "map_editor.point", "fields": {"floor": 17, "label": 6, "col": 81, "description": null, "row": 58}}, {"pk": 1777, "model": "map_editor.point", "fields": {"floor": 17, "label": 6, "col": 82, "description": null, "row": 58}}, {"pk": 1778, "model": "map_editor.point", "fields": {"floor": 17, "label": 6, "col": 83, "description": null, "row": 58}}, {"pk": 1779, "model": "map_editor.point", "fields": {"floor": 17, "label": 6, "col": 84, "description": null, "row": 58}}, {"pk": 1780, "model": "map_editor.point", "fields": {"floor": 17, "label": 6, "col": 85, "description": null, "row": 58}}, {"pk": 1781, "model": "map_editor.point", "fields": {"floor": 17, "label": 6, "col": 88, "description": null, "row": 58}}, {"pk": 1782, "model": "map_editor.point", "fields": {"floor": 17, "label": 6, "col": 89, "description": null, "row": 58}}, {"pk": 1783, "model": "map_editor.point", "fields": {"floor": 17, "label": 6, "col": 95, "description": null, "row": 58}}, {"pk": 1784, "model": "map_editor.point", "fields": {"floor": 17, "label": 6, "col": 27, "description": null, "row": 57}}, {"pk": 1785, "model": "map_editor.point", "fields": {"floor": 17, "label": 6, "col": 32, "description": null, "row": 57}}, {"pk": 1786, "model": "map_editor.point", "fields": {"floor": 17, "label": 6, "col": 36, "description": null, "row": 57}}, {"pk": 1787, "model": "map_editor.point", "fields": {"floor": 17, "label": 6, "col": 37, "description": null, "row": 57}}, {"pk": 1788, "model": "map_editor.point", "fields": {"floor": 17, "label": 6, "col": 53, "description": null, "row": 57}}, {"pk": 1789, "model": "map_editor.point", "fields": {"floor": 17, "label": 6, "col": 54, "description": null, "row": 57}}, {"pk": 1790, "model": "map_editor.point", "fields": {"floor": 17, "label": 6, "col": 69, "description": null, "row": 57}}, {"pk": 1791, "model": "map_editor.point", "fields": {"floor": 17, "label": 6, "col": 72, "description": null, "row": 57}}, {"pk": 1792, "model": "map_editor.point", "fields": {"floor": 17, "label": 6, "col": 78, "description": null, "row": 57}}, {"pk": 1793, "model": "map_editor.point", "fields": {"floor": 17, "label": 6, "col": 79, "description": null, "row": 57}}, {"pk": 1794, "model": "map_editor.point", "fields": {"floor": 17, "label": 6, "col": 80, "description": null, "row": 57}}, {"pk": 1795, "model": "map_editor.point", "fields": {"floor": 17, "label": 6, "col": 81, "description": null, "row": 57}}, {"pk": 1796, "model": "map_editor.point", "fields": {"floor": 17, "label": 6, "col": 85, "description": null, "row": 57}}, {"pk": 1797, "model": "map_editor.point", "fields": {"floor": 17, "label": 6, "col": 95, "description": null, "row": 57}}, {"pk": 1798, "model": "map_editor.point", "fields": {"floor": 17, "label": 6, "col": 27, "description": null, "row": 56}}, {"pk": 1799, "model": "map_editor.point", "fields": {"floor": 17, "label": 6, "col": 32, "description": null, "row": 56}}, {"pk": 1800, "model": "map_editor.point", "fields": {"floor": 17, "label": 6, "col": 36, "description": null, "row": 56}}, {"pk": 1801, "model": "map_editor.point", "fields": {"floor": 17, "label": 6, "col": 37, "description": null, "row": 56}}, {"pk": 1802, "model": "map_editor.point", "fields": {"floor": 17, "label": 6, "col": 53, "description": null, "row": 56}}, {"pk": 1803, "model": "map_editor.point", "fields": {"floor": 17, "label": 6, "col": 54, "description": null, "row": 56}}, {"pk": 1804, "model": "map_editor.point", "fields": {"floor": 17, "label": 6, "col": 69, "description": null, "row": 56}}, {"pk": 1805, "model": "map_editor.point", "fields": {"floor": 17, "label": 6, "col": 72, "description": null, "row": 56}}, {"pk": 1806, "model": "map_editor.point", "fields": {"floor": 17, "label": 6, "col": 78, "description": null, "row": 56}}, {"pk": 1807, "model": "map_editor.point", "fields": {"floor": 17, "label": 6, "col": 79, "description": null, "row": 56}}, {"pk": 1808, "model": "map_editor.point", "fields": {"floor": 17, "label": 6, "col": 80, "description": null, "row": 56}}, {"pk": 1809, "model": "map_editor.point", "fields": {"floor": 17, "label": 6, "col": 81, "description": null, "row": 56}}, {"pk": 1810, "model": "map_editor.point", "fields": {"floor": 17, "label": 6, "col": 85, "description": null, "row": 56}}, {"pk": 1811, "model": "map_editor.point", "fields": {"floor": 17, "label": 6, "col": 95, "description": null, "row": 56}}, {"pk": 1812, "model": "map_editor.point", "fields": {"floor": 17, "label": 6, "col": 27, "description": null, "row": 55}}, {"pk": 1813, "model": "map_editor.point", "fields": {"floor": 17, "label": 6, "col": 32, "description": null, "row": 55}}, {"pk": 1814, "model": "map_editor.point", "fields": {"floor": 17, "label": 6, "col": 36, "description": null, "row": 55}}, {"pk": 1815, "model": "map_editor.point", "fields": {"floor": 17, "label": 6, "col": 37, "description": null, "row": 55}}, {"pk": 1816, "model": "map_editor.point", "fields": {"floor": 17, "label": 6, "col": 53, "description": null, "row": 55}}, {"pk": 1817, "model": "map_editor.point", "fields": {"floor": 17, "label": 6, "col": 54, "description": null, "row": 55}}, {"pk": 1818, "model": "map_editor.point", "fields": {"floor": 17, "label": 6, "col": 69, "description": null, "row": 55}}, {"pk": 1819, "model": "map_editor.point", "fields": {"floor": 17, "label": 6, "col": 72, "description": null, "row": 55}}, {"pk": 1820, "model": "map_editor.point", "fields": {"floor": 17, "label": 6, "col": 78, "description": null, "row": 55}}, {"pk": 1821, "model": "map_editor.point", "fields": {"floor": 17, "label": 6, "col": 79, "description": null, "row": 55}}, {"pk": 1822, "model": "map_editor.point", "fields": {"floor": 17, "label": 6, "col": 80, "description": null, "row": 55}}, {"pk": 1823, "model": "map_editor.point", "fields": {"floor": 17, "label": 6, "col": 81, "description": null, "row": 55}}, {"pk": 1824, "model": "map_editor.point", "fields": {"floor": 17, "label": 6, "col": 85, "description": null, "row": 55}}, {"pk": 1825, "model": "map_editor.point", "fields": {"floor": 17, "label": 6, "col": 95, "description": null, "row": 55}}, {"pk": 1826, "model": "map_editor.point", "fields": {"floor": 17, "label": 6, "col": 96, "description": null, "row": 55}}, {"pk": 1827, "model": "map_editor.point", "fields": {"floor": 17, "label": 6, "col": 97, "description": null, "row": 55}}, {"pk": 1828, "model": "map_editor.point", "fields": {"floor": 17, "label": 6, "col": 32, "description": null, "row": 54}}, {"pk": 1829, "model": "map_editor.point", "fields": {"floor": 17, "label": 6, "col": 34, "description": null, "row": 54}}, {"pk": 1830, "model": "map_editor.point", "fields": {"floor": 17, "label": 6, "col": 36, "description": null, "row": 54}}, {"pk": 1831, "model": "map_editor.point", "fields": {"floor": 17, "label": 6, "col": 37, "description": null, "row": 54}}, {"pk": 1832, "model": "map_editor.point", "fields": {"floor": 17, "label": 6, "col": 39, "description": null, "row": 54}}, {"pk": 1833, "model": "map_editor.point", "fields": {"floor": 17, "label": 6, "col": 40, "description": null, "row": 54}}, {"pk": 1834, "model": "map_editor.point", "fields": {"floor": 17, "label": 6, "col": 41, "description": null, "row": 54}}, {"pk": 1835, "model": "map_editor.point", "fields": {"floor": 17, "label": 6, "col": 42, "description": null, "row": 54}}, {"pk": 1836, "model": "map_editor.point", "fields": {"floor": 17, "label": 6, "col": 43, "description": null, "row": 54}}, {"pk": 1837, "model": "map_editor.point", "fields": {"floor": 17, "label": 6, "col": 44, "description": null, "row": 54}}, {"pk": 1838, "model": "map_editor.point", "fields": {"floor": 17, "label": 6, "col": 45, "description": null, "row": 54}}, {"pk": 1839, "model": "map_editor.point", "fields": {"floor": 17, "label": 6, "col": 46, "description": null, "row": 54}}, {"pk": 1840, "model": "map_editor.point", "fields": {"floor": 17, "label": 6, "col": 47, "description": null, "row": 54}}, {"pk": 1841, "model": "map_editor.point", "fields": {"floor": 17, "label": 6, "col": 48, "description": null, "row": 54}}, {"pk": 1842, "model": "map_editor.point", "fields": {"floor": 17, "label": 6, "col": 49, "description": null, "row": 54}}, {"pk": 1843, "model": "map_editor.point", "fields": {"floor": 17, "label": 6, "col": 50, "description": null, "row": 54}}, {"pk": 1844, "model": "map_editor.point", "fields": {"floor": 17, "label": 6, "col": 51, "description": null, "row": 54}}, {"pk": 1845, "model": "map_editor.point", "fields": {"floor": 17, "label": 6, "col": 52, "description": null, "row": 54}}, {"pk": 1846, "model": "map_editor.point", "fields": {"floor": 17, "label": 6, "col": 53, "description": null, "row": 54}}, {"pk": 1847, "model": "map_editor.point", "fields": {"floor": 17, "label": 6, "col": 56, "description": null, "row": 54}}, {"pk": 1848, "model": "map_editor.point", "fields": {"floor": 17, "label": 6, "col": 58, "description": null, "row": 54}}, {"pk": 1849, "model": "map_editor.point", "fields": {"floor": 17, "label": 6, "col": 60, "description": null, "row": 54}}, {"pk": 1850, "model": "map_editor.point", "fields": {"floor": 17, "label": 6, "col": 62, "description": null, "row": 54}}, {"pk": 1851, "model": "map_editor.point", "fields": {"floor": 17, "label": 6, "col": 64, "description": null, "row": 54}}, {"pk": 1852, "model": "map_editor.point", "fields": {"floor": 17, "label": 6, "col": 66, "description": null, "row": 54}}, {"pk": 1853, "model": "map_editor.point", "fields": {"floor": 17, "label": 6, "col": 67, "description": null, "row": 54}}, {"pk": 1854, "model": "map_editor.point", "fields": {"floor": 17, "label": 6, "col": 68, "description": null, "row": 54}}, {"pk": 1855, "model": "map_editor.point", "fields": {"floor": 17, "label": 6, "col": 69, "description": null, "row": 54}}, {"pk": 1856, "model": "map_editor.point", "fields": {"floor": 17, "label": 6, "col": 70, "description": null, "row": 54}}, {"pk": 1857, "model": "map_editor.point", "fields": {"floor": 17, "label": 6, "col": 71, "description": null, "row": 54}}, {"pk": 1858, "model": "map_editor.point", "fields": {"floor": 17, "label": 6, "col": 72, "description": null, "row": 54}}, {"pk": 1859, "model": "map_editor.point", "fields": {"floor": 17, "label": 6, "col": 78, "description": null, "row": 54}}, {"pk": 1860, "model": "map_editor.point", "fields": {"floor": 17, "label": 6, "col": 79, "description": null, "row": 54}}, {"pk": 1861, "model": "map_editor.point", "fields": {"floor": 17, "label": 6, "col": 80, "description": null, "row": 54}}, {"pk": 1862, "model": "map_editor.point", "fields": {"floor": 17, "label": 6, "col": 81, "description": null, "row": 54}}, {"pk": 1863, "model": "map_editor.point", "fields": {"floor": 17, "label": 6, "col": 95, "description": null, "row": 54}}, {"pk": 1864, "model": "map_editor.point", "fields": {"floor": 17, "label": 6, "col": 97, "description": null, "row": 54}}, {"pk": 1865, "model": "map_editor.point", "fields": {"floor": 17, "label": 6, "col": 98, "description": null, "row": 54}}, {"pk": 1866, "model": "map_editor.point", "fields": {"floor": 17, "label": 6, "col": 24, "description": null, "row": 53}}, {"pk": 1867, "model": "map_editor.point", "fields": {"floor": 17, "label": 6, "col": 25, "description": null, "row": 53}}, {"pk": 1868, "model": "map_editor.point", "fields": {"floor": 17, "label": 6, "col": 26, "description": null, "row": 53}}, {"pk": 1869, "model": "map_editor.point", "fields": {"floor": 17, "label": 6, "col": 27, "description": null, "row": 53}}, {"pk": 1870, "model": "map_editor.point", "fields": {"floor": 17, "label": 6, "col": 37, "description": null, "row": 53}}, {"pk": 1871, "model": "map_editor.point", "fields": {"floor": 17, "label": 6, "col": 58, "description": null, "row": 53}}, {"pk": 1872, "model": "map_editor.point", "fields": {"floor": 17, "label": 6, "col": 69, "description": null, "row": 53}}, {"pk": 1873, "model": "map_editor.point", "fields": {"floor": 17, "label": 6, "col": 78, "description": null, "row": 53}}, {"pk": 1874, "model": "map_editor.point", "fields": {"floor": 17, "label": 6, "col": 79, "description": null, "row": 53}}, {"pk": 1875, "model": "map_editor.point", "fields": {"floor": 17, "label": 6, "col": 80, "description": null, "row": 53}}, {"pk": 1876, "model": "map_editor.point", "fields": {"floor": 17, "label": 6, "col": 81, "description": null, "row": 53}}, {"pk": 1877, "model": "map_editor.point", "fields": {"floor": 17, "label": 6, "col": 95, "description": null, "row": 53}}, {"pk": 1878, "model": "map_editor.point", "fields": {"floor": 17, "label": 6, "col": 98, "description": null, "row": 53}}, {"pk": 1879, "model": "map_editor.point", "fields": {"floor": 17, "label": 6, "col": 26, "description": null, "row": 52}}, {"pk": 1880, "model": "map_editor.point", "fields": {"floor": 17, "label": 6, "col": 27, "description": null, "row": 52}}, {"pk": 1881, "model": "map_editor.point", "fields": {"floor": 17, "label": 6, "col": 32, "description": null, "row": 52}}, {"pk": 1882, "model": "map_editor.point", "fields": {"floor": 17, "label": 6, "col": 37, "description": null, "row": 52}}, {"pk": 1883, "model": "map_editor.point", "fields": {"floor": 17, "label": 6, "col": 53, "description": null, "row": 52}}, {"pk": 1884, "model": "map_editor.point", "fields": {"floor": 17, "label": 6, "col": 60, "description": null, "row": 52}}, {"pk": 1885, "model": "map_editor.point", "fields": {"floor": 17, "label": 6, "col": 78, "description": null, "row": 52}}, {"pk": 1886, "model": "map_editor.point", "fields": {"floor": 17, "label": 6, "col": 79, "description": null, "row": 52}}, {"pk": 1887, "model": "map_editor.point", "fields": {"floor": 17, "label": 6, "col": 80, "description": null, "row": 52}}, {"pk": 1888, "model": "map_editor.point", "fields": {"floor": 17, "label": 6, "col": 81, "description": null, "row": 52}}, {"pk": 1889, "model": "map_editor.point", "fields": {"floor": 17, "label": 6, "col": 95, "description": null, "row": 52}}, {"pk": 1890, "model": "map_editor.point", "fields": {"floor": 17, "label": 6, "col": 98, "description": null, "row": 52}}, {"pk": 1891, "model": "map_editor.point", "fields": {"floor": 17, "label": 6, "col": 27, "description": null, "row": 51}}, {"pk": 1892, "model": "map_editor.point", "fields": {"floor": 17, "label": 6, "col": 28, "description": null, "row": 51}}, {"pk": 1893, "model": "map_editor.point", "fields": {"floor": 17, "label": 6, "col": 29, "description": null, "row": 51}}, {"pk": 1894, "model": "map_editor.point", "fields": {"floor": 17, "label": 6, "col": 31, "description": null, "row": 51}}, {"pk": 1895, "model": "map_editor.point", "fields": {"floor": 17, "label": 6, "col": 32, "description": null, "row": 51}}, {"pk": 1896, "model": "map_editor.point", "fields": {"floor": 17, "label": 6, "col": 34, "description": null, "row": 51}}, {"pk": 1897, "model": "map_editor.point", "fields": {"floor": 17, "label": 6, "col": 36, "description": null, "row": 51}}, {"pk": 1898, "model": "map_editor.point", "fields": {"floor": 17, "label": 6, "col": 37, "description": null, "row": 51}}, {"pk": 1899, "model": "map_editor.point", "fields": {"floor": 17, "label": 6, "col": 59, "description": null, "row": 51}}, {"pk": 1900, "model": "map_editor.point", "fields": {"floor": 17, "label": 6, "col": 60, "description": null, "row": 51}}, {"pk": 1901, "model": "map_editor.point", "fields": {"floor": 17, "label": 6, "col": 61, "description": null, "row": 51}}, {"pk": 1902, "model": "map_editor.point", "fields": {"floor": 17, "label": 6, "col": 62, "description": null, "row": 51}}, {"pk": 1903, "model": "map_editor.point", "fields": {"floor": 17, "label": 6, "col": 63, "description": null, "row": 51}}, {"pk": 1904, "model": "map_editor.point", "fields": {"floor": 17, "label": 6, "col": 64, "description": null, "row": 51}}, {"pk": 1905, "model": "map_editor.point", "fields": {"floor": 17, "label": 6, "col": 65, "description": null, "row": 51}}, {"pk": 1906, "model": "map_editor.point", "fields": {"floor": 17, "label": 6, "col": 66, "description": null, "row": 51}}, {"pk": 1907, "model": "map_editor.point", "fields": {"floor": 17, "label": 6, "col": 67, "description": null, "row": 51}}, {"pk": 1908, "model": "map_editor.point", "fields": {"floor": 17, "label": 6, "col": 68, "description": null, "row": 51}}, {"pk": 1909, "model": "map_editor.point", "fields": {"floor": 17, "label": 6, "col": 69, "description": null, "row": 51}}, {"pk": 1910, "model": "map_editor.point", "fields": {"floor": 17, "label": 6, "col": 70, "description": null, "row": 51}}, {"pk": 1911, "model": "map_editor.point", "fields": {"floor": 17, "label": 6, "col": 71, "description": null, "row": 51}}, {"pk": 1912, "model": "map_editor.point", "fields": {"floor": 17, "label": 6, "col": 72, "description": null, "row": 51}}, {"pk": 1913, "model": "map_editor.point", "fields": {"floor": 17, "label": 6, "col": 74, "description": null, "row": 51}}, {"pk": 1914, "model": "map_editor.point", "fields": {"floor": 17, "label": 6, "col": 76, "description": null, "row": 51}}, {"pk": 1915, "model": "map_editor.point", "fields": {"floor": 17, "label": 6, "col": 78, "description": null, "row": 51}}, {"pk": 1916, "model": "map_editor.point", "fields": {"floor": 17, "label": 6, "col": 79, "description": null, "row": 51}}, {"pk": 1917, "model": "map_editor.point", "fields": {"floor": 17, "label": 6, "col": 80, "description": null, "row": 51}}, {"pk": 1918, "model": "map_editor.point", "fields": {"floor": 17, "label": 6, "col": 81, "description": null, "row": 51}}, {"pk": 1919, "model": "map_editor.point", "fields": {"floor": 17, "label": 6, "col": 82, "description": null, "row": 51}}, {"pk": 1920, "model": "map_editor.point", "fields": {"floor": 17, "label": 6, "col": 83, "description": null, "row": 51}}, {"pk": 1921, "model": "map_editor.point", "fields": {"floor": 17, "label": 6, "col": 84, "description": null, "row": 51}}, {"pk": 1922, "model": "map_editor.point", "fields": {"floor": 17, "label": 6, "col": 85, "description": null, "row": 51}}, {"pk": 1923, "model": "map_editor.point", "fields": {"floor": 17, "label": 6, "col": 86, "description": null, "row": 51}}, {"pk": 1924, "model": "map_editor.point", "fields": {"floor": 17, "label": 6, "col": 87, "description": null, "row": 51}}, {"pk": 1925, "model": "map_editor.point", "fields": {"floor": 17, "label": 6, "col": 88, "description": null, "row": 51}}, {"pk": 1926, "model": "map_editor.point", "fields": {"floor": 17, "label": 6, "col": 90, "description": null, "row": 51}}, {"pk": 1927, "model": "map_editor.point", "fields": {"floor": 17, "label": 6, "col": 91, "description": null, "row": 51}}, {"pk": 1928, "model": "map_editor.point", "fields": {"floor": 17, "label": 6, "col": 92, "description": null, "row": 51}}, {"pk": 1929, "model": "map_editor.point", "fields": {"floor": 17, "label": 6, "col": 93, "description": null, "row": 51}}, {"pk": 1930, "model": "map_editor.point", "fields": {"floor": 17, "label": 6, "col": 94, "description": null, "row": 51}}, {"pk": 1931, "model": "map_editor.point", "fields": {"floor": 17, "label": 6, "col": 95, "description": null, "row": 51}}, {"pk": 1932, "model": "map_editor.point", "fields": {"floor": 17, "label": 6, "col": 98, "description": null, "row": 51}}, {"pk": 1933, "model": "map_editor.point", "fields": {"floor": 17, "label": 6, "col": 39, "description": null, "row": 50}}, {"pk": 1934, "model": "map_editor.point", "fields": {"floor": 17, "label": 6, "col": 40, "description": null, "row": 50}}, {"pk": 1935, "model": "map_editor.point", "fields": {"floor": 17, "label": 6, "col": 41, "description": null, "row": 50}}, {"pk": 1936, "model": "map_editor.point", "fields": {"floor": 17, "label": 6, "col": 42, "description": null, "row": 50}}, {"pk": 1937, "model": "map_editor.point", "fields": {"floor": 17, "label": 6, "col": 43, "description": null, "row": 50}}, {"pk": 1938, "model": "map_editor.point", "fields": {"floor": 17, "label": 6, "col": 44, "description": null, "row": 50}}, {"pk": 1939, "model": "map_editor.point", "fields": {"floor": 17, "label": 6, "col": 45, "description": null, "row": 50}}, {"pk": 1940, "model": "map_editor.point", "fields": {"floor": 17, "label": 6, "col": 46, "description": null, "row": 50}}, {"pk": 1941, "model": "map_editor.point", "fields": {"floor": 17, "label": 6, "col": 47, "description": null, "row": 50}}, {"pk": 1942, "model": "map_editor.point", "fields": {"floor": 17, "label": 6, "col": 48, "description": null, "row": 50}}, {"pk": 1943, "model": "map_editor.point", "fields": {"floor": 17, "label": 6, "col": 49, "description": null, "row": 50}}, {"pk": 1944, "model": "map_editor.point", "fields": {"floor": 17, "label": 6, "col": 50, "description": null, "row": 50}}, {"pk": 1945, "model": "map_editor.point", "fields": {"floor": 17, "label": 6, "col": 51, "description": null, "row": 50}}, {"pk": 1946, "model": "map_editor.point", "fields": {"floor": 17, "label": 6, "col": 54, "description": null, "row": 50}}, {"pk": 1947, "model": "map_editor.point", "fields": {"floor": 17, "label": 6, "col": 57, "description": null, "row": 50}}, {"pk": 1948, "model": "map_editor.point", "fields": {"floor": 17, "label": 6, "col": 59, "description": null, "row": 50}}, {"pk": 1949, "model": "map_editor.point", "fields": {"floor": 17, "label": 6, "col": 60, "description": null, "row": 50}}, {"pk": 1950, "model": "map_editor.point", "fields": {"floor": 17, "label": 6, "col": 61, "description": null, "row": 50}}, {"pk": 1951, "model": "map_editor.point", "fields": {"floor": 17, "label": 6, "col": 62, "description": null, "row": 50}}, {"pk": 1952, "model": "map_editor.point", "fields": {"floor": 17, "label": 6, "col": 63, "description": null, "row": 50}}, {"pk": 1953, "model": "map_editor.point", "fields": {"floor": 17, "label": 6, "col": 64, "description": null, "row": 50}}, {"pk": 1954, "model": "map_editor.point", "fields": {"floor": 17, "label": 6, "col": 65, "description": null, "row": 50}}, {"pk": 1955, "model": "map_editor.point", "fields": {"floor": 17, "label": 6, "col": 66, "description": null, "row": 50}}, {"pk": 1956, "model": "map_editor.point", "fields": {"floor": 17, "label": 6, "col": 67, "description": null, "row": 50}}, {"pk": 1957, "model": "map_editor.point", "fields": {"floor": 17, "label": 6, "col": 68, "description": null, "row": 50}}, {"pk": 1958, "model": "map_editor.point", "fields": {"floor": 17, "label": 6, "col": 69, "description": null, "row": 50}}, {"pk": 1959, "model": "map_editor.point", "fields": {"floor": 17, "label": 6, "col": 70, "description": null, "row": 50}}, {"pk": 1960, "model": "map_editor.point", "fields": {"floor": 17, "label": 6, "col": 71, "description": null, "row": 50}}, {"pk": 1961, "model": "map_editor.point", "fields": {"floor": 17, "label": 6, "col": 72, "description": null, "row": 50}}, {"pk": 1962, "model": "map_editor.point", "fields": {"floor": 17, "label": 6, "col": 98, "description": null, "row": 50}}, {"pk": 1963, "model": "map_editor.point", "fields": {"floor": 17, "label": 6, "col": 99, "description": null, "row": 50}}, {"pk": 1964, "model": "map_editor.point", "fields": {"floor": 17, "label": 6, "col": 100, "description": null, "row": 50}}, {"pk": 1965, "model": "map_editor.point", "fields": {"floor": 17, "label": 6, "col": 101, "description": null, "row": 50}}, {"pk": 1966, "model": "map_editor.point", "fields": {"floor": 17, "label": 6, "col": 101, "description": null, "row": 49}}, {"pk": 1967, "model": "map_editor.point", "fields": {"floor": 17, "label": 6, "col": 80, "description": null, "row": 46}}, {"pk": 1968, "model": "map_editor.point", "fields": {"floor": 17, "label": 6, "col": 78, "description": null, "row": 44}}, {"pk": 1969, "model": "map_editor.point", "fields": {"floor": 17, "label": 6, "col": 79, "description": null, "row": 44}}, {"pk": 1970, "model": "map_editor.point", "fields": {"floor": 17, "label": 6, "col": 80, "description": null, "row": 44}}, {"pk": 1971, "model": "map_editor.point", "fields": {"floor": 17, "label": 6, "col": 82, "description": null, "row": 44}}, {"pk": 1972, "model": "map_editor.point", "fields": {"floor": 17, "label": 6, "col": 83, "description": null, "row": 44}}, {"pk": 1973, "model": "map_editor.point", "fields": {"floor": 17, "label": 6, "col": 82, "description": null, "row": 43}}, {"pk": 1974, "model": "map_editor.point", "fields": {"floor": 17, "label": 6, "col": 76, "description": null, "row": 42}}, {"pk": 1975, "model": "map_editor.point", "fields": {"floor": 17, "label": 6, "col": 76, "description": null, "row": 41}}, {"pk": 1976, "model": "map_editor.point", "fields": {"floor": 17, "label": 6, "col": 78, "description": null, "row": 41}}, {"pk": 1977, "model": "map_editor.point", "fields": {"floor": 17, "label": 6, "col": 79, "description": null, "row": 41}}, {"pk": 1978, "model": "map_editor.point", "fields": {"floor": 17, "label": 6, "col": 82, "description": null, "row": 41}}, {"pk": 1979, "model": "map_editor.point", "fields": {"floor": 17, "label": 6, "col": 76, "description": null, "row": 40}}, {"pk": 1980, "model": "map_editor.point", "fields": {"floor": 17, "label": 6, "col": 78, "description": null, "row": 40}}, {"pk": 1981, "model": "map_editor.point", "fields": {"floor": 17, "label": 6, "col": 79, "description": null, "row": 40}}, {"pk": 1982, "model": "map_editor.point", "fields": {"floor": 17, "label": 6, "col": 80, "description": null, "row": 40}}, {"pk": 1983, "model": "map_editor.point", "fields": {"floor": 17, "label": 6, "col": 81, "description": null, "row": 40}}, {"pk": 1984, "model": "map_editor.point", "fields": {"floor": 17, "label": 6, "col": 82, "description": null, "row": 40}}, {"pk": 1985, "model": "map_editor.point", "fields": {"floor": 17, "label": 6, "col": 83, "description": null, "row": 40}}, {"pk": 1986, "model": "map_editor.point", "fields": {"floor": 17, "label": 6, "col": 84, "description": null, "row": 40}}, {"pk": 1987, "model": "map_editor.point", "fields": {"floor": 17, "label": 6, "col": 76, "description": null, "row": 39}}, {"pk": 1988, "model": "map_editor.point", "fields": {"floor": 17, "label": 6, "col": 78, "description": null, "row": 39}}, {"pk": 1989, "model": "map_editor.point", "fields": {"floor": 17, "label": 6, "col": 79, "description": null, "row": 39}}, {"pk": 1990, "model": "map_editor.point", "fields": {"floor": 17, "label": 6, "col": 76, "description": null, "row": 38}}, {"pk": 1991, "model": "map_editor.point", "fields": {"floor": 17, "label": 6, "col": 78, "description": null, "row": 38}}, {"pk": 1992, "model": "map_editor.point", "fields": {"floor": 17, "label": 6, "col": 79, "description": null, "row": 38}}, {"pk": 1993, "model": "map_editor.point", "fields": {"floor": 17, "label": 6, "col": 76, "description": null, "row": 37}}, {"pk": 1994, "model": "map_editor.point", "fields": {"floor": 17, "label": 6, "col": 76, "description": null, "row": 36}}, {"pk": 1995, "model": "map_editor.point", "fields": {"floor": 17, "label": 6, "col": 78, "description": null, "row": 36}}, {"pk": 1996, "model": "map_editor.point", "fields": {"floor": 17, "label": 6, "col": 79, "description": null, "row": 36}}, {"pk": 1997, "model": "map_editor.point", "fields": {"floor": 17, "label": 6, "col": 76, "description": null, "row": 35}}, {"pk": 1998, "model": "map_editor.point", "fields": {"floor": 17, "label": 6, "col": 78, "description": null, "row": 35}}, {"pk": 1999, "model": "map_editor.point", "fields": {"floor": 17, "label": 6, "col": 79, "description": null, "row": 35}}, {"pk": 2000, "model": "map_editor.point", "fields": {"floor": 17, "label": 6, "col": 76, "description": null, "row": 34}}, {"pk": 2001, "model": "map_editor.point", "fields": {"floor": 17, "label": 6, "col": 78, "description": null, "row": 34}}, {"pk": 2002, "model": "map_editor.point", "fields": {"floor": 17, "label": 6, "col": 79, "description": null, "row": 34}}, {"pk": 2003, "model": "map_editor.point", "fields": {"floor": 17, "label": 6, "col": 80, "description": null, "row": 34}}, {"pk": 2004, "model": "map_editor.point", "fields": {"floor": 17, "label": 6, "col": 81, "description": null, "row": 34}}, {"pk": 2005, "model": "map_editor.point", "fields": {"floor": 17, "label": 6, "col": 82, "description": null, "row": 34}}, {"pk": 2006, "model": "map_editor.point", "fields": {"floor": 17, "label": 6, "col": 83, "description": null, "row": 34}}, {"pk": 2007, "model": "map_editor.point", "fields": {"floor": 17, "label": 6, "col": 76, "description": null, "row": 33}}, {"pk": 2008, "model": "map_editor.point", "fields": {"floor": 17, "label": 6, "col": 78, "description": null, "row": 33}}, {"pk": 2009, "model": "map_editor.point", "fields": {"floor": 17, "label": 6, "col": 79, "description": null, "row": 33}}, {"pk": 2010, "model": "map_editor.point", "fields": {"floor": 17, "label": 6, "col": 76, "description": null, "row": 32}}, {"pk": 2011, "model": "map_editor.point", "fields": {"floor": 17, "label": 6, "col": 78, "description": null, "row": 32}}, {"pk": 2012, "model": "map_editor.point", "fields": {"floor": 17, "label": 6, "col": 79, "description": null, "row": 32}}, {"pk": 2013, "model": "map_editor.point", "fields": {"floor": 17, "label": 6, "col": 76, "description": null, "row": 31}}, {"pk": 2014, "model": "map_editor.point", "fields": {"floor": 17, "label": 20, "col": 85, "description": null, "row": 49}}, {"pk": 2015, "model": "map_editor.point", "fields": {"floor": 17, "label": 20, "col": 29, "description": null, "row": 48}}, {"pk": 2016, "model": "map_editor.point", "fields": {"floor": 17, "label": 20, "col": 55, "description": null, "row": 48}}, {"pk": 2017, "model": "map_editor.point", "fields": {"floor": 17, "label": 22, "col": 14, "description": null, "row": 42}}, {"pk": 2018, "model": "map_editor.point", "fields": {"floor": 17, "label": 23, "col": 37, "description": null, "row": 33}}, {"pk": 2019, "model": "map_editor.point", "fields": {"floor": 17, "label": 21, "col": 94, "description": null, "row": 29}}, {"pk": 2020, "model": "map_editor.point", "fields": {"floor": 17, "label": 8, "col": 56, "description": null, "row": 27}}, {"pk": 2021, "model": "map_editor.point", "fields": {"floor": 17, "label": 20, "col": 58, "description": null, "row": 27}}, {"pk": 2022, "model": "map_editor.point", "fields": {"floor": 17, "label": 20, "col": 14, "description": null, "row": 25}}, {"pk": 2023, "model": "map_editor.point", "fields": {"floor": 17, "label": 20, "col": 80, "description": null, "row": 24}}, {"pk": 2024, "model": "map_editor.point", "fields": {"floor": 17, "label": 8, "col": 82, "description": null, "row": 24}}, {"pk": 2025, "model": "map_editor.point", "fields": {"floor": 17, "label": 20, "col": 32, "description": null, "row": 23}}, {"pk": 2026, "model": "map_editor.point", "fields": {"floor": 17, "label": 20, "col": 47, "description": null, "row": 22}}, {"pk": 2027, "model": "map_editor.point", "fields": {"floor": 17, "label": 20, "col": 65, "description": null, "row": 22}}, {"pk": 2028, "model": "map_editor.point", "fields": {"floor": 17, "label": 20, "col": 92, "description": null, "row": 21}}, {"pk": 2029, "model": "map_editor.point", "fields": {"floor": 17, "label": 22, "col": 40, "description": null, "row": 14}}, {"pk": 2030, "model": "map_editor.point", "fields": {"floor": 17, "label": 7, "col": 76, "description": null, "row": 14}}, {"pk": 2031, "model": "map_editor.point", "fields": {"floor": 17, "label": 20, "col": 95, "description": null, "row": 14}}, {"pk": 2032, "model": "map_editor.point", "fields": {"floor": 17, "label": 8, "col": 97, "description": null, "row": 14}}, {"pk": 2033, "model": "map_editor.point", "fields": {"floor": 17, "label": 20, "col": 5, "description": null, "row": 4}}, {"pk": 2038, "model": "map_editor.point", "fields": {"floor": 18, "label": 6, "col": 3, "description": null, "row": 0}}, {"pk": 2039, "model": "map_editor.point", "fields": {"floor": 18, "label": 6, "col": 4, "description": null, "row": 0}}, {"pk": 2047, "model": "map_editor.point", "fields": {"floor": 18, "label": 21, "col": 9, "description": null, "row": 3}}, {"pk": 2048, "model": "map_editor.point", "fields": {"floor": 18, "label": 21, "col": 10, "description": null, "row": 3}}, {"pk": 2049, "model": "map_editor.point", "fields": {"floor": 18, "label": 21, "col": 11, "description": null, "row": 3}}, {"pk": 2059, "model": "map_editor.point", "fields": {"floor": 18, "label": 8, "col": 2, "description": null, "row": 16}}, {"pk": 2060, "model": "map_editor.point", "fields": {"floor": 18, "label": 8, "col": 7, "description": null, "row": 13}}, {"pk": 2061, "model": "map_editor.point", "fields": {"floor": 18, "label": 8, "col": 0, "description": null, "row": 19}}, {"pk": 1, "model": "map_editor.qr_code", "fields": {"code": "3_5_255", "point": 255}}, {"pk": 2, "model": "map_editor.qr_code", "fields": {"code": "3_6_267", "point": 267}}, {"pk": 3, "model": "map_editor.qr_code", "fields": {"code": "7_15_617", "point": 617}}, {"pk": 4, "model": "map_editor.qr_code", "fields": {"code": "7_15_618", "point": 618}}, {"pk": 5, "model": "map_editor.qr_code", "fields": {"code": "7_15_616", "point": 616}}, {"pk": 6, "model": "map_editor.qr_code", "fields": {"code": "7_15_614", "point": 614}}, {"pk": 7, "model": "map_editor.qr_code", "fields": {"code": "7_15_615", "point": 615}}, {"pk": 8, "model": "map_editor.qr_code", "fields": {"code": "7_17_2033", "point": 2033}}, {"pk": 9, "model": "map_editor.qr_code", "fields": {"code": "7_17_2022", "point": 2022}}, {"pk": 10, "model": "map_editor.qr_code", "fields": {"code": "7_17_2025", "point": 2025}}, {"pk": 11, "model": "map_editor.qr_code", "fields": {"code": "7_17_2026", "point": 2026}}, {"pk": 12, "model": "map_editor.qr_code", "fields": {"code": "7_17_2027", "point": 2027}}, {"pk": 13, "model": "map_editor.qr_code", "fields": {"code": "7_17_2021", "point": 2021}}, {"pk": 14, "model": "map_editor.qr_code", "fields": {"code": "7_17_2023", "point": 2023}}, {"pk": 15, "model": "map_editor.qr_code", "fields": {"code": "7_17_2015", "point": 2015}}, {"pk": 16, "model": "map_editor.qr_code", "fields": {"code": "7_17_2016", "point": 2016}}, {"pk": 17, "model": "map_editor.qr_code", "fields": {"code": "7_17_2014", "point": 2014}}, {"pk": 18, "model": "map_editor.qr_code", "fields": {"code": "7_17_2019", "point": 2019}}, {"pk": 19, "model": "map_editor.qr_code", "fields": {"code": "7_17_2030", "point": 2030}}, {"pk": 20, "model": "map_editor.qr_code", "fields": {"code": "7_17_2029", "point": 2029}}, {"pk": 21, "model": "map_editor.qr_code", "fields": {"code": "7_17_2018", "point": 2018}}, {"pk": 22, "model": "map_editor.qr_code", "fields": {"code": "7_17_2017", "point": 2017}}, {"pk": 9, "model": "route.connection", "fields": {"init": 266, "end": 266}}, {"pk": 10, "model": "route.connection", "fields": {"init": 266, "end": 266}}, {"pk": 11, "model": "route.connection", "fields": {"init": 266, "end": 266}}, {"pk": 12, "model": "route.connection", "fields": {"init": 266, "end": 266}}, {"pk": 13, "model": "route.connection", "fields": {"init": 265, "end": 266}}, {"pk": 14, "model": "route.connection", "fields": {"init": 265, "end": 266}}, {"pk": 15, "model": "route.connection", "fields": {"init": 619, "end": 620}}, {"pk": 16, "model": "route.connection", "fields": {"init": 620, "end": 619}}, {"pk": 17, "model": "route.connection", "fields": {"init": 620, "end": 2020}}, {"pk": 18, "model": "route.connection", "fields": {"init": 2032, "end": 2024}}, {"pk": 19, "model": "route.connection", "fields": {"init": 266, "end": 265}}, {"pk": 20, "model": "route.connection", "fields": {"init": 265, "end": 265}}, {"pk": 21, "model": "route.connection", "fields": {"init": 266, "end": 265}}, {"pk": 22, "model": "route.connection", "fields": {"init": 266, "end": 265}}, {"pk": 23, "model": "route.connection", "fields": {"init": 266, "end": 265}}, {"pk": 24, "model": "route.connection", "fields": {"init": 266, "end": 266}}, {"pk": 1, "model": "south.migrationhistory", "fields": {"applied": "2013-05-21T16:31:42Z", "app_name": "map_editor", "migration": "0001_initial"}}, {"pk": 2, "model": "south.migrationhistory", "fields": {"applied": "2013-05-21T16:31:43Z", "app_name": "map_editor", "migration": "0002_auto__del_field_objectcategory_type__add_field_objectcategory_name"}}, {"pk": 3, "model": "south.migrationhistory", "fields": {"applied": "2013-05-21T16:31:44Z", "app_name": "map_editor", "migration": "0003_auto__chg_field_place_name__chg_field_object_img"}}, {"pk": 4, "model": "south.migrationhistory", "fields": {"applied": "2013-05-21T16:31:45Z", "app_name": "map_editor", "migration": "0004_auto__chg_field_map_img__add_field_grid_name"}}, {"pk": 5, "model": "south.migrationhistory", "fields": {"applied": "2013-05-21T16:31:50Z", "app_name": "map_editor", "migration": "0005_auto__del_field_point_y_coord__del_field_point_x_coord__add_field_poin"}}, {"pk": 6, "model": "south.migrationhistory", "fields": {"applied": "2013-05-21T16:31:54Z", "app_name": "map_editor", "migration": "0006_auto__del_place__del_map__del_objectcategory__del_object__add_enclosur"}}, {"pk": 7, "model": "south.migrationhistory", "fields": {"applied": "2013-05-21T16:31:58Z", "app_name": "map_editor", "migration": "0007_auto__del_grid__add_field_floor_num_rows__add_field_floor_num_cols__de"}}, {"pk": 8, "model": "south.migrationhistory", "fields": {"applied": "2013-05-21T16:32:00Z", "app_name": "map_editor", "migration": "0008_auto__chg_field_floor_num_cols__chg_field_floor_num_rows"}}, {"pk": 9, "model": "south.migrationhistory", "fields": {"applied": "2013-05-21T16:32:02Z", "app_name": "map_editor", "migration": "0009_auto__chg_field_point_col__chg_field_point_row"}}, {"pk": 10, "model": "south.migrationhistory", "fields": {"applied": "2013-05-21T16:32:04Z", "app_name": "map_editor", "migration": "0010_auto__add_field_enclosure_owner__add_field_labelcategory_color"}}, {"pk": 11, "model": "south.migrationhistory", "fields": {"applied": "2013-05-21T16:32:04Z", "app_name": "map_editor", "migration": "0011_auto__add_qr_code"}}, {"pk": 12, "model": "south.migrationhistory", "fields": {"applied": "2013-05-21T16:32:08Z", "app_name": "route", "migration": "0001_initial"}}, {"pk": 13, "model": "south.migrationhistory", "fields": {"applied": "2013-05-21T16:32:09Z", "app_name": "tastypie", "migration": "0001_initial"}}, {"pk": 14, "model": "south.migrationhistory", "fields": {"applied": "2013-05-21T16:32:09Z", "app_name": "tastypie", "migration": "0002_add_apikey_index"}}, {"pk": 1, "model": "auth.permission", "fields": {"codename": "add_permission", "name": "Can add permission", "content_type": 1}}, {"pk": 2, "model": "auth.permission", "fields": {"codename": "change_permission", "name": "Can change permission", "content_type": 1}}, {"pk": 3, "model": "auth.permission", "fields": {"codename": "delete_permission", "name": "Can delete permission", "content_type": 1}}, {"pk": 4, "model": "auth.permission", "fields": {"codename": "add_group", "name": "Can add group", "content_type": 2}}, {"pk": 5, "model": "auth.permission", "fields": {"codename": "change_group", "name": "Can change group", "content_type": 2}}, {"pk": 6, "model": "auth.permission", "fields": {"codename": "delete_group", "name": "Can delete group", "content_type": 2}}, {"pk": 7, "model": "auth.permission", "fields": {"codename": "add_user", "name": "Can add user", "content_type": 3}}, {"pk": 8, "model": "auth.permission", "fields": {"codename": "change_user", "name": "Can change user", "content_type": 3}}, {"pk": 9, "model": "auth.permission", "fields": {"codename": "delete_user", "name": "Can delete user", "content_type": 3}}, {"pk": 10, "model": "auth.permission", "fields": {"codename": "add_contenttype", "name": "Can add content type", "content_type": 4}}, {"pk": 11, "model": "auth.permission", "fields": {"codename": "change_contenttype", "name": "Can change content type", "content_type": 4}}, {"pk": 12, "model": "auth.permission", "fields": {"codename": "delete_contenttype", "name": "Can delete content type", "content_type": 4}}, {"pk": 13, "model": "auth.permission", "fields": {"codename": "add_session", "name": "Can add session", "content_type": 5}}, {"pk": 14, "model": "auth.permission", "fields": {"codename": "change_session", "name": "Can change session", "content_type": 5}}, {"pk": 15, "model": "auth.permission", "fields": {"codename": "delete_session", "name": "Can delete session", "content_type": 5}}, {"pk": 16, "model": "auth.permission", "fields": {"codename": "add_site", "name": "Can add site", "content_type": 6}}, {"pk": 17, "model": "auth.permission", "fields": {"codename": "change_site", "name": "Can change site", "content_type": 6}}, {"pk": 18, "model": "auth.permission", "fields": {"codename": "delete_site", "name": "Can delete site", "content_type": 6}}, {"pk": 19, "model": "auth.permission", "fields": {"codename": "add_logentry", "name": "Can add log entry", "content_type": 7}}, {"pk": 20, "model": "auth.permission", "fields": {"codename": "change_logentry", "name": "Can change log entry", "content_type": 7}}, {"pk": 21, "model": "auth.permission", "fields": {"codename": "delete_logentry", "name": "Can delete log entry", "content_type": 7}}, {"pk": 22, "model": "auth.permission", "fields": {"codename": "add_migrationhistory", "name": "Can add migration history", "content_type": 8}}, {"pk": 23, "model": "auth.permission", "fields": {"codename": "change_migrationhistory", "name": "Can change migration history", "content_type": 8}}, {"pk": 24, "model": "auth.permission", "fields": {"codename": "delete_migrationhistory", "name": "Can delete migration history", "content_type": 8}}, {"pk": 25, "model": "auth.permission", "fields": {"codename": "add_enclosure", "name": "Can add enclosure", "content_type": 9}}, {"pk": 26, "model": "auth.permission", "fields": {"codename": "change_enclosure", "name": "Can change enclosure", "content_type": 9}}, {"pk": 27, "model": "auth.permission", "fields": {"codename": "delete_enclosure", "name": "Can delete enclosure", "content_type": 9}}, {"pk": 28, "model": "auth.permission", "fields": {"codename": "add_floor", "name": "Can add floor", "content_type": 10}}, {"pk": 29, "model": "auth.permission", "fields": {"codename": "change_floor", "name": "Can change floor", "content_type": 10}}, {"pk": 30, "model": "auth.permission", "fields": {"codename": "delete_floor", "name": "Can delete floor", "content_type": 10}}, {"pk": 31, "model": "auth.permission", "fields": {"codename": "add_labelcategory", "name": "Can add label category", "content_type": 11}}, {"pk": 32, "model": "auth.permission", "fields": {"codename": "change_labelcategory", "name": "Can change label category", "content_type": 11}}, {"pk": 33, "model": "auth.permission", "fields": {"codename": "delete_labelcategory", "name": "Can delete label category", "content_type": 11}}, {"pk": 34, "model": "auth.permission", "fields": {"codename": "add_label", "name": "Can add label", "content_type": 12}}, {"pk": 35, "model": "auth.permission", "fields": {"codename": "change_label", "name": "Can change label", "content_type": 12}}, {"pk": 36, "model": "auth.permission", "fields": {"codename": "delete_label", "name": "Can delete label", "content_type": 12}}, {"pk": 37, "model": "auth.permission", "fields": {"codename": "add_point", "name": "Can add point", "content_type": 13}}, {"pk": 38, "model": "auth.permission", "fields": {"codename": "change_point", "name": "Can change point", "content_type": 13}}, {"pk": 39, "model": "auth.permission", "fields": {"codename": "delete_point", "name": "Can delete point", "content_type": 13}}, {"pk": 40, "model": "auth.permission", "fields": {"codename": "add_qr_code", "name": "Can add QR_Code", "content_type": 14}}, {"pk": 41, "model": "auth.permission", "fields": {"codename": "change_qr_code", "name": "Can change QR_Code", "content_type": 14}}, {"pk": 42, "model": "auth.permission", "fields": {"codename": "delete_qr_code", "name": "Can delete QR_Code", "content_type": 14}}, {"pk": 43, "model": "auth.permission", "fields": {"codename": "add_route", "name": "Can add route", "content_type": 15}}, {"pk": 44, "model": "auth.permission", "fields": {"codename": "change_route", "name": "Can change route", "content_type": 15}}, {"pk": 45, "model": "auth.permission", "fields": {"codename": "delete_route", "name": "Can delete route", "content_type": 15}}, {"pk": 46, "model": "auth.permission", "fields": {"codename": "add_step", "name": "Can add step", "content_type": 16}}, {"pk": 47, "model": "auth.permission", "fields": {"codename": "change_step", "name": "Can change step", "content_type": 16}}, {"pk": 48, "model": "auth.permission", "fields": {"codename": "delete_step", "name": "Can delete step", "content_type": 16}}, {"pk": 49, "model": "auth.permission", "fields": {"codename": "add_connection", "name": "Can add connection", "content_type": 17}}, {"pk": 50, "model": "auth.permission", "fields": {"codename": "change_connection", "name": "Can change connection", "content_type": 17}}, {"pk": 51, "model": "auth.permission", "fields": {"codename": "delete_connection", "name": "Can delete connection", "content_type": 17}}, {"pk": 52, "model": "auth.permission", "fields": {"codename": "add_apiaccess", "name": "Can add api access", "content_type": 18}}, {"pk": 53, "model": "auth.permission", "fields": {"codename": "change_apiaccess", "name": "Can change api access", "content_type": 18}}, {"pk": 54, "model": "auth.permission", "fields": {"codename": "delete_apiaccess", "name": "Can delete api access", "content_type": 18}}, {"pk": 55, "model": "auth.permission", "fields": {"codename": "add_apikey", "name": "Can add api key", "content_type": 19}}, {"pk": 56, "model": "auth.permission", "fields": {"codename": "change_apikey", "name": "Can change api key", "content_type": 19}}, {"pk": 57, "model": "auth.permission", "fields": {"codename": "delete_apikey", "name": "Can delete api key", "content_type": 19}}, {"pk": 1, "model": "auth.user", "fields": {"username": "mnopi", "first_name": "", "last_name": "", "is_active": true, "is_superuser": true, "is_staff": true, "last_login": "2013-05-23T13:43:29Z", "groups": [], "user_permissions": [], "password": "pbkdf2_sha256$10000$5H3LllpmHJsW$RKWHYjEt7VcZyRObgJpmlmenW4Q5sSrSj+Lj1CI6Yx8=", "email": "", "date_joined": "2013-05-21T16:31:17Z"}}, {"pk": 1, "model": "admin.logentry", "fields": {"action_flag": 2, "action_time": "2013-05-21T16:39:28Z", "object_repr": "muro", "object_id": "1", "change_message": "Modificado/a img.", "user": 1, "content_type": 12}}, {"pk": 3, "model": "admin.logentry", "fields": {"action_flag": 2, "action_time": "2013-05-21T18:22:55Z", "object_repr": "Planta1", "object_id": "4", "change_message": "Modificado/a img.", "user": 1, "content_type": 10}}, {"pk": 4, "model": "admin.logentry", "fields": {"action_flag": 1, "action_time": "2013-05-22T10:20:19Z", "object_repr": "Connection object", "object_id": "1", "change_message": "", "user": 1, "content_type": 17}}, {"pk": 5, "model": "admin.logentry", "fields": {"action_flag": 3, "action_time": "2013-05-23T10:45:44Z", "object_repr": "categ7", "object_id": "7", "change_message": "", "user": 1, "content_type": 11}}, {"pk": 6, "model": "admin.logentry", "fields": {"action_flag": 3, "action_time": "2013-05-23T10:45:44Z", "object_repr": "categ6", "object_id": "6", "change_message": "", "user": 1, "content_type": 11}}, {"pk": 7, "model": "admin.logentry", "fields": {"action_flag": 3, "action_time": "2013-05-23T10:45:44Z", "object_repr": "categ5", "object_id": "5", "change_message": "", "user": 1, "content_type": 11}}, {"pk": 8, "model": "admin.logentry", "fields": {"action_flag": 3, "action_time": "2013-05-23T10:45:44Z", "object_repr": "Categ4", "object_id": "4", "change_message": "", "user": 1, "content_type": 11}}, {"pk": 9, "model": "admin.logentry", "fields": {"action_flag": 2, "action_time": "2013-05-23T14:35:32Z", "object_repr": "Planta2 (19, 28)", "object_id": "265", "change_message": "Modificado/a description.", "user": 1, "content_type": 13}}, {"pk": 10, "model": "admin.logentry", "fields": {"action_flag": 2, "action_time": "2013-05-23T14:36:20Z", "object_repr": "Parquing (0, 0)", "object_id": "266", "change_message": "Modificado/a description.", "user": 1, "content_type": 13}}, {"pk": 2, "model": "map_editor.enclosure", "fields": {"owner": 1, "name": "matadero"}}, {"pk": 3, "model": "map_editor.enclosure", "fields": {"owner": 1, "name": "Vaguada"}}, {"pk": 7, "model": "map_editor.enclosure", "fields": {"owner": 1, "name": "Matadero Prueba"}}, {"pk": 8, "model": "map_editor.enclosure", "fields": {"owner": 1, "name": "Arista Prueba"}}]
