-- phpMyAdmin SQL Dump
-- version 3.5.1
-- http://www.phpmyadmin.net
--
-- Host: localhost
-- Generation Time: May 28, 2013 at 07:58 AM
-- Server version: 5.5.24-log
-- PHP Version: 5.3.13

SET SQL_MODE="NO_AUTO_VALUE_ON_ZERO";
SET AUTOCOMMIT=0;
START TRANSACTION;
SET time_zone = "+00:00";


/*!40101 SET @OLD_CHARACTER_SET_CLIENT=@@CHARACTER_SET_CLIENT */;
/*!40101 SET @OLD_CHARACTER_SET_RESULTS=@@CHARACTER_SET_RESULTS */;
/*!40101 SET @OLD_COLLATION_CONNECTION=@@COLLATION_CONNECTION */;
/*!40101 SET NAMES utf8 */;

--
-- Database: `labelee_dev`
--

-- --------------------------------------------------------

--
-- Table structure for table `auth_group`
--

DROP TABLE IF EXISTS `auth_group`;
CREATE TABLE IF NOT EXISTS `auth_group` (
  `id` int(11) NOT NULL AUTO_INCREMENT,
  `name` varchar(80) NOT NULL,
  PRIMARY KEY (`id`),
  UNIQUE KEY `name` (`name`)
) ENGINE=InnoDB DEFAULT CHARSET=utf8 AUTO_INCREMENT=1 ;

-- --------------------------------------------------------

--
-- Table structure for table `auth_group_permissions`
--

DROP TABLE IF EXISTS `auth_group_permissions`;
CREATE TABLE IF NOT EXISTS `auth_group_permissions` (
  `id` int(11) NOT NULL AUTO_INCREMENT,
  `group_id` int(11) NOT NULL,
  `permission_id` int(11) NOT NULL,
  PRIMARY KEY (`id`),
  UNIQUE KEY `group_id` (`group_id`,`permission_id`),
  KEY `auth_group_permissions_5f412f9a` (`group_id`),
  KEY `auth_group_permissions_83d7f98b` (`permission_id`)
) ENGINE=InnoDB DEFAULT CHARSET=utf8 AUTO_INCREMENT=1 ;

-- --------------------------------------------------------

--
-- Table structure for table `auth_permission`
--

DROP TABLE IF EXISTS `auth_permission`;
CREATE TABLE IF NOT EXISTS `auth_permission` (
  `id` int(11) NOT NULL AUTO_INCREMENT,
  `name` varchar(50) NOT NULL,
  `content_type_id` int(11) NOT NULL,
  `codename` varchar(100) NOT NULL,
  PRIMARY KEY (`id`),
  UNIQUE KEY `content_type_id` (`content_type_id`,`codename`),
  KEY `auth_permission_37ef4eb4` (`content_type_id`)
) ENGINE=InnoDB  DEFAULT CHARSET=utf8 AUTO_INCREMENT=58 ;

--
-- Dumping data for table `auth_permission`
--

INSERT INTO `auth_permission` (`id`, `name`, `content_type_id`, `codename`) VALUES
(1, 'Can add permission', 1, 'add_permission'),
(2, 'Can change permission', 1, 'change_permission'),
(3, 'Can delete permission', 1, 'delete_permission'),
(4, 'Can add group', 2, 'add_group'),
(5, 'Can change group', 2, 'change_group'),
(6, 'Can delete group', 2, 'delete_group'),
(7, 'Can add user', 3, 'add_user'),
(8, 'Can change user', 3, 'change_user'),
(9, 'Can delete user', 3, 'delete_user'),
(10, 'Can add content type', 4, 'add_contenttype'),
(11, 'Can change content type', 4, 'change_contenttype'),
(12, 'Can delete content type', 4, 'delete_contenttype'),
(13, 'Can add session', 5, 'add_session'),
(14, 'Can change session', 5, 'change_session'),
(15, 'Can delete session', 5, 'delete_session'),
(16, 'Can add site', 6, 'add_site'),
(17, 'Can change site', 6, 'change_site'),
(18, 'Can delete site', 6, 'delete_site'),
(19, 'Can add log entry', 7, 'add_logentry'),
(20, 'Can change log entry', 7, 'change_logentry'),
(21, 'Can delete log entry', 7, 'delete_logentry'),
(22, 'Can add migration history', 8, 'add_migrationhistory'),
(23, 'Can change migration history', 8, 'change_migrationhistory'),
(24, 'Can delete migration history', 8, 'delete_migrationhistory'),
(25, 'Can add enclosure', 9, 'add_enclosure'),
(26, 'Can change enclosure', 9, 'change_enclosure'),
(27, 'Can delete enclosure', 9, 'delete_enclosure'),
(28, 'Can add floor', 10, 'add_floor'),
(29, 'Can change floor', 10, 'change_floor'),
(30, 'Can delete floor', 10, 'delete_floor'),
(31, 'Can add label category', 11, 'add_labelcategory'),
(32, 'Can change label category', 11, 'change_labelcategory'),
(33, 'Can delete label category', 11, 'delete_labelcategory'),
(34, 'Can add label', 12, 'add_label'),
(35, 'Can change label', 12, 'change_label'),
(36, 'Can delete label', 12, 'delete_label'),
(37, 'Can add point', 13, 'add_point'),
(38, 'Can change point', 13, 'change_point'),
(39, 'Can delete point', 13, 'delete_point'),
(40, 'Can add QR_Code', 14, 'add_qr_code'),
(41, 'Can change QR_Code', 14, 'change_qr_code'),
(42, 'Can delete QR_Code', 14, 'delete_qr_code'),
(43, 'Can add route', 15, 'add_route'),
(44, 'Can change route', 15, 'change_route'),
(45, 'Can delete route', 15, 'delete_route'),
(46, 'Can add step', 16, 'add_step'),
(47, 'Can change step', 16, 'change_step'),
(48, 'Can delete step', 16, 'delete_step'),
(49, 'Can add connection', 17, 'add_connection'),
(50, 'Can change connection', 17, 'change_connection'),
(51, 'Can delete connection', 17, 'delete_connection'),
(52, 'Can add api access', 18, 'add_apiaccess'),
(53, 'Can change api access', 18, 'change_apiaccess'),
(54, 'Can delete api access', 18, 'delete_apiaccess'),
(55, 'Can add api key', 19, 'add_apikey'),
(56, 'Can change api key', 19, 'change_apikey'),
(57, 'Can delete api key', 19, 'delete_apikey');

-- --------------------------------------------------------

--
-- Table structure for table `auth_user`
--

DROP TABLE IF EXISTS `auth_user`;
CREATE TABLE IF NOT EXISTS `auth_user` (
  `id` int(11) NOT NULL AUTO_INCREMENT,
  `password` varchar(128) NOT NULL,
  `last_login` datetime NOT NULL,
  `is_superuser` tinyint(1) NOT NULL,
  `username` varchar(30) NOT NULL,
  `first_name` varchar(30) NOT NULL,
  `last_name` varchar(30) NOT NULL,
  `email` varchar(75) NOT NULL,
  `is_staff` tinyint(1) NOT NULL,
  `is_active` tinyint(1) NOT NULL,
  `date_joined` datetime NOT NULL,
  PRIMARY KEY (`id`),
  UNIQUE KEY `username` (`username`)
) ENGINE=InnoDB  DEFAULT CHARSET=utf8 AUTO_INCREMENT=2 ;

--
-- Dumping data for table `auth_user`
--

INSERT INTO `auth_user` (`id`, `password`, `last_login`, `is_superuser`, `username`, `first_name`, `last_name`, `email`, `is_staff`, `is_active`, `date_joined`) VALUES
(1, 'pbkdf2_sha256$10000$5H3LllpmHJsW$RKWHYjEt7VcZyRObgJpmlmenW4Q5sSrSj+Lj1CI6Yx8=', '2013-05-23 13:43:29', 1, 'mnopi', '', '', '', 1, 1, '2013-05-21 16:31:17');

-- --------------------------------------------------------

--
-- Table structure for table `auth_user_groups`
--

DROP TABLE IF EXISTS `auth_user_groups`;
CREATE TABLE IF NOT EXISTS `auth_user_groups` (
  `id` int(11) NOT NULL AUTO_INCREMENT,
  `user_id` int(11) NOT NULL,
  `group_id` int(11) NOT NULL,
  PRIMARY KEY (`id`),
  UNIQUE KEY `user_id` (`user_id`,`group_id`),
  KEY `auth_user_groups_6340c63c` (`user_id`),
  KEY `auth_user_groups_5f412f9a` (`group_id`)
) ENGINE=InnoDB DEFAULT CHARSET=utf8 AUTO_INCREMENT=1 ;

-- --------------------------------------------------------

--
-- Table structure for table `auth_user_user_permissions`
--

DROP TABLE IF EXISTS `auth_user_user_permissions`;
CREATE TABLE IF NOT EXISTS `auth_user_user_permissions` (
  `id` int(11) NOT NULL AUTO_INCREMENT,
  `user_id` int(11) NOT NULL,
  `permission_id` int(11) NOT NULL,
  PRIMARY KEY (`id`),
  UNIQUE KEY `user_id` (`user_id`,`permission_id`),
  KEY `auth_user_user_permissions_6340c63c` (`user_id`),
  KEY `auth_user_user_permissions_83d7f98b` (`permission_id`)
) ENGINE=InnoDB DEFAULT CHARSET=utf8 AUTO_INCREMENT=1 ;

-- --------------------------------------------------------

--
-- Table structure for table `django_admin_log`
--

DROP TABLE IF EXISTS `django_admin_log`;
CREATE TABLE IF NOT EXISTS `django_admin_log` (
  `id` int(11) NOT NULL AUTO_INCREMENT,
  `action_time` datetime NOT NULL,
  `user_id` int(11) NOT NULL,
  `content_type_id` int(11) DEFAULT NULL,
  `object_id` longtext,
  `object_repr` varchar(200) NOT NULL,
  `action_flag` smallint(5) unsigned NOT NULL,
  `change_message` longtext NOT NULL,
  PRIMARY KEY (`id`),
  KEY `django_admin_log_6340c63c` (`user_id`),
  KEY `django_admin_log_37ef4eb4` (`content_type_id`)
) ENGINE=InnoDB  DEFAULT CHARSET=utf8 AUTO_INCREMENT=11 ;

--
-- Dumping data for table `django_admin_log`
--

INSERT INTO `django_admin_log` (`id`, `action_time`, `user_id`, `content_type_id`, `object_id`, `object_repr`, `action_flag`, `change_message`) VALUES
(1, '2013-05-21 16:39:28', 1, 12, '1', 'muro', 2, 'Modificado/a img.'),
(3, '2013-05-21 18:22:55', 1, 10, '4', 'Planta1', 2, 'Modificado/a img.'),
(4, '2013-05-22 10:20:19', 1, 17, '1', 'Connection object', 1, ''),
(5, '2013-05-23 10:45:44', 1, 11, '7', 'categ7', 3, ''),
(6, '2013-05-23 10:45:44', 1, 11, '6', 'categ6', 3, ''),
(7, '2013-05-23 10:45:44', 1, 11, '5', 'categ5', 3, ''),
(8, '2013-05-23 10:45:44', 1, 11, '4', 'Categ4', 3, ''),
(9, '2013-05-23 14:35:32', 1, 13, '265', 'Planta2 (19, 28)', 2, 'Modificado/a description.'),
(10, '2013-05-23 14:36:20', 1, 13, '266', 'Parquing (0, 0)', 2, 'Modificado/a description.');

-- --------------------------------------------------------

--
-- Table structure for table `django_content_type`
--

DROP TABLE IF EXISTS `django_content_type`;
CREATE TABLE IF NOT EXISTS `django_content_type` (
  `id` int(11) NOT NULL AUTO_INCREMENT,
  `name` varchar(100) NOT NULL,
  `app_label` varchar(100) NOT NULL,
  `model` varchar(100) NOT NULL,
  PRIMARY KEY (`id`),
  UNIQUE KEY `app_label` (`app_label`,`model`)
) ENGINE=InnoDB  DEFAULT CHARSET=utf8 AUTO_INCREMENT=20 ;

--
-- Dumping data for table `django_content_type`
--

INSERT INTO `django_content_type` (`id`, `name`, `app_label`, `model`) VALUES
(1, 'permission', 'auth', 'permission'),
(2, 'group', 'auth', 'group'),
(3, 'user', 'auth', 'user'),
(4, 'content type', 'contenttypes', 'contenttype'),
(5, 'session', 'sessions', 'session'),
(6, 'site', 'sites', 'site'),
(7, 'log entry', 'admin', 'logentry'),
(8, 'migration history', 'south', 'migrationhistory'),
(9, 'enclosure', 'map_editor', 'enclosure'),
(10, 'floor', 'map_editor', 'floor'),
(11, 'label category', 'map_editor', 'labelcategory'),
(12, 'label', 'map_editor', 'label'),
(13, 'point', 'map_editor', 'point'),
(14, 'QR_Code', 'map_editor', 'qr_code'),
(15, 'route', 'route', 'route'),
(16, 'step', 'route', 'step'),
(17, 'connection', 'route', 'connection'),
(18, 'api access', 'tastypie', 'apiaccess'),
(19, 'api key', 'tastypie', 'apikey');

-- --------------------------------------------------------

--
-- Table structure for table `django_session`
--

DROP TABLE IF EXISTS `django_session`;
CREATE TABLE IF NOT EXISTS `django_session` (
  `session_key` varchar(40) NOT NULL,
  `session_data` longtext NOT NULL,
  `expire_date` datetime NOT NULL,
  PRIMARY KEY (`session_key`),
  KEY `django_session_b7b81f0c` (`expire_date`)
) ENGINE=InnoDB DEFAULT CHARSET=utf8;

--
-- Dumping data for table `django_session`
--

INSERT INTO `django_session` (`session_key`, `session_data`, `expire_date`) VALUES
('db8kpwm5zpzidorov4m4prxgem6tuyih', 'MTcyYWQ4MTU4Y2MxNDA0ZTY2ZTg0YzNiYmVlMjM0ZjcyNDU0MzU5ZDqAAn1xAShVEl9hdXRoX3VzZXJfYmFja2VuZHECVSlkamFuZ28uY29udHJpYi5hdXRoLmJhY2tlbmRzLk1vZGVsQmFja2VuZHEDVQ1fYXV0aF91c2VyX2lkcQSKAQF1Lg==', '2013-06-04 16:33:33'),
('dupbiuic7ps9gkvvfpxtk4ryq950hbcw', 'MTcyYWQ4MTU4Y2MxNDA0ZTY2ZTg0YzNiYmVlMjM0ZjcyNDU0MzU5ZDqAAn1xAShVEl9hdXRoX3VzZXJfYmFja2VuZHECVSlkamFuZ28uY29udHJpYi5hdXRoLmJhY2tlbmRzLk1vZGVsQmFja2VuZHEDVQ1fYXV0aF91c2VyX2lkcQSKAQF1Lg==', '2013-06-04 18:21:28'),
('eawk6i79x8xfety7amg160f19o6wgo7h', 'MTcyYWQ4MTU4Y2MxNDA0ZTY2ZTg0YzNiYmVlMjM0ZjcyNDU0MzU5ZDqAAn1xAShVEl9hdXRoX3VzZXJfYmFja2VuZHECVSlkamFuZ28uY29udHJpYi5hdXRoLmJhY2tlbmRzLk1vZGVsQmFja2VuZHEDVQ1fYXV0aF91c2VyX2lkcQSKAQF1Lg==', '2013-06-05 10:15:19'),
('ep5r8z7fqsv34a1h6zlw09x8bxhmt7w3', 'MTcyYWQ4MTU4Y2MxNDA0ZTY2ZTg0YzNiYmVlMjM0ZjcyNDU0MzU5ZDqAAn1xAShVEl9hdXRoX3VzZXJfYmFja2VuZHECVSlkamFuZ28uY29udHJpYi5hdXRoLmJhY2tlbmRzLk1vZGVsQmFja2VuZHEDVQ1fYXV0aF91c2VyX2lkcQSKAQF1Lg==', '2013-06-05 10:47:05'),
('j6hl7jlt1r68q7hdsv456331b41axx68', 'MTcyYWQ4MTU4Y2MxNDA0ZTY2ZTg0YzNiYmVlMjM0ZjcyNDU0MzU5ZDqAAn1xAShVEl9hdXRoX3VzZXJfYmFja2VuZHECVSlkamFuZ28uY29udHJpYi5hdXRoLmJhY2tlbmRzLk1vZGVsQmFja2VuZHEDVQ1fYXV0aF91c2VyX2lkcQSKAQF1Lg==', '2013-06-06 13:43:29'),
('vcx9c9f3gfiygnbz8usuxjhoplnowghs', 'MTcyYWQ4MTU4Y2MxNDA0ZTY2ZTg0YzNiYmVlMjM0ZjcyNDU0MzU5ZDqAAn1xAShVEl9hdXRoX3VzZXJfYmFja2VuZHECVSlkamFuZ28uY29udHJpYi5hdXRoLmJhY2tlbmRzLk1vZGVsQmFja2VuZHEDVQ1fYXV0aF91c2VyX2lkcQSKAQF1Lg==', '2013-06-06 12:40:08'),
('y00ev7y2umkiratnl5qmjsudx2vgbpd4', 'MTcyYWQ4MTU4Y2MxNDA0ZTY2ZTg0YzNiYmVlMjM0ZjcyNDU0MzU5ZDqAAn1xAShVEl9hdXRoX3VzZXJfYmFja2VuZHECVSlkamFuZ28uY29udHJpYi5hdXRoLmJhY2tlbmRzLk1vZGVsQmFja2VuZHEDVQ1fYXV0aF91c2VyX2lkcQSKAQF1Lg==', '2013-06-05 10:29:16');

-- --------------------------------------------------------

--
-- Table structure for table `django_site`
--

DROP TABLE IF EXISTS `django_site`;
CREATE TABLE IF NOT EXISTS `django_site` (
  `id` int(11) NOT NULL AUTO_INCREMENT,
  `domain` varchar(100) NOT NULL,
  `name` varchar(50) NOT NULL,
  PRIMARY KEY (`id`)
) ENGINE=InnoDB  DEFAULT CHARSET=utf8 AUTO_INCREMENT=2 ;

--
-- Dumping data for table `django_site`
--

INSERT INTO `django_site` (`id`, `domain`, `name`) VALUES
(1, 'example.com', 'example.com');

-- --------------------------------------------------------

--
-- Table structure for table `map_editor_enclosure`
--

DROP TABLE IF EXISTS `map_editor_enclosure`;
CREATE TABLE IF NOT EXISTS `map_editor_enclosure` (
  `id` int(11) NOT NULL AUTO_INCREMENT,
  `name` varchar(60) NOT NULL,
  `owner_id` int(11) NOT NULL,
  PRIMARY KEY (`id`),
  UNIQUE KEY `name` (`name`),
  KEY `map_editor_enclosure_cb902d83` (`owner_id`)
) ENGINE=InnoDB  DEFAULT CHARSET=utf8 AUTO_INCREMENT=9 ;

--
-- Dumping data for table `map_editor_enclosure`
--

INSERT INTO `map_editor_enclosure` (`id`, `name`, `owner_id`) VALUES
(2, 'matadero', 1),
(3, 'Vaguada', 1),
(7, 'Matadero Prueba', 1),
(8, 'Arista Prueba', 1);

-- --------------------------------------------------------

--
-- Table structure for table `map_editor_floor`
--

DROP TABLE IF EXISTS `map_editor_floor`;
CREATE TABLE IF NOT EXISTS `map_editor_floor` (
  `id` int(11) NOT NULL AUTO_INCREMENT,
  `name` varchar(200) NOT NULL,
  `img` varchar(100) DEFAULT NULL,
  `enclosure_id` int(11) NOT NULL,
  `num_rows` int(10) unsigned DEFAULT NULL,
  `num_cols` int(10) unsigned DEFAULT NULL,
  PRIMARY KEY (`id`),
  KEY `map_editor_floor_050c7fa5` (`enclosure_id`)
) ENGINE=InnoDB  DEFAULT CHARSET=utf8 AUTO_INCREMENT=20 ;

--
-- Dumping data for table `map_editor_floor`
--

INSERT INTO `map_editor_floor` (`id`, `name`, `img`, `enclosure_id`, `num_rows`, `num_cols`) VALUES
(2, 'matadero', '/media/img/enclosures/matadero/floors/mapa_matadero_1500.jpg', 2, 20, 30),
(5, 'Planta2', '/media/img/enclosures/Vaguada/floors/27.jpg', 3, 20, 29),
(6, 'Parquing', '/media/img/enclosures/Vaguada/floors/28.jpg', 3, 20, 26),
(8, 'plantax', '/media/img/enclosures/matadero/floors/29.jpg', 2, 20, 29),
(15, 'Parquing', '/media/img/enclosures/Matadero_Prueba/floors/28.jpg', 7, 20, 26),
(17, 'Planta 1', '/media/img/enclosures/Matadero_Prueba/floors/mapa_matadero_1500.jpg', 7, 75, 115),
(18, 'Parquing', '/media/img/enclosures/Arista_Prueba/floors/28.jpg', 8, 20, 26),
(19, 'Planta 1', '/media/img/enclosures/Arista_Prueba/floors/27.jpg', 8, 20, 29);

-- --------------------------------------------------------

--
-- Table structure for table `map_editor_label`
--

DROP TABLE IF EXISTS `map_editor_label`;
CREATE TABLE IF NOT EXISTS `map_editor_label` (
  `id` int(11) NOT NULL AUTO_INCREMENT,
  `name` varchar(200) NOT NULL,
  `img` varchar(100) DEFAULT NULL,
  `category_id` int(11) NOT NULL,
  PRIMARY KEY (`id`),
  KEY `map_editor_label_6f33f001` (`category_id`)
) ENGINE=InnoDB  DEFAULT CHARSET=utf8 AUTO_INCREMENT=24 ;

--
-- Dumping data for table `map_editor_label`
--

INSERT INTO `map_editor_label` (`id`, `name`, `img`, `category_id`) VALUES
(6, 'muro', 'img/labels/Bloqueantes/wall_1.png', 1),
(7, 'Vips', 'img/labels/Restaurantes/vips_2.png', 2),
(8, 'Escalera', 'img/labels/Aristas/builders.png', 3),
(9, 'bloq2', 'img/labels/Bloqueantes/wall_2.png', 1),
(10, 'bloq3', '', 1),
(11, 'bloq4', 'img/labels/Bloqueantes/wall_3.png', 1),
(12, 'bloq5', 'img/labels/Bloqueantes/wall_4.png', 1),
(13, 'restaur2', 'img/labels/Restaurantes/wall.png', 2),
(14, 'restaur3', 'img/labels/Restaurantes/qr_code.png', 2),
(19, 'rest55', 'img/labels/Restaurantes/qr_code_1.png', 2),
(20, 'Ubicaci', 'img/labels/Intermedias/ubicacion.png', 9),
(21, 'Kichi', 'img/labels/Restaurantes/restaurants.png', 2),
(22, 'Zara', 'img/labels/Tiendas/souvenirs.png', 10),
(23, 'Nike', 'img/labels/Tiendas/souvenirs_1.png', 10);

-- --------------------------------------------------------

--
-- Table structure for table `map_editor_labelcategory`
--

DROP TABLE IF EXISTS `map_editor_labelcategory`;
CREATE TABLE IF NOT EXISTS `map_editor_labelcategory` (
  `id` int(11) NOT NULL AUTO_INCREMENT,
  `name` varchar(200) NOT NULL,
  `img` varchar(100) DEFAULT NULL,
  `color` varchar(50) NOT NULL,
  PRIMARY KEY (`id`),
  UNIQUE KEY `name` (`name`)
) ENGINE=InnoDB  DEFAULT CHARSET=utf8 AUTO_INCREMENT=11 ;

--
-- Dumping data for table `map_editor_labelcategory`
--

INSERT INTO `map_editor_labelcategory` (`id`, `name`, `img`, `color`) VALUES
(1, 'Bloqueantes', '', 'red'),
(2, 'Restaurantes', '', 'purple'),
(3, 'Aristas', '', 'green'),
(9, 'Intermedias', '', 'blue'),
(10, 'Tiendas', '', 'orange');

-- --------------------------------------------------------

--
-- Table structure for table `map_editor_point`
--

DROP TABLE IF EXISTS `map_editor_point`;
CREATE TABLE IF NOT EXISTS `map_editor_point` (
  `id` int(11) NOT NULL AUTO_INCREMENT,
  `description` varchar(200) DEFAULT NULL,
  `row` int(10) unsigned DEFAULT NULL,
  `col` int(10) unsigned DEFAULT NULL,
  `label_id` int(11) NOT NULL,
  `floor_id` int(11) NOT NULL,
  PRIMARY KEY (`id`),
  KEY `map_editor_point_e05256b6` (`label_id`),
  KEY `map_editor_point_e4074c70` (`floor_id`)
) ENGINE=InnoDB  DEFAULT CHARSET=utf8 AUTO_INCREMENT=2113 ;

--
-- Dumping data for table `map_editor_point`
--

INSERT INTO `map_editor_point` (`id`, `description`, `row`, `col`, `label_id`, `floor_id`) VALUES
(198, NULL, 19, 4, 6, 5),
(199, NULL, 19, 5, 6, 5),
(200, NULL, 19, 6, 6, 5),
(201, NULL, 19, 7, 6, 5),
(202, NULL, 19, 8, 6, 5),
(203, NULL, 19, 9, 6, 5),
(204, NULL, 19, 10, 6, 5),
(205, NULL, 15, 9, 6, 5),
(206, NULL, 15, 10, 6, 5),
(207, NULL, 15, 11, 6, 5),
(208, NULL, 15, 12, 6, 5),
(209, NULL, 15, 13, 6, 5),
(210, NULL, 15, 14, 6, 5),
(211, NULL, 15, 15, 6, 5),
(212, NULL, 15, 16, 6, 5),
(213, NULL, 15, 17, 6, 5),
(214, NULL, 15, 18, 6, 5),
(215, NULL, 15, 19, 6, 5),
(216, NULL, 15, 20, 6, 5),
(217, NULL, 15, 21, 6, 5),
(218, NULL, 15, 22, 6, 5),
(219, NULL, 15, 23, 6, 5),
(220, NULL, 15, 24, 6, 5),
(221, NULL, 16, 7, 6, 5),
(222, NULL, 16, 8, 6, 5),
(223, NULL, 16, 23, 6, 5),
(224, NULL, 17, 5, 6, 5),
(225, NULL, 17, 6, 6, 5),
(226, NULL, 17, 7, 6, 5),
(227, NULL, 17, 8, 6, 5),
(228, NULL, 17, 9, 6, 5),
(229, NULL, 17, 10, 6, 5),
(230, NULL, 17, 11, 6, 5),
(231, NULL, 17, 12, 6, 5),
(232, NULL, 17, 13, 6, 5),
(233, NULL, 17, 14, 6, 5),
(234, NULL, 17, 15, 6, 5),
(235, NULL, 17, 16, 6, 5),
(236, NULL, 17, 17, 6, 5),
(237, NULL, 17, 18, 6, 5),
(238, NULL, 17, 19, 6, 5),
(239, NULL, 17, 20, 6, 5),
(240, NULL, 17, 21, 6, 5),
(241, NULL, 17, 22, 6, 5),
(242, NULL, 18, 4, 6, 5),
(243, NULL, 18, 5, 6, 5),
(244, NULL, 18, 17, 6, 5),
(245, NULL, 18, 18, 6, 5),
(246, NULL, 18, 19, 6, 5),
(247, NULL, 19, 11, 6, 5),
(248, NULL, 19, 12, 6, 5),
(249, NULL, 19, 13, 6, 5),
(250, NULL, 19, 14, 6, 5),
(251, NULL, 19, 15, 6, 5),
(252, NULL, 19, 16, 6, 5),
(253, NULL, 19, 17, 6, 5),
(254, NULL, 0, 12, 6, 5),
(255, NULL, 1, 0, 7, 5),
(256, NULL, 1, 12, 6, 5),
(257, NULL, 2, 12, 6, 5),
(258, NULL, 3, 12, 6, 5),
(259, NULL, 4, 12, 6, 5),
(260, NULL, 5, 12, 6, 5),
(261, NULL, 6, 12, 6, 5),
(262, NULL, 7, 12, 6, 5),
(263, NULL, 8, 12, 6, 5),
(264, NULL, 9, 12, 6, 5),
(265, 'E1-P2', 19, 28, 8, 5),
(266, 'E1-P0', 0, 0, 8, 6),
(267, NULL, 19, 25, 7, 6),
(268, NULL, 0, 13, 6, 6),
(269, NULL, 1, 13, 6, 6),
(270, NULL, 2, 13, 6, 6),
(271, NULL, 3, 13, 6, 6),
(272, NULL, 4, 13, 6, 6),
(273, NULL, 5, 13, 6, 6),
(274, NULL, 6, 13, 6, 6),
(275, NULL, 7, 13, 6, 6),
(276, NULL, 8, 13, 6, 6),
(277, NULL, 9, 13, 6, 6),
(278, NULL, 10, 13, 6, 6),
(279, NULL, 11, 13, 6, 6),
(280, NULL, 12, 13, 6, 6),
(281, NULL, 13, 13, 6, 6),
(282, NULL, 14, 13, 6, 6),
(283, NULL, 15, 13, 6, 6),
(284, NULL, 16, 13, 6, 6),
(285, NULL, 17, 13, 6, 6),
(286, NULL, 18, 13, 6, 6),
(306, NULL, 1, 4, 6, 8),
(307, NULL, 1, 5, 6, 8),
(308, NULL, 1, 6, 6, 8),
(309, NULL, 1, 7, 6, 8),
(310, NULL, 1, 8, 6, 8),
(311, NULL, 1, 9, 6, 8),
(312, NULL, 1, 10, 6, 8),
(313, NULL, 0, 4, 6, 8),
(314, NULL, 0, 5, 6, 8),
(315, NULL, 0, 6, 6, 8),
(316, NULL, 0, 7, 6, 8),
(317, NULL, 0, 8, 6, 8),
(318, NULL, 0, 9, 6, 8),
(319, NULL, 0, 10, 6, 8),
(407, NULL, 11, 1, 6, 15),
(409, NULL, 10, 1, 6, 15),
(411, NULL, 9, 1, 6, 15),
(413, NULL, 8, 1, 6, 15),
(414, NULL, 7, 1, 6, 15),
(415, NULL, 6, 1, 6, 15),
(416, NULL, 5, 1, 6, 15),
(417, NULL, 4, 1, 6, 15),
(418, NULL, 18, 3, 6, 15),
(419, NULL, 18, 4, 6, 15),
(420, NULL, 18, 5, 6, 15),
(421, NULL, 18, 6, 6, 15),
(422, NULL, 18, 7, 6, 15),
(423, NULL, 18, 8, 6, 15),
(424, NULL, 18, 9, 6, 15),
(425, NULL, 18, 10, 6, 15),
(426, NULL, 18, 11, 6, 15),
(427, NULL, 18, 12, 6, 15),
(428, NULL, 18, 13, 6, 15),
(429, NULL, 18, 14, 6, 15),
(430, NULL, 18, 15, 6, 15),
(431, NULL, 18, 16, 6, 15),
(432, NULL, 18, 17, 6, 15),
(433, NULL, 18, 18, 6, 15),
(434, NULL, 18, 19, 6, 15),
(435, NULL, 18, 20, 6, 15),
(436, NULL, 18, 21, 6, 15),
(437, NULL, 18, 22, 6, 15),
(438, NULL, 17, 3, 6, 15),
(439, NULL, 17, 4, 6, 15),
(440, NULL, 17, 5, 6, 15),
(441, NULL, 17, 6, 6, 15),
(442, NULL, 17, 7, 6, 15),
(443, NULL, 17, 8, 6, 15),
(444, NULL, 17, 9, 6, 15),
(445, NULL, 17, 10, 6, 15),
(446, NULL, 17, 11, 6, 15),
(447, NULL, 17, 12, 6, 15),
(448, NULL, 17, 13, 6, 15),
(449, NULL, 17, 14, 6, 15),
(450, NULL, 17, 15, 6, 15),
(451, NULL, 17, 16, 6, 15),
(452, NULL, 17, 17, 6, 15),
(453, NULL, 17, 18, 6, 15),
(454, NULL, 17, 19, 6, 15),
(455, NULL, 17, 20, 6, 15),
(456, NULL, 17, 21, 6, 15),
(457, NULL, 17, 22, 6, 15),
(458, NULL, 15, 1, 6, 15),
(459, NULL, 15, 2, 6, 15),
(460, NULL, 15, 23, 6, 15),
(461, NULL, 15, 24, 6, 15),
(462, NULL, 14, 1, 6, 15),
(463, NULL, 14, 2, 6, 15),
(464, NULL, 14, 5, 6, 15),
(465, NULL, 14, 6, 6, 15),
(466, NULL, 14, 7, 6, 15),
(467, NULL, 14, 8, 6, 15),
(468, NULL, 14, 9, 6, 15),
(469, NULL, 14, 10, 6, 15),
(470, NULL, 14, 11, 6, 15),
(471, NULL, 14, 14, 6, 15),
(472, NULL, 14, 15, 6, 15),
(473, NULL, 14, 16, 6, 15),
(474, NULL, 14, 17, 6, 15),
(475, NULL, 14, 18, 6, 15),
(476, NULL, 14, 19, 6, 15),
(477, NULL, 14, 20, 6, 15),
(478, NULL, 14, 23, 6, 15),
(479, NULL, 14, 24, 6, 15),
(480, NULL, 13, 1, 6, 15),
(481, NULL, 13, 2, 6, 15),
(482, NULL, 13, 5, 6, 15),
(483, NULL, 13, 6, 6, 15),
(484, NULL, 13, 7, 6, 15),
(485, NULL, 13, 8, 6, 15),
(486, NULL, 13, 9, 6, 15),
(487, NULL, 13, 10, 6, 15),
(488, NULL, 13, 11, 6, 15),
(489, NULL, 13, 14, 6, 15),
(490, NULL, 13, 15, 6, 15),
(491, NULL, 13, 16, 6, 15),
(492, NULL, 13, 17, 6, 15),
(493, NULL, 13, 18, 6, 15),
(494, NULL, 13, 19, 6, 15),
(495, NULL, 13, 20, 6, 15),
(496, NULL, 13, 23, 6, 15),
(497, NULL, 13, 24, 6, 15),
(498, NULL, 12, 1, 6, 15),
(499, NULL, 12, 2, 6, 15),
(500, NULL, 12, 5, 6, 15),
(501, NULL, 12, 6, 6, 15),
(502, NULL, 12, 7, 6, 15),
(503, NULL, 12, 8, 6, 15),
(504, NULL, 12, 9, 6, 15),
(505, NULL, 12, 10, 6, 15),
(506, NULL, 12, 11, 6, 15),
(507, NULL, 12, 14, 6, 15),
(508, NULL, 12, 15, 6, 15),
(509, NULL, 12, 16, 6, 15),
(510, NULL, 12, 17, 6, 15),
(511, NULL, 12, 18, 6, 15),
(512, NULL, 12, 19, 6, 15),
(513, NULL, 12, 20, 6, 15),
(514, NULL, 12, 23, 6, 15),
(515, NULL, 12, 24, 6, 15),
(516, NULL, 11, 2, 6, 15),
(517, NULL, 11, 5, 6, 15),
(518, NULL, 11, 6, 6, 15),
(519, NULL, 11, 7, 6, 15),
(520, NULL, 11, 8, 6, 15),
(521, NULL, 11, 9, 6, 15),
(522, NULL, 11, 10, 6, 15),
(523, NULL, 11, 11, 6, 15),
(524, NULL, 11, 14, 6, 15),
(525, NULL, 11, 15, 6, 15),
(526, NULL, 11, 16, 6, 15),
(527, NULL, 11, 17, 6, 15),
(528, NULL, 11, 18, 6, 15),
(529, NULL, 11, 19, 6, 15),
(530, NULL, 11, 20, 6, 15),
(531, NULL, 11, 23, 6, 15),
(532, NULL, 11, 24, 6, 15),
(533, NULL, 10, 2, 6, 15),
(534, NULL, 10, 23, 6, 15),
(535, NULL, 10, 24, 6, 15),
(536, NULL, 9, 2, 6, 15),
(537, NULL, 9, 23, 6, 15),
(538, NULL, 9, 24, 6, 15),
(539, NULL, 8, 2, 6, 15),
(540, NULL, 8, 5, 6, 15),
(541, NULL, 8, 6, 6, 15),
(542, NULL, 8, 7, 6, 15),
(543, NULL, 8, 8, 6, 15),
(544, NULL, 8, 9, 6, 15),
(545, NULL, 8, 10, 6, 15),
(546, NULL, 8, 11, 6, 15),
(547, NULL, 8, 14, 6, 15),
(548, NULL, 8, 15, 6, 15),
(549, NULL, 8, 16, 6, 15),
(550, NULL, 8, 17, 6, 15),
(551, NULL, 8, 18, 6, 15),
(552, NULL, 8, 19, 6, 15),
(553, NULL, 8, 20, 6, 15),
(554, NULL, 8, 23, 6, 15),
(555, NULL, 8, 24, 6, 15),
(556, NULL, 7, 2, 6, 15),
(557, NULL, 7, 5, 6, 15),
(558, NULL, 7, 6, 6, 15),
(559, NULL, 7, 7, 6, 15),
(560, NULL, 7, 8, 6, 15),
(561, NULL, 7, 9, 6, 15),
(562, NULL, 7, 10, 6, 15),
(563, NULL, 7, 11, 6, 15),
(564, NULL, 7, 14, 6, 15),
(565, NULL, 7, 15, 6, 15),
(566, NULL, 7, 16, 6, 15),
(567, NULL, 7, 17, 6, 15),
(568, NULL, 7, 18, 6, 15),
(569, NULL, 7, 19, 6, 15),
(570, NULL, 7, 20, 6, 15),
(571, NULL, 7, 23, 6, 15),
(572, NULL, 7, 24, 6, 15),
(573, NULL, 6, 2, 6, 15),
(574, NULL, 6, 5, 6, 15),
(575, NULL, 6, 6, 6, 15),
(576, NULL, 6, 7, 6, 15),
(577, NULL, 6, 8, 6, 15),
(578, NULL, 6, 9, 6, 15),
(579, NULL, 6, 10, 6, 15),
(580, NULL, 6, 11, 6, 15),
(581, NULL, 6, 14, 6, 15),
(582, NULL, 6, 15, 6, 15),
(583, NULL, 6, 16, 6, 15),
(584, NULL, 6, 17, 6, 15),
(585, NULL, 6, 18, 6, 15),
(586, NULL, 6, 19, 6, 15),
(587, NULL, 6, 20, 6, 15),
(588, NULL, 6, 23, 6, 15),
(589, NULL, 6, 24, 6, 15),
(590, NULL, 5, 2, 6, 15),
(591, NULL, 5, 5, 6, 15),
(592, NULL, 5, 6, 6, 15),
(593, NULL, 5, 7, 6, 15),
(594, NULL, 5, 8, 6, 15),
(595, NULL, 5, 9, 6, 15),
(596, NULL, 5, 10, 6, 15),
(597, NULL, 5, 11, 6, 15),
(598, NULL, 5, 14, 6, 15),
(599, NULL, 5, 15, 6, 15),
(600, NULL, 5, 16, 6, 15),
(601, NULL, 5, 17, 6, 15),
(602, NULL, 5, 18, 6, 15),
(603, NULL, 5, 19, 6, 15),
(604, NULL, 5, 20, 6, 15),
(605, NULL, 5, 23, 6, 15),
(606, NULL, 5, 24, 6, 15),
(607, NULL, 4, 2, 6, 15),
(608, NULL, 4, 23, 6, 15),
(609, NULL, 4, 24, 6, 15),
(610, NULL, 3, 1, 6, 15),
(611, NULL, 3, 2, 6, 15),
(612, NULL, 3, 23, 6, 15),
(613, NULL, 3, 24, 6, 15),
(614, NULL, 15, 4, 20, 15),
(615, NULL, 15, 21, 20, 15),
(616, NULL, 10, 13, 20, 15),
(617, NULL, 1, 4, 20, 15),
(618, NULL, 1, 21, 20, 15),
(619, NULL, 17, 1, 8, 15),
(620, NULL, 17, 24, 8, 15),
(621, NULL, 9, 12, 8, 15),
(622, NULL, 23, 2, 6, 17),
(623, NULL, 23, 3, 6, 17),
(624, NULL, 23, 4, 6, 17),
(625, NULL, 23, 5, 6, 17),
(626, NULL, 23, 6, 6, 17),
(627, NULL, 23, 7, 6, 17),
(628, NULL, 23, 8, 6, 17),
(629, NULL, 23, 9, 6, 17),
(630, NULL, 23, 10, 6, 17),
(631, NULL, 23, 11, 6, 17),
(632, NULL, 23, 12, 6, 17),
(633, NULL, 23, 16, 6, 17),
(634, NULL, 23, 17, 6, 17),
(635, NULL, 23, 18, 6, 17),
(636, NULL, 23, 19, 6, 17),
(637, NULL, 23, 20, 6, 17),
(638, NULL, 23, 21, 6, 17),
(639, NULL, 23, 22, 6, 17),
(641, NULL, 22, 4, 6, 17),
(642, NULL, 22, 5, 6, 17),
(643, NULL, 22, 6, 6, 17),
(644, NULL, 22, 7, 6, 17),
(645, NULL, 22, 8, 6, 17),
(646, NULL, 22, 9, 6, 17),
(647, NULL, 22, 10, 6, 17),
(648, NULL, 22, 11, 6, 17),
(649, NULL, 22, 12, 6, 17),
(650, NULL, 22, 13, 6, 17),
(651, NULL, 22, 14, 6, 17),
(652, NULL, 21, 4, 6, 17),
(653, NULL, 21, 14, 6, 17),
(654, NULL, 20, 14, 6, 17),
(655, NULL, 19, 4, 6, 17),
(656, NULL, 19, 14, 6, 17),
(657, NULL, 18, 4, 6, 17),
(658, NULL, 18, 14, 6, 17),
(659, NULL, 17, 4, 6, 17),
(660, NULL, 17, 5, 6, 17),
(661, NULL, 17, 6, 6, 17),
(662, NULL, 17, 7, 6, 17),
(663, NULL, 17, 8, 6, 17),
(664, NULL, 17, 9, 6, 17),
(665, NULL, 17, 10, 6, 17),
(666, NULL, 17, 11, 6, 17),
(667, NULL, 17, 12, 6, 17),
(668, NULL, 17, 13, 6, 17),
(669, NULL, 17, 14, 6, 17),
(670, NULL, 16, 17, 6, 17),
(671, NULL, 16, 18, 6, 17),
(672, NULL, 16, 19, 6, 17),
(673, NULL, 16, 20, 6, 17),
(674, NULL, 16, 21, 6, 17),
(675, NULL, 16, 22, 6, 17),
(677, NULL, 9, 2, 6, 17),
(678, NULL, 9, 3, 6, 17),
(679, NULL, 9, 4, 6, 17),
(680, NULL, 8, 4, 6, 17),
(681, NULL, 8, 5, 6, 17),
(682, NULL, 8, 6, 6, 17),
(683, NULL, 8, 7, 6, 17),
(684, NULL, 8, 8, 6, 17),
(685, NULL, 8, 9, 6, 17),
(686, NULL, 7, 9, 6, 17),
(687, NULL, 7, 10, 6, 17),
(688, NULL, 7, 11, 6, 17),
(689, NULL, 7, 12, 6, 17),
(690, NULL, 7, 13, 6, 17),
(691, NULL, 7, 14, 6, 17),
(692, NULL, 6, 14, 6, 17),
(693, NULL, 6, 15, 6, 17),
(694, NULL, 6, 16, 6, 17),
(695, NULL, 6, 17, 6, 17),
(696, NULL, 6, 18, 6, 17),
(697, NULL, 6, 19, 6, 17),
(698, NULL, 5, 19, 6, 17),
(699, NULL, 5, 20, 6, 17),
(700, NULL, 5, 21, 6, 17),
(701, NULL, 5, 22, 6, 17),
(702, NULL, 5, 32, 6, 17),
(703, NULL, 5, 33, 6, 17),
(704, NULL, 5, 34, 6, 17),
(705, NULL, 5, 35, 6, 17),
(706, NULL, 5, 36, 6, 17),
(707, NULL, 5, 37, 6, 17),
(708, NULL, 5, 38, 6, 17),
(709, NULL, 5, 39, 6, 17),
(710, NULL, 5, 40, 6, 17),
(711, NULL, 5, 41, 6, 17),
(712, NULL, 5, 42, 6, 17),
(713, NULL, 5, 43, 6, 17),
(714, NULL, 5, 44, 6, 17),
(715, NULL, 5, 45, 6, 17),
(716, NULL, 5, 46, 6, 17),
(717, NULL, 5, 47, 6, 17),
(718, NULL, 5, 48, 6, 17),
(719, NULL, 5, 49, 6, 17),
(720, NULL, 5, 50, 6, 17),
(721, NULL, 5, 51, 6, 17),
(722, NULL, 5, 52, 6, 17),
(723, NULL, 5, 53, 6, 17),
(724, NULL, 5, 54, 6, 17),
(725, NULL, 5, 55, 6, 17),
(726, NULL, 5, 56, 6, 17),
(727, NULL, 5, 57, 6, 17),
(728, NULL, 5, 58, 6, 17),
(729, NULL, 5, 59, 6, 17),
(730, NULL, 5, 60, 6, 17),
(731, NULL, 5, 61, 6, 17),
(732, NULL, 5, 62, 6, 17),
(733, NULL, 5, 63, 6, 17),
(734, NULL, 5, 64, 6, 17),
(735, NULL, 5, 65, 6, 17),
(736, NULL, 5, 66, 6, 17),
(737, NULL, 5, 67, 6, 17),
(738, NULL, 5, 68, 6, 17),
(739, NULL, 5, 69, 6, 17),
(740, NULL, 5, 70, 6, 17),
(741, NULL, 5, 71, 6, 17),
(742, NULL, 5, 72, 6, 17),
(743, NULL, 5, 73, 6, 17),
(744, NULL, 5, 74, 6, 17),
(745, NULL, 5, 75, 6, 17),
(746, NULL, 5, 76, 6, 17),
(747, NULL, 5, 77, 6, 17),
(748, NULL, 5, 78, 6, 17),
(749, NULL, 5, 79, 6, 17),
(750, NULL, 5, 80, 6, 17),
(751, NULL, 5, 81, 6, 17),
(752, NULL, 5, 82, 6, 17),
(753, NULL, 5, 83, 6, 17),
(754, NULL, 5, 84, 6, 17),
(755, NULL, 5, 85, 6, 17),
(756, NULL, 5, 86, 6, 17),
(757, NULL, 4, 22, 6, 17),
(758, NULL, 4, 23, 6, 17),
(759, NULL, 4, 24, 6, 17),
(760, NULL, 4, 25, 6, 17),
(761, NULL, 4, 26, 6, 17),
(762, NULL, 4, 27, 6, 17),
(763, NULL, 4, 28, 6, 17),
(764, NULL, 4, 30, 6, 17),
(765, NULL, 4, 31, 6, 17),
(766, NULL, 4, 32, 6, 17),
(767, NULL, 4, 86, 6, 17),
(768, NULL, 3, 28, 6, 17),
(769, NULL, 3, 29, 6, 17),
(770, NULL, 3, 30, 6, 17),
(771, NULL, 3, 31, 6, 17),
(772, NULL, 3, 32, 6, 17),
(773, NULL, 3, 33, 6, 17),
(774, NULL, 3, 86, 6, 17),
(775, NULL, 2, 33, 6, 17),
(776, NULL, 2, 34, 6, 17),
(777, NULL, 2, 35, 6, 17),
(778, NULL, 2, 36, 6, 17),
(779, NULL, 2, 37, 6, 17),
(780, NULL, 2, 38, 6, 17),
(781, NULL, 2, 86, 6, 17),
(782, NULL, 1, 38, 6, 17),
(783, NULL, 1, 39, 6, 17),
(784, NULL, 1, 40, 6, 17),
(785, NULL, 1, 41, 6, 17),
(786, NULL, 1, 42, 6, 17),
(787, NULL, 1, 86, 6, 17),
(788, NULL, 0, 42, 6, 17),
(789, NULL, 0, 43, 6, 17),
(790, NULL, 0, 44, 6, 17),
(791, NULL, 0, 45, 6, 17),
(792, NULL, 0, 46, 6, 17),
(793, NULL, 0, 47, 6, 17),
(794, NULL, 0, 48, 6, 17),
(795, NULL, 0, 86, 6, 17),
(796, NULL, 63, 23, 6, 17),
(797, NULL, 63, 24, 6, 17),
(798, NULL, 63, 25, 6, 17),
(799, NULL, 63, 26, 6, 17),
(800, NULL, 62, 24, 6, 17),
(801, NULL, 62, 25, 6, 17),
(802, NULL, 62, 26, 6, 17),
(803, NULL, 62, 27, 6, 17),
(804, NULL, 62, 28, 6, 17),
(805, NULL, 62, 29, 6, 17),
(806, NULL, 62, 30, 6, 17),
(807, NULL, 62, 31, 6, 17),
(808, NULL, 62, 32, 6, 17),
(809, NULL, 62, 33, 6, 17),
(810, NULL, 62, 34, 6, 17),
(811, NULL, 62, 35, 6, 17),
(812, NULL, 62, 36, 6, 17),
(813, NULL, 62, 37, 6, 17),
(814, NULL, 62, 38, 6, 17),
(815, NULL, 62, 39, 6, 17),
(816, NULL, 62, 40, 6, 17),
(817, NULL, 62, 41, 6, 17),
(818, NULL, 62, 42, 6, 17),
(819, NULL, 62, 43, 6, 17),
(820, NULL, 62, 44, 6, 17),
(821, NULL, 62, 45, 6, 17),
(822, NULL, 62, 46, 6, 17),
(823, NULL, 62, 47, 6, 17),
(824, NULL, 62, 48, 6, 17),
(825, NULL, 62, 49, 6, 17),
(826, NULL, 62, 50, 6, 17),
(827, NULL, 62, 51, 6, 17),
(828, NULL, 62, 52, 6, 17),
(829, NULL, 62, 53, 6, 17),
(830, NULL, 62, 54, 6, 17),
(831, NULL, 62, 55, 6, 17),
(832, NULL, 62, 57, 6, 17),
(833, NULL, 62, 58, 6, 17),
(834, NULL, 62, 59, 6, 17),
(835, NULL, 62, 60, 6, 17),
(836, NULL, 62, 61, 6, 17),
(837, NULL, 62, 62, 6, 17),
(838, NULL, 62, 63, 6, 17),
(839, NULL, 62, 64, 6, 17),
(840, NULL, 62, 65, 6, 17),
(841, NULL, 62, 66, 6, 17),
(842, NULL, 62, 67, 6, 17),
(843, NULL, 62, 68, 6, 17),
(844, NULL, 62, 69, 6, 17),
(845, NULL, 62, 70, 6, 17),
(846, NULL, 62, 71, 6, 17),
(847, NULL, 62, 72, 6, 17),
(848, NULL, 62, 73, 6, 17),
(849, NULL, 62, 74, 6, 17),
(850, NULL, 62, 75, 6, 17),
(851, NULL, 62, 76, 6, 17),
(852, NULL, 62, 77, 6, 17),
(853, NULL, 62, 78, 6, 17),
(854, NULL, 62, 79, 6, 17),
(855, NULL, 62, 80, 6, 17),
(856, NULL, 62, 81, 6, 17),
(857, NULL, 62, 82, 6, 17),
(858, NULL, 62, 83, 6, 17),
(859, NULL, 62, 84, 6, 17),
(860, NULL, 62, 85, 6, 17),
(861, NULL, 62, 86, 6, 17),
(862, NULL, 62, 87, 6, 17),
(863, NULL, 62, 88, 6, 17),
(864, NULL, 62, 89, 6, 17),
(865, NULL, 62, 90, 6, 17),
(866, NULL, 62, 91, 6, 17),
(867, NULL, 62, 92, 6, 17),
(868, NULL, 62, 93, 6, 17),
(869, NULL, 62, 94, 6, 17),
(870, NULL, 62, 95, 6, 17),
(871, NULL, 62, 96, 6, 17),
(872, NULL, 62, 97, 6, 17),
(873, NULL, 62, 98, 6, 17),
(874, NULL, 62, 99, 6, 17),
(875, NULL, 62, 100, 6, 17),
(876, NULL, 62, 101, 6, 17),
(877, NULL, 62, 102, 6, 17),
(878, NULL, 62, 103, 6, 17),
(879, NULL, 62, 104, 6, 17),
(880, NULL, 62, 105, 6, 17),
(881, NULL, 61, 23, 6, 17),
(882, NULL, 61, 24, 6, 17),
(883, NULL, 61, 25, 6, 17),
(884, NULL, 61, 26, 6, 17),
(885, NULL, 61, 27, 6, 17),
(886, NULL, 61, 28, 6, 17),
(887, NULL, 61, 29, 6, 17),
(888, NULL, 61, 30, 6, 17),
(889, NULL, 61, 31, 6, 17),
(891, NULL, 61, 33, 6, 17),
(892, NULL, 61, 34, 6, 17),
(893, NULL, 61, 35, 6, 17),
(894, NULL, 61, 36, 6, 17),
(895, NULL, 61, 37, 6, 17),
(896, NULL, 61, 38, 6, 17),
(897, NULL, 61, 39, 6, 17),
(898, NULL, 61, 40, 6, 17),
(899, NULL, 61, 41, 6, 17),
(900, NULL, 61, 42, 6, 17),
(901, NULL, 61, 43, 6, 17),
(902, NULL, 61, 44, 6, 17),
(903, NULL, 61, 45, 6, 17),
(908, NULL, 61, 50, 6, 17),
(909, NULL, 61, 51, 6, 17),
(910, NULL, 61, 52, 6, 17),
(911, NULL, 61, 53, 6, 17),
(912, NULL, 61, 54, 6, 17),
(913, NULL, 61, 55, 6, 17),
(914, NULL, 61, 57, 6, 17),
(915, NULL, 61, 58, 6, 17),
(916, NULL, 61, 59, 6, 17),
(917, NULL, 61, 60, 6, 17),
(918, NULL, 61, 61, 6, 17),
(919, NULL, 61, 62, 6, 17),
(920, NULL, 61, 63, 6, 17),
(921, NULL, 61, 64, 6, 17),
(922, NULL, 61, 65, 6, 17),
(927, NULL, 61, 70, 6, 17),
(928, NULL, 61, 71, 6, 17),
(929, NULL, 61, 72, 6, 17),
(930, NULL, 61, 73, 6, 17),
(931, NULL, 61, 74, 6, 17),
(932, NULL, 61, 75, 6, 17),
(933, NULL, 61, 76, 6, 17),
(934, NULL, 61, 77, 6, 17),
(935, NULL, 61, 78, 6, 17),
(936, NULL, 61, 79, 6, 17),
(937, NULL, 61, 80, 6, 17),
(938, NULL, 61, 81, 6, 17),
(939, NULL, 61, 82, 6, 17),
(940, NULL, 61, 83, 6, 17),
(941, NULL, 61, 84, 6, 17),
(942, NULL, 61, 85, 6, 17),
(943, NULL, 61, 86, 6, 17),
(944, NULL, 61, 87, 6, 17),
(945, NULL, 61, 88, 6, 17),
(946, NULL, 61, 89, 6, 17),
(947, NULL, 61, 90, 6, 17),
(948, NULL, 61, 91, 6, 17),
(949, NULL, 61, 92, 6, 17),
(950, NULL, 61, 93, 6, 17),
(951, NULL, 61, 94, 6, 17),
(952, NULL, 61, 95, 6, 17),
(953, NULL, 61, 96, 6, 17),
(954, NULL, 61, 97, 6, 17),
(955, NULL, 61, 98, 6, 17),
(956, NULL, 61, 99, 6, 17),
(957, NULL, 61, 100, 6, 17),
(958, NULL, 61, 101, 6, 17),
(959, NULL, 61, 102, 6, 17),
(960, NULL, 61, 103, 6, 17),
(961, NULL, 61, 104, 6, 17),
(962, NULL, 61, 105, 6, 17),
(963, NULL, 61, 106, 6, 17),
(964, NULL, 60, 23, 6, 17),
(967, NULL, 60, 104, 6, 17),
(968, NULL, 60, 105, 6, 17),
(969, NULL, 60, 106, 6, 17),
(970, NULL, 60, 107, 6, 17),
(971, NULL, 59, 23, 6, 17),
(972, NULL, 59, 105, 6, 17),
(973, NULL, 59, 106, 6, 17),
(974, NULL, 59, 107, 6, 17),
(975, NULL, 59, 108, 6, 17),
(976, NULL, 58, 23, 6, 17),
(977, NULL, 58, 106, 6, 17),
(978, NULL, 58, 107, 6, 17),
(979, NULL, 58, 108, 6, 17),
(980, NULL, 58, 109, 6, 17),
(981, NULL, 57, 23, 6, 17),
(982, NULL, 57, 106, 6, 17),
(983, NULL, 57, 107, 6, 17),
(984, NULL, 57, 108, 6, 17),
(985, NULL, 57, 109, 6, 17),
(986, NULL, 56, 23, 6, 17),
(987, NULL, 56, 107, 6, 17),
(988, NULL, 56, 108, 6, 17),
(989, NULL, 56, 109, 6, 17),
(990, NULL, 56, 110, 6, 17),
(991, NULL, 55, 23, 6, 17),
(992, NULL, 55, 108, 6, 17),
(993, NULL, 55, 109, 6, 17),
(994, NULL, 54, 23, 6, 17),
(995, NULL, 54, 109, 6, 17),
(996, NULL, 53, 23, 6, 17),
(997, NULL, 53, 109, 6, 17),
(998, NULL, 53, 110, 6, 17),
(999, NULL, 52, 23, 6, 17),
(1000, NULL, 52, 110, 6, 17),
(1001, NULL, 52, 111, 6, 17),
(1002, NULL, 51, 23, 6, 17),
(1003, NULL, 51, 107, 6, 17),
(1004, NULL, 51, 108, 6, 17),
(1005, NULL, 51, 109, 6, 17),
(1006, NULL, 51, 110, 6, 17),
(1007, NULL, 51, 111, 6, 17),
(1008, NULL, 50, 23, 6, 17),
(1009, NULL, 50, 104, 6, 17),
(1010, NULL, 50, 105, 6, 17),
(1011, NULL, 50, 106, 6, 17),
(1012, NULL, 50, 107, 6, 17),
(1013, NULL, 50, 108, 6, 17),
(1014, NULL, 50, 109, 6, 17),
(1015, NULL, 49, 23, 6, 17),
(1016, NULL, 49, 102, 6, 17),
(1017, NULL, 49, 103, 6, 17),
(1018, NULL, 49, 104, 6, 17),
(1019, NULL, 49, 106, 6, 17),
(1020, NULL, 49, 107, 6, 17),
(1021, NULL, 49, 108, 6, 17),
(1022, NULL, 49, 109, 6, 17),
(1023, NULL, 48, 23, 6, 17),
(1024, NULL, 48, 100, 6, 17),
(1025, NULL, 48, 101, 6, 17),
(1026, NULL, 48, 102, 6, 17),
(1027, NULL, 48, 106, 6, 17),
(1028, NULL, 48, 107, 6, 17),
(1029, NULL, 48, 108, 6, 17),
(1030, NULL, 48, 109, 6, 17),
(1031, NULL, 47, 23, 6, 17),
(1032, NULL, 47, 89, 6, 17),
(1033, NULL, 47, 90, 6, 17),
(1034, NULL, 47, 91, 6, 17),
(1035, NULL, 47, 92, 6, 17),
(1036, NULL, 47, 93, 6, 17),
(1037, NULL, 47, 94, 6, 17),
(1038, NULL, 47, 95, 6, 17),
(1039, NULL, 47, 96, 6, 17),
(1040, NULL, 47, 97, 6, 17),
(1041, NULL, 47, 98, 6, 17),
(1042, NULL, 47, 100, 6, 17),
(1043, NULL, 46, 43, 6, 17),
(1044, NULL, 46, 44, 6, 17),
(1045, NULL, 46, 45, 6, 17),
(1046, NULL, 46, 46, 6, 17),
(1047, NULL, 46, 47, 6, 17),
(1048, NULL, 46, 48, 6, 17),
(1049, NULL, 46, 49, 6, 17),
(1050, NULL, 46, 50, 6, 17),
(1051, NULL, 46, 51, 6, 17),
(1052, NULL, 46, 53, 6, 17),
(1053, NULL, 46, 54, 6, 17),
(1054, NULL, 46, 55, 6, 17),
(1055, NULL, 46, 58, 6, 17),
(1056, NULL, 46, 59, 6, 17),
(1057, NULL, 46, 60, 6, 17),
(1058, NULL, 46, 61, 6, 17),
(1059, NULL, 46, 62, 6, 17),
(1060, NULL, 46, 63, 6, 17),
(1061, NULL, 46, 64, 6, 17),
(1062, NULL, 46, 65, 6, 17),
(1063, NULL, 46, 66, 6, 17),
(1064, NULL, 46, 68, 6, 17),
(1065, NULL, 46, 69, 6, 17),
(1066, NULL, 46, 70, 6, 17),
(1067, NULL, 46, 71, 6, 17),
(1068, NULL, 46, 73, 6, 17),
(1069, NULL, 46, 74, 6, 17),
(1070, NULL, 46, 75, 6, 17),
(1071, NULL, 46, 76, 6, 17),
(1072, NULL, 46, 78, 6, 17),
(1073, NULL, 46, 79, 6, 17),
(1075, NULL, 46, 81, 6, 17),
(1076, NULL, 46, 82, 6, 17),
(1077, NULL, 46, 83, 6, 17),
(1078, NULL, 46, 84, 6, 17),
(1079, NULL, 46, 85, 6, 17),
(1080, NULL, 46, 86, 6, 17),
(1081, NULL, 46, 89, 6, 17),
(1082, NULL, 46, 90, 6, 17),
(1083, NULL, 46, 98, 6, 17),
(1084, NULL, 46, 100, 6, 17),
(1085, NULL, 46, 107, 6, 17),
(1086, NULL, 46, 108, 6, 17),
(1087, NULL, 46, 109, 6, 17),
(1088, NULL, 46, 110, 6, 17),
(1089, NULL, 45, 23, 6, 17),
(1090, NULL, 45, 25, 6, 17),
(1091, NULL, 45, 26, 6, 17),
(1092, NULL, 45, 27, 6, 17),
(1093, NULL, 45, 29, 6, 17),
(1094, NULL, 45, 30, 6, 17),
(1095, NULL, 45, 31, 6, 17),
(1096, NULL, 45, 34, 6, 17),
(1097, NULL, 45, 35, 6, 17),
(1098, NULL, 45, 36, 6, 17),
(1099, NULL, 45, 38, 6, 17),
(1100, NULL, 45, 39, 6, 17),
(1101, NULL, 45, 40, 6, 17),
(1102, NULL, 45, 41, 6, 17),
(1103, NULL, 45, 53, 6, 17),
(1104, NULL, 45, 63, 6, 17),
(1105, NULL, 45, 86, 6, 17),
(1106, NULL, 45, 89, 6, 17),
(1107, NULL, 45, 98, 6, 17),
(1108, NULL, 45, 100, 6, 17),
(1109, NULL, 45, 101, 6, 17),
(1110, NULL, 45, 102, 6, 17),
(1111, NULL, 45, 106, 6, 17),
(1112, NULL, 45, 107, 6, 17),
(1113, NULL, 44, 23, 6, 17),
(1114, NULL, 44, 25, 6, 17),
(1115, NULL, 44, 31, 6, 17),
(1116, NULL, 44, 34, 6, 17),
(1117, NULL, 44, 41, 6, 17),
(1118, NULL, 44, 53, 6, 17),
(1119, NULL, 44, 54, 6, 17),
(1120, NULL, 44, 55, 6, 17),
(1121, NULL, 44, 58, 6, 17),
(1122, NULL, 44, 59, 6, 17),
(1123, NULL, 44, 60, 6, 17),
(1124, NULL, 44, 63, 6, 17),
(1125, NULL, 44, 64, 6, 17),
(1126, NULL, 44, 65, 6, 17),
(1127, NULL, 44, 66, 6, 17),
(1128, NULL, 44, 68, 6, 17),
(1129, NULL, 44, 69, 6, 17),
(1130, NULL, 44, 70, 6, 17),
(1131, NULL, 44, 71, 6, 17),
(1132, NULL, 44, 73, 6, 17),
(1133, NULL, 44, 74, 6, 17),
(1134, NULL, 44, 75, 6, 17),
(1135, NULL, 44, 76, 6, 17),
(1136, NULL, 44, 84, 6, 17),
(1137, NULL, 44, 85, 6, 17),
(1138, NULL, 44, 86, 6, 17),
(1139, NULL, 44, 89, 6, 17),
(1140, NULL, 44, 98, 6, 17),
(1141, NULL, 44, 100, 6, 17),
(1142, NULL, 44, 102, 6, 17),
(1143, NULL, 44, 103, 6, 17),
(1144, NULL, 44, 104, 6, 17),
(1145, NULL, 44, 105, 6, 17),
(1146, NULL, 44, 106, 6, 17),
(1147, NULL, 43, 23, 6, 17),
(1148, NULL, 43, 25, 6, 17),
(1149, NULL, 43, 31, 6, 17),
(1150, NULL, 43, 34, 6, 17),
(1151, NULL, 43, 41, 6, 17),
(1152, NULL, 43, 54, 6, 17),
(1153, NULL, 43, 71, 6, 17),
(1154, NULL, 43, 84, 6, 17),
(1155, NULL, 43, 89, 6, 17),
(1156, NULL, 43, 98, 6, 17),
(1157, NULL, 43, 100, 6, 17),
(1158, NULL, 43, 103, 6, 17),
(1159, NULL, 43, 104, 6, 17),
(1160, NULL, 42, 23, 6, 17),
(1161, NULL, 42, 25, 6, 17),
(1162, NULL, 42, 31, 6, 17),
(1163, NULL, 42, 34, 6, 17),
(1164, NULL, 42, 41, 6, 17),
(1165, NULL, 42, 54, 6, 17),
(1166, NULL, 42, 59, 6, 17),
(1167, NULL, 42, 71, 6, 17),
(1168, NULL, 42, 73, 6, 17),
(1169, NULL, 42, 74, 6, 17),
(1170, NULL, 42, 84, 6, 17),
(1171, NULL, 42, 89, 6, 17),
(1172, NULL, 42, 90, 6, 17),
(1173, NULL, 42, 91, 6, 17),
(1174, NULL, 42, 92, 6, 17),
(1175, NULL, 42, 94, 6, 17),
(1176, NULL, 42, 95, 6, 17),
(1177, NULL, 42, 96, 6, 17),
(1178, NULL, 42, 97, 6, 17),
(1179, NULL, 42, 98, 6, 17),
(1180, NULL, 42, 100, 6, 17),
(1181, NULL, 41, 23, 6, 17),
(1182, NULL, 41, 25, 6, 17),
(1183, NULL, 41, 31, 6, 17),
(1184, NULL, 41, 34, 6, 17),
(1185, NULL, 41, 41, 6, 17),
(1186, NULL, 41, 54, 6, 17),
(1187, NULL, 41, 59, 6, 17),
(1188, NULL, 41, 71, 6, 17),
(1189, NULL, 41, 73, 6, 17),
(1190, NULL, 41, 74, 6, 17),
(1191, NULL, 41, 89, 6, 17),
(1192, NULL, 41, 97, 6, 17),
(1193, NULL, 41, 98, 6, 17),
(1194, NULL, 41, 100, 6, 17),
(1195, NULL, 40, 23, 6, 17),
(1196, NULL, 40, 25, 6, 17),
(1197, NULL, 40, 31, 6, 17),
(1198, NULL, 40, 34, 6, 17),
(1199, NULL, 40, 41, 6, 17),
(1200, NULL, 40, 71, 6, 17),
(1201, NULL, 40, 73, 6, 17),
(1202, NULL, 40, 74, 6, 17),
(1204, NULL, 40, 98, 6, 17),
(1205, NULL, 40, 100, 6, 17),
(1206, NULL, 39, 23, 6, 17),
(1207, NULL, 39, 25, 6, 17),
(1208, NULL, 39, 31, 6, 17),
(1209, NULL, 39, 34, 6, 17),
(1210, NULL, 39, 41, 6, 17),
(1211, NULL, 39, 54, 6, 17),
(1212, NULL, 39, 71, 6, 17),
(1213, NULL, 39, 73, 6, 17),
(1214, NULL, 39, 74, 6, 17),
(1215, NULL, 39, 84, 6, 17),
(1216, NULL, 39, 89, 6, 17),
(1217, NULL, 39, 98, 6, 17),
(1218, NULL, 39, 100, 6, 17),
(1219, NULL, 38, 23, 6, 17),
(1220, NULL, 38, 25, 6, 17),
(1221, NULL, 38, 31, 6, 17),
(1222, NULL, 38, 34, 6, 17),
(1223, NULL, 38, 41, 6, 17),
(1224, NULL, 38, 59, 6, 17),
(1225, NULL, 38, 71, 6, 17),
(1226, NULL, 38, 73, 6, 17),
(1227, NULL, 38, 74, 6, 17),
(1228, NULL, 38, 89, 6, 17),
(1229, NULL, 38, 90, 6, 17),
(1230, NULL, 38, 91, 6, 17),
(1231, NULL, 38, 92, 6, 17),
(1232, NULL, 38, 94, 6, 17),
(1233, NULL, 38, 95, 6, 17),
(1234, NULL, 38, 96, 6, 17),
(1235, NULL, 38, 97, 6, 17),
(1236, NULL, 38, 98, 6, 17),
(1237, NULL, 38, 100, 6, 17),
(1238, NULL, 37, 23, 6, 17),
(1239, NULL, 37, 25, 6, 17),
(1240, NULL, 37, 31, 6, 17),
(1241, NULL, 37, 34, 6, 17),
(1242, NULL, 37, 41, 6, 17),
(1243, NULL, 37, 54, 6, 17),
(1244, NULL, 37, 71, 6, 17),
(1245, NULL, 37, 73, 6, 17),
(1246, NULL, 37, 74, 6, 17),
(1247, NULL, 37, 84, 6, 17),
(1248, NULL, 37, 89, 6, 17),
(1249, NULL, 37, 98, 6, 17),
(1250, NULL, 36, 23, 6, 17),
(1251, NULL, 36, 25, 6, 17),
(1252, NULL, 36, 31, 6, 17),
(1253, NULL, 36, 34, 6, 17),
(1254, NULL, 36, 41, 6, 17),
(1255, NULL, 36, 58, 6, 17),
(1256, NULL, 36, 60, 6, 17),
(1257, NULL, 36, 61, 6, 17),
(1258, NULL, 36, 71, 6, 17),
(1259, NULL, 36, 73, 6, 17),
(1260, NULL, 36, 74, 6, 17),
(1261, NULL, 36, 84, 6, 17),
(1262, NULL, 36, 89, 6, 17),
(1263, NULL, 36, 98, 6, 17),
(1264, NULL, 36, 100, 6, 17),
(1265, NULL, 35, 23, 6, 17),
(1266, NULL, 35, 25, 6, 17),
(1267, NULL, 35, 31, 6, 17),
(1268, NULL, 35, 34, 6, 17),
(1269, NULL, 35, 41, 6, 17),
(1270, NULL, 35, 54, 6, 17),
(1271, NULL, 35, 61, 6, 17),
(1272, NULL, 35, 62, 6, 17),
(1273, NULL, 35, 71, 6, 17),
(1274, NULL, 35, 72, 6, 17),
(1275, NULL, 35, 73, 6, 17),
(1276, NULL, 35, 74, 6, 17),
(1277, NULL, 35, 89, 6, 17),
(1278, NULL, 35, 98, 6, 17),
(1279, NULL, 35, 100, 6, 17),
(1280, NULL, 34, 23, 6, 17),
(1281, NULL, 34, 25, 6, 17),
(1282, NULL, 34, 31, 6, 17),
(1283, NULL, 34, 34, 6, 17),
(1284, NULL, 34, 41, 6, 17),
(1285, NULL, 34, 54, 6, 17),
(1286, NULL, 34, 55, 6, 17),
(1287, NULL, 34, 56, 6, 17),
(1288, NULL, 34, 58, 6, 17),
(1289, NULL, 34, 59, 6, 17),
(1290, NULL, 34, 62, 6, 17),
(1291, NULL, 34, 63, 6, 17),
(1292, NULL, 34, 71, 6, 17),
(1293, NULL, 34, 72, 6, 17),
(1294, NULL, 34, 73, 6, 17),
(1295, NULL, 34, 74, 6, 17),
(1296, NULL, 34, 84, 6, 17),
(1297, NULL, 34, 89, 6, 17),
(1298, NULL, 34, 98, 6, 17),
(1299, NULL, 34, 100, 6, 17),
(1300, NULL, 33, 23, 6, 17),
(1301, NULL, 33, 25, 6, 17),
(1302, NULL, 33, 31, 6, 17),
(1303, NULL, 33, 34, 6, 17),
(1304, NULL, 33, 41, 6, 17),
(1305, NULL, 33, 63, 6, 17),
(1306, NULL, 33, 71, 6, 17),
(1307, NULL, 33, 72, 6, 17),
(1308, NULL, 33, 73, 6, 17),
(1309, NULL, 33, 74, 6, 17),
(1310, NULL, 33, 89, 6, 17),
(1311, NULL, 33, 98, 6, 17),
(1312, NULL, 33, 100, 6, 17),
(1313, NULL, 32, 23, 6, 17),
(1314, NULL, 32, 25, 6, 17),
(1315, NULL, 32, 31, 6, 17),
(1316, NULL, 32, 34, 6, 17),
(1317, NULL, 32, 41, 6, 17),
(1318, NULL, 32, 63, 6, 17),
(1319, NULL, 32, 71, 6, 17),
(1320, NULL, 32, 72, 6, 17),
(1321, NULL, 32, 73, 6, 17),
(1322, NULL, 32, 74, 6, 17),
(1323, NULL, 32, 89, 6, 17),
(1324, NULL, 32, 98, 6, 17),
(1325, NULL, 32, 100, 6, 17),
(1326, NULL, 31, 23, 6, 17),
(1327, NULL, 31, 25, 6, 17),
(1328, NULL, 31, 31, 6, 17),
(1329, NULL, 31, 34, 6, 17),
(1330, NULL, 31, 41, 6, 17),
(1331, NULL, 31, 63, 6, 17),
(1332, NULL, 31, 64, 6, 17),
(1333, NULL, 31, 65, 6, 17),
(1334, NULL, 31, 66, 6, 17),
(1335, NULL, 31, 68, 6, 17),
(1336, NULL, 31, 69, 6, 17),
(1337, NULL, 31, 70, 6, 17),
(1338, NULL, 31, 71, 6, 17),
(1339, NULL, 31, 74, 6, 17),
(1340, NULL, 31, 84, 6, 17),
(1341, NULL, 31, 89, 6, 17),
(1342, NULL, 31, 98, 6, 17),
(1343, NULL, 31, 100, 6, 17),
(1344, NULL, 30, 23, 6, 17),
(1345, NULL, 30, 25, 6, 17),
(1346, NULL, 30, 31, 6, 17),
(1347, NULL, 30, 34, 6, 17),
(1348, NULL, 30, 41, 6, 17),
(1349, NULL, 30, 74, 6, 17),
(1350, NULL, 30, 75, 6, 17),
(1351, NULL, 30, 76, 6, 17),
(1352, NULL, 30, 78, 6, 17),
(1353, NULL, 30, 79, 6, 17),
(1354, NULL, 30, 80, 6, 17),
(1355, NULL, 30, 81, 6, 17),
(1356, NULL, 30, 82, 6, 17),
(1357, NULL, 30, 83, 6, 17),
(1358, NULL, 30, 84, 6, 17),
(1359, NULL, 30, 89, 6, 17),
(1360, NULL, 30, 98, 6, 17),
(1361, NULL, 30, 100, 6, 17),
(1362, NULL, 29, 23, 6, 17),
(1363, NULL, 29, 25, 6, 17),
(1364, NULL, 29, 31, 6, 17),
(1365, NULL, 29, 34, 6, 17),
(1366, NULL, 29, 41, 6, 17),
(1367, NULL, 29, 89, 6, 17),
(1368, NULL, 29, 98, 6, 17),
(1369, NULL, 29, 100, 6, 17),
(1370, NULL, 28, 23, 6, 17),
(1371, NULL, 28, 25, 6, 17),
(1372, NULL, 28, 31, 6, 17),
(1373, NULL, 28, 34, 6, 17),
(1374, NULL, 28, 41, 6, 17),
(1375, NULL, 28, 89, 6, 17),
(1376, NULL, 28, 98, 6, 17),
(1377, NULL, 28, 100, 6, 17),
(1378, NULL, 27, 23, 6, 17),
(1379, NULL, 27, 25, 6, 17),
(1380, NULL, 27, 31, 6, 17),
(1381, NULL, 27, 34, 6, 17),
(1382, NULL, 27, 41, 6, 17),
(1383, NULL, 27, 89, 6, 17),
(1384, NULL, 27, 98, 6, 17),
(1385, NULL, 27, 100, 6, 17),
(1386, NULL, 26, 23, 6, 17),
(1387, NULL, 26, 25, 6, 17),
(1388, NULL, 26, 26, 6, 17),
(1389, NULL, 26, 27, 6, 17),
(1390, NULL, 26, 28, 6, 17),
(1391, NULL, 26, 29, 6, 17),
(1392, NULL, 26, 30, 6, 17),
(1393, NULL, 26, 31, 6, 17),
(1394, NULL, 26, 34, 6, 17),
(1395, NULL, 26, 35, 6, 17),
(1396, NULL, 26, 36, 6, 17),
(1397, NULL, 26, 37, 6, 17),
(1398, NULL, 26, 38, 6, 17),
(1399, NULL, 26, 39, 6, 17),
(1400, NULL, 26, 40, 6, 17),
(1401, NULL, 26, 41, 6, 17),
(1402, NULL, 26, 89, 6, 17),
(1403, NULL, 26, 98, 6, 17),
(1404, NULL, 26, 100, 6, 17),
(1406, NULL, 25, 89, 6, 17),
(1407, NULL, 25, 98, 6, 17),
(1408, NULL, 25, 100, 6, 17),
(1409, NULL, 24, 89, 6, 17),
(1410, NULL, 24, 98, 6, 17),
(1411, NULL, 24, 100, 6, 17),
(1412, NULL, 23, 23, 6, 17),
(1413, NULL, 23, 89, 6, 17),
(1414, NULL, 23, 90, 6, 17),
(1415, NULL, 23, 91, 6, 17),
(1416, NULL, 23, 92, 6, 17),
(1417, NULL, 23, 94, 6, 17),
(1418, NULL, 23, 95, 6, 17),
(1419, NULL, 23, 96, 6, 17),
(1420, NULL, 23, 97, 6, 17),
(1421, NULL, 23, 98, 6, 17),
(1422, NULL, 23, 100, 6, 17),
(1423, NULL, 22, 23, 6, 17),
(1424, NULL, 21, 23, 6, 17),
(1425, NULL, 20, 23, 6, 17),
(1426, NULL, 20, 24, 6, 17),
(1427, NULL, 20, 25, 6, 17),
(1428, NULL, 20, 26, 6, 17),
(1429, NULL, 20, 27, 6, 17),
(1430, NULL, 20, 28, 6, 17),
(1431, NULL, 20, 29, 6, 17),
(1432, NULL, 20, 30, 6, 17),
(1433, NULL, 20, 31, 6, 17),
(1434, NULL, 20, 32, 6, 17),
(1435, NULL, 20, 33, 6, 17),
(1436, NULL, 20, 34, 6, 17),
(1437, NULL, 20, 35, 6, 17),
(1438, NULL, 20, 36, 6, 17),
(1439, NULL, 20, 37, 6, 17),
(1440, NULL, 20, 38, 6, 17),
(1441, NULL, 20, 39, 6, 17),
(1442, NULL, 20, 40, 6, 17),
(1443, NULL, 20, 41, 6, 17),
(1444, NULL, 20, 42, 6, 17),
(1445, NULL, 20, 43, 6, 17),
(1446, NULL, 20, 44, 6, 17),
(1447, NULL, 20, 45, 6, 17),
(1448, NULL, 20, 46, 6, 17),
(1449, NULL, 20, 47, 6, 17),
(1450, NULL, 20, 49, 6, 17),
(1451, NULL, 20, 50, 6, 17),
(1452, NULL, 20, 51, 6, 17),
(1453, NULL, 20, 52, 6, 17),
(1454, NULL, 20, 53, 6, 17),
(1455, NULL, 20, 54, 6, 17),
(1456, NULL, 20, 55, 6, 17),
(1457, NULL, 20, 56, 6, 17),
(1458, NULL, 20, 58, 6, 17),
(1459, NULL, 20, 59, 6, 17),
(1460, NULL, 20, 60, 6, 17),
(1461, NULL, 20, 61, 6, 17),
(1462, NULL, 20, 62, 6, 17),
(1463, NULL, 20, 63, 6, 17),
(1464, NULL, 20, 64, 6, 17),
(1465, NULL, 20, 65, 6, 17),
(1466, NULL, 20, 67, 6, 17),
(1467, NULL, 20, 68, 6, 17),
(1468, NULL, 20, 69, 6, 17),
(1469, NULL, 20, 70, 6, 17),
(1470, NULL, 20, 71, 6, 17),
(1471, NULL, 20, 72, 6, 17),
(1472, NULL, 20, 73, 6, 17),
(1473, NULL, 20, 74, 6, 17),
(1474, NULL, 20, 75, 6, 17),
(1475, NULL, 20, 76, 6, 17),
(1476, NULL, 20, 77, 6, 17),
(1477, NULL, 20, 78, 6, 17),
(1478, NULL, 20, 79, 6, 17),
(1479, NULL, 20, 80, 6, 17),
(1480, NULL, 20, 81, 6, 17),
(1481, NULL, 20, 82, 6, 17),
(1482, NULL, 20, 83, 6, 17),
(1483, NULL, 20, 84, 6, 17),
(1484, NULL, 19, 23, 6, 17),
(1485, NULL, 19, 30, 6, 17),
(1486, NULL, 19, 56, 6, 17),
(1487, NULL, 19, 58, 6, 17),
(1488, NULL, 19, 84, 6, 17),
(1489, NULL, 18, 23, 6, 17),
(1490, NULL, 18, 28, 6, 17),
(1491, NULL, 18, 30, 6, 17),
(1492, NULL, 18, 56, 6, 17),
(1493, NULL, 18, 58, 6, 17),
(1494, NULL, 18, 84, 6, 17),
(1495, NULL, 17, 23, 6, 17),
(1496, NULL, 17, 28, 6, 17),
(1497, NULL, 17, 56, 6, 17),
(1498, NULL, 17, 58, 6, 17),
(1499, NULL, 17, 84, 6, 17),
(1500, NULL, 16, 23, 6, 17),
(1501, NULL, 16, 28, 6, 17),
(1502, NULL, 16, 30, 6, 17),
(1503, NULL, 16, 56, 6, 17),
(1504, NULL, 16, 58, 6, 17),
(1505, NULL, 16, 84, 6, 17),
(1506, NULL, 15, 23, 6, 17),
(1507, NULL, 15, 25, 6, 17),
(1508, NULL, 15, 26, 6, 17),
(1509, NULL, 15, 27, 6, 17),
(1510, NULL, 15, 28, 6, 17),
(1511, NULL, 15, 30, 6, 17),
(1512, NULL, 15, 56, 6, 17),
(1513, NULL, 15, 58, 6, 17),
(1514, NULL, 15, 84, 6, 17),
(1515, NULL, 14, 23, 6, 17),
(1516, NULL, 14, 25, 6, 17),
(1517, NULL, 14, 26, 6, 17),
(1518, NULL, 14, 27, 6, 17),
(1519, NULL, 14, 28, 6, 17),
(1520, NULL, 14, 30, 6, 17),
(1521, NULL, 14, 56, 6, 17),
(1522, NULL, 14, 58, 6, 17),
(1523, NULL, 14, 84, 6, 17),
(1524, NULL, 13, 23, 6, 17),
(1525, NULL, 13, 25, 6, 17),
(1526, NULL, 13, 26, 6, 17),
(1527, NULL, 13, 27, 6, 17),
(1528, NULL, 13, 28, 6, 17),
(1529, NULL, 13, 30, 6, 17),
(1530, NULL, 13, 56, 6, 17),
(1531, NULL, 13, 58, 6, 17),
(1532, NULL, 13, 84, 6, 17),
(1533, NULL, 12, 23, 6, 17),
(1534, NULL, 12, 25, 6, 17),
(1535, NULL, 12, 28, 6, 17),
(1536, NULL, 12, 30, 6, 17),
(1537, NULL, 12, 56, 6, 17),
(1538, NULL, 12, 58, 6, 17),
(1539, NULL, 12, 84, 6, 17),
(1540, NULL, 11, 23, 6, 17),
(1541, NULL, 11, 25, 6, 17),
(1542, NULL, 11, 28, 6, 17),
(1543, NULL, 11, 56, 6, 17),
(1544, NULL, 11, 58, 6, 17),
(1545, NULL, 11, 84, 6, 17),
(1546, NULL, 10, 23, 6, 17),
(1547, NULL, 10, 28, 6, 17),
(1548, NULL, 10, 30, 6, 17),
(1549, NULL, 10, 56, 6, 17),
(1550, NULL, 10, 58, 6, 17),
(1551, NULL, 9, 23, 6, 17),
(1552, NULL, 9, 25, 6, 17),
(1553, NULL, 9, 28, 6, 17),
(1554, NULL, 9, 30, 6, 17),
(1555, NULL, 9, 56, 6, 17),
(1556, NULL, 9, 58, 6, 17),
(1557, NULL, 8, 23, 6, 17),
(1558, NULL, 8, 25, 6, 17),
(1559, NULL, 8, 28, 6, 17),
(1560, NULL, 8, 30, 6, 17),
(1561, NULL, 8, 31, 6, 17),
(1562, NULL, 8, 32, 6, 17),
(1563, NULL, 8, 33, 6, 17),
(1564, NULL, 8, 34, 6, 17),
(1565, NULL, 8, 56, 6, 17),
(1566, NULL, 8, 58, 6, 17),
(1567, NULL, 8, 84, 6, 17),
(1568, NULL, 7, 23, 6, 17),
(1569, NULL, 7, 24, 6, 17),
(1570, NULL, 7, 25, 6, 17),
(1571, NULL, 7, 26, 6, 17),
(1572, NULL, 7, 27, 6, 17),
(1573, NULL, 7, 28, 6, 17),
(1574, NULL, 7, 29, 6, 17),
(1575, NULL, 7, 30, 6, 17),
(1576, NULL, 7, 31, 6, 17),
(1577, NULL, 7, 32, 6, 17),
(1578, NULL, 7, 33, 6, 17),
(1579, NULL, 7, 34, 6, 17),
(1580, NULL, 7, 35, 6, 17),
(1581, NULL, 7, 39, 6, 17),
(1582, NULL, 7, 40, 6, 17),
(1583, NULL, 7, 41, 6, 17),
(1584, NULL, 7, 42, 6, 17),
(1585, NULL, 7, 43, 6, 17),
(1586, NULL, 7, 44, 6, 17),
(1587, NULL, 7, 45, 6, 17),
(1588, NULL, 7, 46, 6, 17),
(1589, NULL, 7, 47, 6, 17),
(1590, NULL, 7, 49, 6, 17),
(1591, NULL, 7, 50, 6, 17),
(1592, NULL, 7, 51, 6, 17),
(1593, NULL, 7, 53, 6, 17),
(1594, NULL, 7, 54, 6, 17),
(1595, NULL, 7, 55, 6, 17),
(1596, NULL, 7, 56, 6, 17),
(1597, NULL, 7, 58, 6, 17),
(1598, NULL, 7, 59, 6, 17),
(1599, NULL, 7, 60, 6, 17),
(1600, NULL, 7, 61, 6, 17),
(1601, NULL, 7, 63, 6, 17),
(1602, NULL, 7, 64, 6, 17),
(1603, NULL, 7, 65, 6, 17),
(1604, NULL, 7, 67, 6, 17),
(1605, NULL, 7, 68, 6, 17),
(1606, NULL, 7, 69, 6, 17),
(1607, NULL, 7, 71, 6, 17),
(1608, NULL, 7, 72, 6, 17),
(1609, NULL, 7, 73, 6, 17),
(1610, NULL, 7, 74, 6, 17),
(1611, NULL, 7, 75, 6, 17),
(1612, NULL, 7, 77, 6, 17),
(1613, NULL, 7, 78, 6, 17),
(1614, NULL, 7, 79, 6, 17),
(1615, NULL, 7, 81, 6, 17),
(1616, NULL, 7, 82, 6, 17),
(1617, NULL, 7, 83, 6, 17),
(1618, NULL, 7, 84, 6, 17),
(1619, NULL, 46, 10, 6, 17),
(1620, NULL, 46, 11, 6, 17),
(1621, NULL, 46, 12, 6, 17),
(1622, NULL, 46, 13, 6, 17),
(1623, NULL, 46, 14, 6, 17),
(1624, NULL, 46, 15, 6, 17),
(1625, NULL, 46, 16, 6, 17),
(1626, NULL, 46, 17, 6, 17),
(1627, NULL, 46, 18, 6, 17),
(1628, NULL, 46, 19, 6, 17),
(1629, NULL, 45, 10, 6, 17),
(1630, NULL, 45, 18, 6, 17),
(1631, NULL, 45, 19, 6, 17),
(1632, NULL, 44, 10, 6, 17),
(1633, NULL, 44, 19, 6, 17),
(1634, NULL, 43, 10, 6, 17),
(1635, NULL, 43, 19, 6, 17),
(1636, NULL, 42, 10, 6, 17),
(1637, NULL, 42, 19, 6, 17),
(1638, NULL, 41, 10, 6, 17),
(1639, NULL, 41, 19, 6, 17),
(1640, NULL, 40, 10, 6, 17),
(1641, NULL, 40, 19, 6, 17),
(1642, NULL, 39, 10, 6, 17),
(1643, NULL, 39, 19, 6, 17),
(1644, NULL, 38, 10, 6, 17),
(1645, NULL, 38, 19, 6, 17),
(1646, NULL, 37, 10, 6, 17),
(1647, NULL, 37, 19, 6, 17),
(1648, NULL, 36, 10, 6, 17),
(1649, NULL, 36, 19, 6, 17),
(1650, NULL, 35, 10, 6, 17),
(1651, NULL, 35, 19, 6, 17),
(1652, NULL, 34, 10, 6, 17),
(1653, NULL, 34, 19, 6, 17),
(1654, NULL, 33, 10, 6, 17),
(1655, NULL, 33, 19, 6, 17),
(1656, NULL, 32, 10, 6, 17),
(1657, NULL, 32, 19, 6, 17),
(1658, NULL, 31, 10, 6, 17),
(1659, NULL, 31, 19, 6, 17),
(1660, NULL, 30, 10, 6, 17),
(1661, NULL, 30, 19, 6, 17),
(1662, NULL, 29, 10, 6, 17),
(1663, NULL, 29, 19, 6, 17),
(1664, NULL, 28, 10, 6, 17),
(1665, NULL, 28, 19, 6, 17),
(1666, NULL, 27, 10, 6, 17),
(1667, NULL, 27, 12, 6, 17),
(1668, NULL, 27, 13, 6, 17),
(1669, NULL, 27, 14, 6, 17),
(1670, NULL, 27, 15, 6, 17),
(1671, NULL, 27, 16, 6, 17),
(1672, NULL, 27, 17, 6, 17),
(1673, NULL, 27, 19, 6, 17),
(1674, NULL, 26, 10, 6, 17),
(1676, NULL, 26, 12, 6, 17),
(1677, NULL, 26, 17, 6, 17),
(1678, NULL, 26, 19, 6, 17),
(1679, NULL, 25, 17, 6, 17),
(1680, NULL, 25, 18, 6, 17),
(1681, NULL, 25, 19, 6, 17),
(1682, NULL, 25, 21, 6, 17),
(1683, NULL, 25, 22, 6, 17),
(1684, NULL, 25, 23, 6, 17),
(1685, NULL, 61, 32, 6, 17),
(1686, NULL, 61, 46, 6, 17),
(1687, NULL, 61, 47, 6, 17),
(1688, NULL, 61, 48, 6, 17),
(1689, NULL, 61, 49, 6, 17),
(1690, NULL, 61, 66, 6, 17),
(1691, NULL, 61, 67, 6, 17),
(1692, NULL, 61, 68, 6, 17),
(1693, NULL, 61, 69, 6, 17),
(1694, NULL, 60, 27, 6, 17),
(1695, NULL, 60, 28, 6, 17),
(1696, NULL, 60, 29, 6, 17),
(1697, NULL, 60, 30, 6, 17),
(1698, NULL, 60, 31, 6, 17),
(1699, NULL, 60, 32, 6, 17),
(1700, NULL, 60, 33, 6, 17),
(1701, NULL, 60, 34, 6, 17),
(1702, NULL, 60, 35, 6, 17),
(1703, NULL, 60, 36, 6, 17),
(1704, NULL, 60, 37, 6, 17),
(1705, NULL, 60, 38, 6, 17),
(1706, NULL, 60, 39, 6, 17),
(1707, NULL, 60, 40, 6, 17),
(1708, NULL, 60, 41, 6, 17),
(1709, NULL, 60, 42, 6, 17),
(1710, NULL, 60, 43, 6, 17),
(1711, NULL, 60, 44, 6, 17),
(1712, NULL, 60, 45, 6, 17),
(1713, NULL, 60, 46, 6, 17),
(1714, NULL, 60, 47, 6, 17),
(1715, NULL, 60, 48, 6, 17),
(1716, NULL, 60, 49, 6, 17),
(1717, NULL, 60, 50, 6, 17),
(1718, NULL, 60, 51, 6, 17),
(1719, NULL, 60, 52, 6, 17),
(1720, NULL, 60, 53, 6, 17),
(1721, NULL, 60, 54, 6, 17),
(1722, NULL, 60, 55, 6, 17),
(1723, NULL, 60, 57, 6, 17),
(1724, NULL, 59, 27, 6, 17),
(1725, NULL, 59, 30, 6, 17),
(1726, NULL, 59, 31, 6, 17),
(1727, NULL, 59, 32, 6, 17),
(1728, NULL, 59, 36, 6, 17),
(1729, NULL, 59, 37, 6, 17),
(1730, NULL, 59, 52, 6, 17),
(1731, NULL, 59, 53, 6, 17),
(1732, NULL, 59, 57, 6, 17),
(1733, NULL, 59, 58, 6, 17),
(1734, NULL, 59, 59, 6, 17),
(1735, NULL, 59, 60, 6, 17),
(1736, NULL, 59, 61, 6, 17),
(1737, NULL, 59, 62, 6, 17),
(1738, NULL, 59, 63, 6, 17),
(1739, NULL, 59, 64, 6, 17),
(1740, NULL, 59, 65, 6, 17),
(1741, NULL, 59, 66, 6, 17),
(1742, NULL, 59, 67, 6, 17),
(1743, NULL, 59, 68, 6, 17),
(1744, NULL, 59, 69, 6, 17),
(1745, NULL, 59, 70, 6, 17),
(1746, NULL, 59, 71, 6, 17),
(1747, NULL, 59, 72, 6, 17),
(1748, NULL, 59, 73, 6, 17),
(1749, NULL, 59, 75, 6, 17),
(1750, NULL, 59, 76, 6, 17),
(1751, NULL, 59, 77, 6, 17),
(1752, NULL, 59, 78, 6, 17),
(1753, NULL, 59, 79, 6, 17),
(1754, NULL, 59, 80, 6, 17),
(1755, NULL, 59, 81, 6, 17),
(1756, NULL, 59, 82, 6, 17),
(1757, NULL, 59, 83, 6, 17),
(1758, NULL, 59, 84, 6, 17),
(1759, NULL, 59, 85, 6, 17),
(1760, NULL, 59, 86, 6, 17),
(1761, NULL, 59, 87, 6, 17),
(1762, NULL, 59, 88, 6, 17),
(1763, NULL, 59, 93, 6, 17),
(1764, NULL, 59, 94, 6, 17),
(1765, NULL, 59, 95, 6, 17),
(1766, NULL, 58, 27, 6, 17),
(1767, NULL, 58, 32, 6, 17),
(1768, NULL, 58, 36, 6, 17),
(1769, NULL, 58, 37, 6, 17),
(1770, NULL, 58, 53, 6, 17),
(1771, NULL, 58, 54, 6, 17),
(1772, NULL, 58, 69, 6, 17),
(1773, NULL, 58, 72, 6, 17),
(1774, NULL, 58, 79, 6, 17),
(1775, NULL, 58, 80, 6, 17),
(1776, NULL, 58, 81, 6, 17),
(1777, NULL, 58, 82, 6, 17),
(1778, NULL, 58, 83, 6, 17),
(1779, NULL, 58, 84, 6, 17),
(1780, NULL, 58, 85, 6, 17),
(1781, NULL, 58, 88, 6, 17),
(1782, NULL, 58, 89, 6, 17),
(1783, NULL, 58, 95, 6, 17),
(1784, NULL, 57, 27, 6, 17),
(1785, NULL, 57, 32, 6, 17),
(1786, NULL, 57, 36, 6, 17),
(1787, NULL, 57, 37, 6, 17),
(1788, NULL, 57, 53, 6, 17),
(1789, NULL, 57, 54, 6, 17),
(1790, NULL, 57, 69, 6, 17),
(1791, NULL, 57, 72, 6, 17),
(1792, NULL, 57, 78, 6, 17),
(1793, NULL, 57, 79, 6, 17),
(1794, NULL, 57, 80, 6, 17),
(1795, NULL, 57, 81, 6, 17),
(1796, NULL, 57, 85, 6, 17),
(1797, NULL, 57, 95, 6, 17),
(1798, NULL, 56, 27, 6, 17),
(1799, NULL, 56, 32, 6, 17),
(1800, NULL, 56, 36, 6, 17),
(1801, NULL, 56, 37, 6, 17),
(1802, NULL, 56, 53, 6, 17),
(1803, NULL, 56, 54, 6, 17),
(1804, NULL, 56, 69, 6, 17),
(1805, NULL, 56, 72, 6, 17),
(1806, NULL, 56, 78, 6, 17),
(1807, NULL, 56, 79, 6, 17),
(1808, NULL, 56, 80, 6, 17),
(1809, NULL, 56, 81, 6, 17),
(1810, NULL, 56, 85, 6, 17),
(1811, NULL, 56, 95, 6, 17),
(1812, NULL, 55, 27, 6, 17),
(1813, NULL, 55, 32, 6, 17),
(1814, NULL, 55, 36, 6, 17),
(1815, NULL, 55, 37, 6, 17),
(1816, NULL, 55, 53, 6, 17),
(1817, NULL, 55, 54, 6, 17),
(1818, NULL, 55, 69, 6, 17),
(1819, NULL, 55, 72, 6, 17),
(1820, NULL, 55, 78, 6, 17),
(1821, NULL, 55, 79, 6, 17),
(1822, NULL, 55, 80, 6, 17),
(1823, NULL, 55, 81, 6, 17),
(1824, NULL, 55, 85, 6, 17),
(1825, NULL, 55, 95, 6, 17),
(1826, NULL, 55, 96, 6, 17),
(1827, NULL, 55, 97, 6, 17),
(1828, NULL, 54, 32, 6, 17),
(1829, NULL, 54, 34, 6, 17),
(1830, NULL, 54, 36, 6, 17),
(1831, NULL, 54, 37, 6, 17),
(1832, NULL, 54, 39, 6, 17),
(1833, NULL, 54, 40, 6, 17),
(1834, NULL, 54, 41, 6, 17),
(1835, NULL, 54, 42, 6, 17),
(1836, NULL, 54, 43, 6, 17),
(1837, NULL, 54, 44, 6, 17),
(1838, NULL, 54, 45, 6, 17),
(1839, NULL, 54, 46, 6, 17),
(1840, NULL, 54, 47, 6, 17),
(1841, NULL, 54, 48, 6, 17),
(1842, NULL, 54, 49, 6, 17),
(1843, NULL, 54, 50, 6, 17),
(1844, NULL, 54, 51, 6, 17),
(1845, NULL, 54, 52, 6, 17),
(1846, NULL, 54, 53, 6, 17),
(1847, NULL, 54, 56, 6, 17),
(1848, NULL, 54, 58, 6, 17),
(1849, NULL, 54, 60, 6, 17),
(1850, NULL, 54, 62, 6, 17),
(1851, NULL, 54, 64, 6, 17),
(1852, NULL, 54, 66, 6, 17),
(1853, NULL, 54, 67, 6, 17),
(1854, NULL, 54, 68, 6, 17),
(1855, NULL, 54, 69, 6, 17),
(1856, NULL, 54, 70, 6, 17),
(1857, NULL, 54, 71, 6, 17),
(1858, NULL, 54, 72, 6, 17),
(1859, NULL, 54, 78, 6, 17),
(1860, NULL, 54, 79, 6, 17),
(1861, NULL, 54, 80, 6, 17),
(1862, NULL, 54, 81, 6, 17),
(1863, NULL, 54, 95, 6, 17),
(1864, NULL, 54, 97, 6, 17),
(1865, NULL, 54, 98, 6, 17),
(1866, NULL, 53, 24, 6, 17),
(1867, NULL, 53, 25, 6, 17),
(1868, NULL, 53, 26, 6, 17),
(1869, NULL, 53, 27, 6, 17),
(1870, NULL, 53, 37, 6, 17),
(1871, NULL, 53, 58, 6, 17),
(1872, NULL, 53, 69, 6, 17),
(1873, NULL, 53, 78, 6, 17),
(1874, NULL, 53, 79, 6, 17),
(1875, NULL, 53, 80, 6, 17),
(1876, NULL, 53, 81, 6, 17),
(1877, NULL, 53, 95, 6, 17),
(1878, NULL, 53, 98, 6, 17),
(1879, NULL, 52, 26, 6, 17),
(1880, NULL, 52, 27, 6, 17),
(1881, NULL, 52, 32, 6, 17),
(1882, NULL, 52, 37, 6, 17),
(1883, NULL, 52, 53, 6, 17),
(1884, NULL, 52, 60, 6, 17),
(1885, NULL, 52, 78, 6, 17),
(1886, NULL, 52, 79, 6, 17),
(1887, NULL, 52, 80, 6, 17),
(1888, NULL, 52, 81, 6, 17),
(1889, NULL, 52, 95, 6, 17),
(1890, NULL, 52, 98, 6, 17),
(1891, NULL, 51, 27, 6, 17),
(1892, NULL, 51, 28, 6, 17),
(1893, NULL, 51, 29, 6, 17),
(1894, NULL, 51, 31, 6, 17),
(1895, NULL, 51, 32, 6, 17),
(1896, NULL, 51, 34, 6, 17),
(1897, NULL, 51, 36, 6, 17),
(1898, NULL, 51, 37, 6, 17),
(1899, NULL, 51, 59, 6, 17),
(1900, NULL, 51, 60, 6, 17),
(1901, NULL, 51, 61, 6, 17),
(1902, NULL, 51, 62, 6, 17),
(1903, NULL, 51, 63, 6, 17),
(1904, NULL, 51, 64, 6, 17),
(1905, NULL, 51, 65, 6, 17),
(1906, NULL, 51, 66, 6, 17),
(1907, NULL, 51, 67, 6, 17),
(1908, NULL, 51, 68, 6, 17),
(1909, NULL, 51, 69, 6, 17),
(1910, NULL, 51, 70, 6, 17),
(1911, NULL, 51, 71, 6, 17),
(1912, NULL, 51, 72, 6, 17),
(1913, NULL, 51, 74, 6, 17),
(1914, NULL, 51, 76, 6, 17),
(1915, NULL, 51, 78, 6, 17),
(1916, NULL, 51, 79, 6, 17),
(1917, NULL, 51, 80, 6, 17),
(1918, NULL, 51, 81, 6, 17),
(1919, NULL, 51, 82, 6, 17),
(1920, NULL, 51, 83, 6, 17),
(1921, NULL, 51, 84, 6, 17),
(1922, NULL, 51, 85, 6, 17),
(1923, NULL, 51, 86, 6, 17),
(1924, NULL, 51, 87, 6, 17),
(1925, NULL, 51, 88, 6, 17),
(1926, NULL, 51, 90, 6, 17),
(1927, NULL, 51, 91, 6, 17),
(1928, NULL, 51, 92, 6, 17),
(1929, NULL, 51, 93, 6, 17),
(1930, NULL, 51, 94, 6, 17),
(1931, NULL, 51, 95, 6, 17),
(1932, NULL, 51, 98, 6, 17),
(1933, NULL, 50, 39, 6, 17),
(1934, NULL, 50, 40, 6, 17),
(1935, NULL, 50, 41, 6, 17),
(1936, NULL, 50, 42, 6, 17),
(1937, NULL, 50, 43, 6, 17),
(1938, NULL, 50, 44, 6, 17),
(1939, NULL, 50, 45, 6, 17),
(1940, NULL, 50, 46, 6, 17),
(1941, NULL, 50, 47, 6, 17),
(1942, NULL, 50, 48, 6, 17),
(1943, NULL, 50, 49, 6, 17),
(1944, NULL, 50, 50, 6, 17),
(1945, NULL, 50, 51, 6, 17),
(1946, NULL, 50, 54, 6, 17),
(1947, NULL, 50, 57, 6, 17),
(1948, NULL, 50, 59, 6, 17),
(1949, NULL, 50, 60, 6, 17),
(1950, NULL, 50, 61, 6, 17),
(1951, NULL, 50, 62, 6, 17),
(1952, NULL, 50, 63, 6, 17),
(1953, NULL, 50, 64, 6, 17),
(1954, NULL, 50, 65, 6, 17),
(1955, NULL, 50, 66, 6, 17),
(1956, NULL, 50, 67, 6, 17),
(1957, NULL, 50, 68, 6, 17),
(1958, NULL, 50, 69, 6, 17),
(1959, NULL, 50, 70, 6, 17),
(1960, NULL, 50, 71, 6, 17),
(1961, NULL, 50, 72, 6, 17),
(1962, NULL, 50, 98, 6, 17),
(1963, NULL, 50, 99, 6, 17),
(1964, NULL, 50, 100, 6, 17),
(1965, NULL, 50, 101, 6, 17),
(1966, NULL, 49, 101, 6, 17),
(1967, NULL, 46, 80, 6, 17),
(1968, NULL, 44, 78, 6, 17),
(1969, NULL, 44, 79, 6, 17),
(1970, NULL, 44, 80, 6, 17),
(1971, NULL, 44, 82, 6, 17),
(1972, NULL, 44, 83, 6, 17),
(1973, NULL, 43, 82, 6, 17),
(1974, NULL, 42, 76, 6, 17),
(1975, NULL, 41, 76, 6, 17),
(1976, NULL, 41, 78, 6, 17),
(1977, NULL, 41, 79, 6, 17),
(1978, NULL, 41, 82, 6, 17),
(1979, NULL, 40, 76, 6, 17),
(1980, NULL, 40, 78, 6, 17),
(1981, NULL, 40, 79, 6, 17),
(1982, NULL, 40, 80, 6, 17),
(1983, NULL, 40, 81, 6, 17),
(1984, NULL, 40, 82, 6, 17),
(1985, NULL, 40, 83, 6, 17),
(1986, NULL, 40, 84, 6, 17),
(1987, NULL, 39, 76, 6, 17),
(1988, NULL, 39, 78, 6, 17),
(1989, NULL, 39, 79, 6, 17),
(1990, NULL, 38, 76, 6, 17),
(1991, NULL, 38, 78, 6, 17),
(1992, NULL, 38, 79, 6, 17),
(1993, NULL, 37, 76, 6, 17),
(1994, NULL, 36, 76, 6, 17),
(1995, NULL, 36, 78, 6, 17),
(1996, NULL, 36, 79, 6, 17),
(1997, NULL, 35, 76, 6, 17),
(1998, NULL, 35, 78, 6, 17),
(1999, NULL, 35, 79, 6, 17),
(2000, NULL, 34, 76, 6, 17),
(2001, NULL, 34, 78, 6, 17),
(2002, NULL, 34, 79, 6, 17),
(2003, NULL, 34, 80, 6, 17),
(2004, NULL, 34, 81, 6, 17),
(2005, NULL, 34, 82, 6, 17),
(2006, NULL, 34, 83, 6, 17),
(2007, NULL, 33, 76, 6, 17),
(2008, NULL, 33, 78, 6, 17),
(2009, NULL, 33, 79, 6, 17),
(2010, NULL, 32, 76, 6, 17),
(2011, NULL, 32, 78, 6, 17),
(2012, NULL, 32, 79, 6, 17),
(2013, NULL, 31, 76, 6, 17),
(2014, NULL, 49, 85, 20, 17),
(2015, NULL, 48, 29, 20, 17),
(2016, NULL, 48, 55, 20, 17),
(2017, NULL, 42, 14, 22, 17),
(2018, NULL, 33, 37, 23, 17),
(2019, NULL, 29, 94, 21, 17),
(2020, NULL, 27, 56, 8, 17),
(2021, NULL, 27, 58, 20, 17),
(2022, NULL, 25, 14, 20, 17),
(2023, NULL, 24, 80, 20, 17),
(2024, NULL, 24, 82, 8, 17),
(2025, NULL, 23, 32, 20, 17),
(2026, NULL, 22, 47, 20, 17),
(2027, NULL, 22, 65, 20, 17),
(2028, NULL, 21, 92, 20, 17),
(2029, NULL, 14, 40, 22, 17),
(2030, NULL, 14, 76, 7, 17),
(2031, NULL, 14, 95, 20, 17),
(2032, NULL, 14, 97, 8, 17),
(2033, NULL, 4, 5, 20, 17),
(2038, NULL, 0, 3, 6, 18),
(2039, NULL, 0, 4, 6, 18),
(2047, NULL, 3, 9, 21, 18),
(2048, NULL, 3, 10, 21, 18),
(2049, NULL, 3, 11, 21, 18),
(2099, 'Parquing_Escalera_1', 19, 0, 8, 18),
(2107, NULL, 4, 5, 20, 18),
(2108, 'Parquing_Escalera_3', 5, 21, 8, 18),
(2109, 'Parquing_Escalera_2', 1, 12, 8, 18),
(2110, 'Planta 1_Escalera_1', 17, 1, 8, 19),
(2111, 'Planta 1_Escalera_2', 10, 20, 8, 19),
(2112, 'Planta 1_Escalera_3', 1, 7, 8, 19);

-- --------------------------------------------------------

--
-- Table structure for table `map_editor_qr_code`
--

DROP TABLE IF EXISTS `map_editor_qr_code`;
CREATE TABLE IF NOT EXISTS `map_editor_qr_code` (
  `id` int(11) NOT NULL AUTO_INCREMENT,
  `code` varchar(200) NOT NULL,
  `point_id` int(11) NOT NULL,
  PRIMARY KEY (`id`),
  UNIQUE KEY `code` (`code`),
  KEY `map_editor_qr_code_0635143a` (`point_id`)
) ENGINE=InnoDB  DEFAULT CHARSET=utf8 AUTO_INCREMENT=25 ;

--
-- Dumping data for table `map_editor_qr_code`
--

INSERT INTO `map_editor_qr_code` (`id`, `code`, `point_id`) VALUES
(1, '3_5_255', 255),
(2, '3_6_267', 267),
(3, '7_15_617', 617),
(4, '7_15_618', 618),
(5, '7_15_616', 616),
(6, '7_15_614', 614),
(7, '7_15_615', 615),
(8, '7_17_2033', 2033),
(9, '7_17_2022', 2022),
(10, '7_17_2025', 2025),
(11, '7_17_2026', 2026),
(12, '7_17_2027', 2027),
(13, '7_17_2021', 2021),
(14, '7_17_2023', 2023),
(15, '7_17_2015', 2015),
(16, '7_17_2016', 2016),
(17, '7_17_2014', 2014),
(18, '7_17_2019', 2019),
(19, '7_17_2030', 2030),
(20, '7_17_2029', 2029),
(21, '7_17_2018', 2018),
(22, '7_17_2017', 2017),
(23, '8_18_2107', 2107),
(24, '8_18_2099', 2099);

-- --------------------------------------------------------

--
-- Table structure for table `route_connection`
--

DROP TABLE IF EXISTS `route_connection`;
CREATE TABLE IF NOT EXISTS `route_connection` (
  `id` int(11) NOT NULL AUTO_INCREMENT,
  `init_id` int(11) NOT NULL,
  `end_id` int(11) NOT NULL,
  PRIMARY KEY (`id`),
  KEY `route_connection_f0899661` (`init_id`),
  KEY `route_connection_536e023f` (`end_id`)
) ENGINE=InnoDB  DEFAULT CHARSET=utf8 AUTO_INCREMENT=57 ;

--
-- Dumping data for table `route_connection`
--

INSERT INTO `route_connection` (`id`, `init_id`, `end_id`) VALUES
(9, 266, 266),
(10, 266, 266),
(11, 266, 266),
(12, 266, 266),
(13, 265, 266),
(14, 265, 266),
(15, 619, 620),
(16, 620, 619),
(17, 620, 2020),
(18, 2032, 2024),
(19, 266, 265),
(20, 265, 265),
(21, 266, 265),
(22, 266, 265),
(23, 266, 265),
(24, 266, 266),
(39, 2099, 2110),
(40, 2110, 2111),
(41, 2109, 2108),
(43, 2110, 2112),
(49, 2109, 2099),
(50, 2109, 2111),
(51, 2109, 2110),
(52, 2110, 2110),
(55, 2112, 2112),
(56, 2111, 2112);

-- --------------------------------------------------------

--
-- Table structure for table `route_route`
--

DROP TABLE IF EXISTS `route_route`;
CREATE TABLE IF NOT EXISTS `route_route` (
  `id` int(11) NOT NULL AUTO_INCREMENT,
  `origin_id` int(11) NOT NULL,
  `destiny_id` int(11) NOT NULL,
  PRIMARY KEY (`id`),
  KEY `route_route_759d5244` (`origin_id`),
  KEY `route_route_e896c7b0` (`destiny_id`)
) ENGINE=InnoDB  DEFAULT CHARSET=utf8 AUTO_INCREMENT=76 ;

--
-- Dumping data for table `route_route`
--

INSERT INTO `route_route` (`id`, `origin_id`, `destiny_id`) VALUES
(5, 614, 615),
(6, 614, 616),
(7, 614, 617),
(8, 614, 2021),
(9, 614, 2026),
(10, 614, 2027),
(11, 615, 614),
(12, 615, 616),
(13, 615, 618),
(14, 615, 2021),
(15, 615, 2026),
(16, 615, 2027),
(17, 616, 614),
(18, 616, 615),
(19, 616, 617),
(20, 616, 618),
(21, 616, 2021),
(22, 616, 2026),
(23, 616, 2027),
(24, 617, 614),
(25, 617, 615),
(26, 617, 616),
(27, 617, 618),
(28, 617, 2021),
(29, 617, 2026),
(30, 617, 2027),
(31, 618, 614),
(32, 618, 615),
(33, 618, 616),
(34, 618, 617),
(35, 618, 2021),
(36, 618, 2026),
(37, 618, 2027),
(38, 2014, 2019),
(39, 2014, 2023),
(40, 2015, 2018),
(41, 2016, 2021),
(42, 2017, 2022),
(43, 2017, 2025),
(44, 2018, 2015),
(45, 2018, 2016),
(46, 2019, 2014),
(47, 2019, 2023),
(48, 2021, 2026),
(49, 2021, 2027),
(50, 2021, 2029),
(51, 2022, 2017),
(52, 2022, 2025),
(53, 2022, 2033),
(54, 2023, 2019),
(55, 2023, 2027),
(56, 2025, 2015),
(57, 2025, 2021),
(58, 2025, 2022),
(59, 2025, 2026),
(60, 2025, 2029),
(61, 2026, 2021),
(62, 2026, 2025),
(63, 2026, 2027),
(64, 2026, 2029),
(65, 2027, 2021),
(66, 2027, 2023),
(67, 2027, 2026),
(68, 2027, 2030),
(69, 2029, 2021),
(70, 2029, 2025),
(71, 2029, 2026),
(72, 2029, 2027),
(73, 2030, 2021),
(74, 2030, 2027),
(75, 2033, 2022);

-- --------------------------------------------------------

--
-- Table structure for table `route_step`
--

DROP TABLE IF EXISTS `route_step`;
CREATE TABLE IF NOT EXISTS `route_step` (
  `id` int(11) NOT NULL AUTO_INCREMENT,
  `step_category` varchar(3) NOT NULL,
  `step_number` int(10) unsigned NOT NULL,
  `row` int(10) unsigned NOT NULL,
  `column` int(10) unsigned NOT NULL,
  `route_id` int(11) NOT NULL,
  `floor_id` int(11) NOT NULL,
  PRIMARY KEY (`id`),
  KEY `route_step_854631fb` (`route_id`),
  KEY `route_step_e4074c70` (`floor_id`)
) ENGINE=InnoDB  DEFAULT CHARSET=utf8 AUTO_INCREMENT=1482 ;

--
-- Dumping data for table `route_step`
--

INSERT INTO `route_step` (`id`, `step_category`, `step_number`, `row`, `column`, `route_id`, `floor_id`) VALUES
(245, 'NOR', 1, 15, 3, 5, 15),
(246, 'NOR', 2, 16, 2, 5, 15),
(247, 'NOR', 3, 17, 1, 5, 15),
(248, 'NOR', 4, 17, 24, 5, 15),
(249, 'NOR', 5, 17, 23, 5, 15),
(250, 'NOR', 6, 16, 22, 5, 15),
(251, 'NOR', 7, 15, 21, 5, 15),
(252, 'NOR', 1, 15, 5, 6, 15),
(253, 'NOR', 2, 16, 6, 6, 15),
(254, 'NOR', 3, 16, 7, 6, 15),
(255, 'NOR', 4, 16, 8, 6, 15),
(256, 'NOR', 5, 15, 9, 6, 15),
(257, 'NOR', 6, 15, 10, 6, 15),
(258, 'NOR', 7, 15, 11, 6, 15),
(259, 'NOR', 8, 14, 12, 6, 15),
(260, 'NOR', 9, 13, 13, 6, 15),
(261, 'NOR', 10, 12, 12, 6, 15),
(262, 'NOR', 11, 11, 12, 6, 15),
(263, 'NOR', 12, 10, 13, 6, 15),
(264, 'NOR', 1, 14, 4, 7, 15),
(265, 'NOR', 2, 13, 3, 7, 15),
(266, 'NOR', 3, 12, 4, 7, 15),
(267, 'NOR', 4, 11, 4, 7, 15),
(268, 'NOR', 5, 10, 3, 7, 15),
(269, 'NOR', 6, 9, 4, 7, 15),
(270, 'NOR', 7, 8, 3, 7, 15),
(271, 'NOR', 8, 7, 3, 7, 15),
(272, 'NOR', 9, 6, 3, 7, 15),
(273, 'NOR', 10, 5, 4, 7, 15),
(274, 'NOR', 11, 4, 5, 7, 15),
(275, 'NOR', 12, 3, 4, 7, 15),
(276, 'NOR', 13, 2, 5, 7, 15),
(277, 'NOR', 14, 1, 4, 7, 15),
(278, 'NOR', 1, 15, 3, 8, 15),
(279, 'NOR', 2, 16, 2, 8, 15),
(280, 'NOR', 3, 17, 1, 8, 15),
(281, 'NOR', 4, 17, 24, 8, 15),
(282, 'NOR', 5, 27, 56, 8, 17),
(283, 'NOR', 6, 28, 57, 8, 17),
(284, 'NOR', 7, 27, 58, 8, 17),
(285, 'NOR', 1, 15, 3, 9, 15),
(286, 'NOR', 2, 16, 2, 9, 15),
(287, 'NOR', 3, 17, 1, 9, 15),
(288, 'NOR', 4, 17, 24, 9, 15),
(289, 'NOR', 5, 27, 56, 9, 17),
(290, 'NOR', 6, 26, 55, 9, 17),
(291, 'NOR', 7, 25, 54, 9, 17),
(292, 'NOR', 8, 24, 53, 9, 17),
(293, 'NOR', 9, 23, 52, 9, 17),
(294, 'NOR', 10, 22, 51, 9, 17),
(295, 'NOR', 11, 21, 50, 9, 17),
(296, 'NOR', 12, 22, 49, 9, 17),
(297, 'NOR', 13, 22, 48, 9, 17),
(298, 'NOR', 14, 22, 47, 9, 17),
(299, 'NOR', 1, 15, 3, 10, 15),
(300, 'NOR', 2, 16, 2, 10, 15),
(301, 'NOR', 3, 17, 1, 10, 15),
(302, 'NOR', 4, 17, 24, 10, 15),
(303, 'NOR', 5, 27, 56, 10, 17),
(304, 'NOR', 6, 26, 57, 10, 17),
(305, 'NOR', 7, 26, 58, 10, 17),
(306, 'NOR', 8, 25, 59, 10, 17),
(307, 'NOR', 9, 24, 60, 10, 17),
(308, 'NOR', 10, 23, 61, 10, 17),
(309, 'NOR', 11, 22, 62, 10, 17),
(310, 'NOR', 12, 22, 63, 10, 17),
(311, 'NOR', 13, 21, 64, 10, 17),
(312, 'NOR', 14, 22, 65, 10, 17),
(313, 'NOR', 1, 16, 22, 11, 15),
(314, 'NOR', 2, 17, 23, 11, 15),
(315, 'NOR', 3, 17, 24, 11, 15),
(316, 'NOR', 4, 17, 1, 11, 15),
(317, 'NOR', 5, 16, 2, 11, 15),
(318, 'NOR', 6, 15, 3, 11, 15),
(319, 'NOR', 7, 15, 4, 11, 15),
(320, 'NOR', 1, 15, 20, 12, 15),
(321, 'NOR', 2, 16, 19, 12, 15),
(322, 'NOR', 3, 16, 18, 12, 15),
(323, 'NOR', 4, 16, 17, 12, 15),
(324, 'NOR', 5, 15, 16, 12, 15),
(325, 'NOR', 6, 15, 15, 12, 15),
(326, 'NOR', 7, 15, 14, 12, 15),
(327, 'NOR', 8, 14, 13, 12, 15),
(328, 'NOR', 9, 13, 13, 12, 15),
(329, 'NOR', 10, 12, 12, 12, 15),
(330, 'NOR', 11, 11, 12, 12, 15),
(331, 'NOR', 12, 10, 13, 12, 15),
(332, 'NOR', 1, 14, 22, 13, 15),
(333, 'NOR', 2, 13, 22, 13, 15),
(334, 'NOR', 3, 12, 21, 13, 15),
(335, 'NOR', 4, 11, 21, 13, 15),
(336, 'NOR', 5, 10, 22, 13, 15),
(337, 'NOR', 6, 9, 21, 13, 15),
(338, 'NOR', 7, 8, 21, 13, 15),
(339, 'NOR', 8, 7, 21, 13, 15),
(340, 'NOR', 9, 6, 21, 13, 15),
(341, 'NOR', 10, 5, 22, 13, 15),
(342, 'NOR', 11, 4, 21, 13, 15),
(343, 'NOR', 12, 3, 20, 13, 15),
(344, 'NOR', 13, 2, 20, 13, 15),
(345, 'NOR', 14, 1, 21, 13, 15),
(346, 'NOR', 1, 16, 22, 14, 15),
(347, 'NOR', 2, 17, 23, 14, 15),
(348, 'NOR', 3, 17, 24, 14, 15),
(349, 'NOR', 4, 27, 56, 14, 17),
(350, 'NOR', 5, 28, 57, 14, 17),
(351, 'NOR', 6, 27, 58, 14, 17),
(352, 'NOR', 1, 16, 22, 15, 15),
(353, 'NOR', 2, 17, 23, 15, 15),
(354, 'NOR', 3, 17, 24, 15, 15),
(355, 'NOR', 4, 27, 56, 15, 17),
(356, 'NOR', 5, 26, 55, 15, 17),
(357, 'NOR', 6, 25, 54, 15, 17),
(358, 'NOR', 7, 24, 53, 15, 17),
(359, 'NOR', 8, 23, 52, 15, 17),
(360, 'NOR', 9, 22, 51, 15, 17),
(361, 'NOR', 10, 21, 50, 15, 17),
(362, 'NOR', 11, 22, 49, 15, 17),
(363, 'NOR', 12, 22, 48, 15, 17),
(364, 'NOR', 13, 22, 47, 15, 17),
(365, 'NOR', 1, 16, 22, 16, 15),
(366, 'NOR', 2, 17, 23, 16, 15),
(367, 'NOR', 3, 17, 24, 16, 15),
(368, 'NOR', 4, 27, 56, 16, 17),
(369, 'NOR', 5, 26, 57, 16, 17),
(370, 'NOR', 6, 26, 58, 16, 17),
(371, 'NOR', 7, 25, 59, 16, 17),
(372, 'NOR', 8, 24, 60, 16, 17),
(373, 'NOR', 9, 23, 61, 16, 17),
(374, 'NOR', 10, 22, 62, 16, 17),
(375, 'NOR', 11, 22, 63, 16, 17),
(376, 'NOR', 12, 21, 64, 16, 17),
(377, 'NOR', 13, 22, 65, 16, 17),
(378, 'NOR', 1, 11, 12, 17, 15),
(379, 'NOR', 2, 12, 12, 17, 15),
(380, 'NOR', 3, 13, 13, 17, 15),
(381, 'NOR', 4, 14, 12, 17, 15),
(382, 'NOR', 5, 15, 11, 17, 15),
(383, 'NOR', 6, 15, 10, 17, 15),
(384, 'NOR', 7, 15, 9, 17, 15),
(385, 'NOR', 8, 16, 8, 17, 15),
(386, 'NOR', 9, 16, 7, 17, 15),
(387, 'NOR', 10, 16, 6, 17, 15),
(388, 'NOR', 11, 15, 5, 17, 15),
(389, 'NOR', 12, 15, 4, 17, 15),
(390, 'NOR', 1, 11, 12, 18, 15),
(391, 'NOR', 2, 12, 12, 18, 15),
(392, 'NOR', 3, 13, 13, 18, 15),
(393, 'NOR', 4, 14, 13, 18, 15),
(394, 'NOR', 5, 15, 14, 18, 15),
(395, 'NOR', 6, 15, 15, 18, 15),
(396, 'NOR', 7, 15, 16, 18, 15),
(397, 'NOR', 8, 16, 17, 18, 15),
(398, 'NOR', 9, 16, 18, 18, 15),
(399, 'NOR', 10, 16, 19, 18, 15),
(400, 'NOR', 11, 15, 20, 18, 15),
(401, 'NOR', 12, 15, 21, 18, 15),
(402, 'NOR', 1, 9, 13, 19, 15),
(403, 'NOR', 2, 8, 12, 19, 15),
(404, 'NOR', 3, 7, 13, 19, 15),
(405, 'NOR', 4, 6, 12, 19, 15),
(406, 'NOR', 5, 5, 12, 19, 15),
(407, 'NOR', 6, 4, 11, 19, 15),
(408, 'NOR', 7, 4, 10, 19, 15),
(409, 'NOR', 8, 3, 9, 19, 15),
(410, 'NOR', 9, 3, 8, 19, 15),
(411, 'NOR', 10, 4, 7, 19, 15),
(412, 'NOR', 11, 3, 6, 19, 15),
(413, 'NOR', 12, 2, 5, 19, 15),
(414, 'NOR', 13, 1, 4, 19, 15),
(415, 'NOR', 1, 9, 13, 20, 15),
(416, 'NOR', 2, 8, 12, 20, 15),
(417, 'NOR', 3, 7, 13, 20, 15),
(418, 'NOR', 4, 6, 12, 20, 15),
(419, 'NOR', 5, 5, 13, 20, 15),
(420, 'NOR', 6, 4, 14, 20, 15),
(421, 'NOR', 7, 3, 15, 20, 15),
(422, 'NOR', 8, 2, 16, 20, 15),
(423, 'NOR', 9, 1, 17, 20, 15),
(424, 'NOR', 10, 1, 18, 20, 15),
(425, 'NOR', 11, 1, 19, 20, 15),
(426, 'NOR', 12, 2, 20, 20, 15),
(427, 'NOR', 13, 1, 21, 20, 15),
(428, 'NOR', 1, 9, 14, 21, 15),
(429, 'NOR', 2, 9, 15, 21, 15),
(430, 'NOR', 3, 10, 16, 21, 15),
(431, 'NOR', 4, 9, 17, 21, 15),
(432, 'NOR', 5, 9, 18, 21, 15),
(433, 'NOR', 6, 9, 19, 21, 15),
(434, 'NOR', 7, 10, 20, 21, 15),
(435, 'NOR', 8, 11, 21, 21, 15),
(436, 'NOR', 9, 12, 21, 21, 15),
(437, 'NOR', 10, 13, 22, 21, 15),
(438, 'NOR', 11, 14, 22, 21, 15),
(439, 'NOR', 12, 15, 22, 21, 15),
(440, 'NOR', 13, 16, 23, 21, 15),
(441, 'NOR', 14, 17, 24, 21, 15),
(442, 'NOR', 15, 27, 56, 21, 17),
(443, 'NOR', 16, 28, 57, 21, 17),
(444, 'NOR', 17, 27, 58, 21, 17),
(445, 'NOR', 1, 9, 14, 22, 15),
(446, 'NOR', 2, 9, 15, 22, 15),
(447, 'NOR', 3, 10, 16, 22, 15),
(448, 'NOR', 4, 9, 17, 22, 15),
(449, 'NOR', 5, 9, 18, 22, 15),
(450, 'NOR', 6, 9, 19, 22, 15),
(451, 'NOR', 7, 10, 20, 22, 15),
(452, 'NOR', 8, 11, 21, 22, 15),
(453, 'NOR', 9, 12, 21, 22, 15),
(454, 'NOR', 10, 13, 22, 22, 15),
(455, 'NOR', 11, 14, 22, 22, 15),
(456, 'NOR', 12, 15, 22, 22, 15),
(457, 'NOR', 13, 16, 23, 22, 15),
(458, 'NOR', 14, 17, 24, 22, 15),
(459, 'NOR', 15, 27, 56, 22, 17),
(460, 'NOR', 16, 26, 55, 22, 17),
(461, 'NOR', 17, 25, 54, 22, 17),
(462, 'NOR', 18, 24, 53, 22, 17),
(463, 'NOR', 19, 23, 52, 22, 17),
(464, 'NOR', 20, 22, 51, 22, 17),
(465, 'NOR', 21, 21, 50, 22, 17),
(466, 'NOR', 22, 22, 49, 22, 17),
(467, 'NOR', 23, 22, 48, 22, 17),
(468, 'NOR', 24, 22, 47, 22, 17),
(469, 'NOR', 1, 9, 14, 23, 15),
(470, 'NOR', 2, 9, 15, 23, 15),
(471, 'NOR', 3, 10, 16, 23, 15),
(472, 'NOR', 4, 9, 17, 23, 15),
(473, 'NOR', 5, 9, 18, 23, 15),
(474, 'NOR', 6, 9, 19, 23, 15),
(475, 'NOR', 7, 10, 20, 23, 15),
(476, 'NOR', 8, 11, 21, 23, 15),
(477, 'NOR', 9, 12, 21, 23, 15),
(478, 'NOR', 10, 13, 22, 23, 15),
(479, 'NOR', 11, 14, 22, 23, 15),
(480, 'NOR', 12, 15, 22, 23, 15),
(481, 'NOR', 13, 16, 23, 23, 15),
(482, 'NOR', 14, 17, 24, 23, 15),
(483, 'NOR', 15, 27, 56, 23, 17),
(484, 'NOR', 16, 26, 57, 23, 17),
(485, 'NOR', 17, 26, 58, 23, 17),
(486, 'NOR', 18, 25, 59, 23, 17),
(487, 'NOR', 19, 24, 60, 23, 17),
(488, 'NOR', 20, 23, 61, 23, 17),
(489, 'NOR', 21, 22, 62, 23, 17),
(490, 'NOR', 22, 22, 63, 23, 17),
(491, 'NOR', 23, 21, 64, 23, 17),
(492, 'NOR', 24, 22, 65, 23, 17),
(493, 'NOR', 1, 2, 5, 24, 15),
(494, 'NOR', 2, 3, 4, 24, 15),
(495, 'NOR', 3, 4, 5, 24, 15),
(496, 'NOR', 4, 5, 4, 24, 15),
(497, 'NOR', 5, 6, 3, 24, 15),
(498, 'NOR', 6, 7, 3, 24, 15),
(499, 'NOR', 7, 8, 3, 24, 15),
(500, 'NOR', 8, 9, 4, 24, 15),
(501, 'NOR', 9, 10, 3, 24, 15),
(502, 'NOR', 10, 11, 4, 24, 15),
(503, 'NOR', 11, 12, 4, 24, 15),
(504, 'NOR', 12, 13, 3, 24, 15),
(505, 'NOR', 13, 14, 4, 24, 15),
(506, 'NOR', 14, 15, 4, 24, 15),
(507, 'NOR', 1, 2, 5, 25, 15),
(508, 'NOR', 2, 3, 4, 25, 15),
(509, 'NOR', 3, 4, 5, 25, 15),
(510, 'NOR', 4, 5, 4, 25, 15),
(511, 'NOR', 5, 6, 3, 25, 15),
(512, 'NOR', 6, 7, 3, 25, 15),
(513, 'NOR', 7, 8, 3, 25, 15),
(514, 'NOR', 8, 9, 4, 25, 15),
(515, 'NOR', 9, 10, 3, 25, 15),
(516, 'NOR', 10, 11, 4, 25, 15),
(517, 'NOR', 11, 12, 4, 25, 15),
(518, 'NOR', 12, 13, 3, 25, 15),
(519, 'NOR', 13, 14, 4, 25, 15),
(520, 'NOR', 14, 15, 3, 25, 15),
(521, 'NOR', 15, 16, 2, 25, 15),
(522, 'NOR', 16, 17, 1, 25, 15),
(523, 'NOR', 17, 17, 24, 25, 15),
(524, 'NOR', 18, 17, 23, 25, 15),
(525, 'NOR', 19, 16, 22, 25, 15),
(526, 'NOR', 20, 15, 21, 25, 15),
(527, 'NOR', 1, 2, 5, 26, 15),
(528, 'NOR', 2, 3, 6, 26, 15),
(529, 'NOR', 3, 4, 7, 26, 15),
(530, 'NOR', 4, 3, 8, 26, 15),
(531, 'NOR', 5, 3, 9, 26, 15),
(532, 'NOR', 6, 4, 10, 26, 15),
(533, 'NOR', 7, 4, 11, 26, 15),
(534, 'NOR', 8, 5, 12, 26, 15),
(535, 'NOR', 9, 6, 12, 26, 15),
(536, 'NOR', 10, 7, 13, 26, 15),
(537, 'NOR', 11, 8, 12, 26, 15),
(538, 'NOR', 12, 9, 13, 26, 15),
(539, 'NOR', 13, 10, 13, 26, 15),
(540, 'NOR', 1, 1, 5, 27, 15),
(541, 'NOR', 2, 0, 6, 27, 15),
(542, 'NOR', 3, 1, 7, 27, 15),
(543, 'NOR', 4, 0, 8, 27, 15),
(544, 'NOR', 5, 0, 9, 27, 15),
(545, 'NOR', 6, 1, 10, 27, 15),
(546, 'NOR', 7, 1, 11, 27, 15),
(547, 'NOR', 8, 1, 12, 27, 15),
(548, 'NOR', 9, 0, 13, 27, 15),
(549, 'NOR', 10, 1, 14, 27, 15),
(550, 'NOR', 11, 1, 15, 27, 15),
(551, 'NOR', 12, 1, 16, 27, 15),
(552, 'NOR', 13, 1, 17, 27, 15),
(553, 'NOR', 14, 1, 18, 27, 15),
(554, 'NOR', 15, 1, 19, 27, 15),
(555, 'NOR', 16, 2, 20, 27, 15),
(556, 'NOR', 17, 1, 21, 27, 15),
(557, 'NOR', 1, 2, 5, 28, 15),
(558, 'NOR', 2, 3, 4, 28, 15),
(559, 'NOR', 3, 4, 5, 28, 15),
(560, 'NOR', 4, 5, 4, 28, 15),
(561, 'NOR', 5, 6, 3, 28, 15),
(562, 'NOR', 6, 7, 3, 28, 15),
(563, 'NOR', 7, 8, 3, 28, 15),
(564, 'NOR', 8, 9, 4, 28, 15),
(565, 'NOR', 9, 10, 3, 28, 15),
(566, 'NOR', 10, 11, 4, 28, 15),
(567, 'NOR', 11, 12, 4, 28, 15),
(568, 'NOR', 12, 13, 3, 28, 15),
(569, 'NOR', 13, 14, 4, 28, 15),
(570, 'NOR', 14, 15, 3, 28, 15),
(571, 'NOR', 15, 16, 2, 28, 15),
(572, 'NOR', 16, 17, 1, 28, 15),
(573, 'NOR', 17, 17, 24, 28, 15),
(574, 'NOR', 18, 27, 56, 28, 17),
(575, 'NOR', 19, 28, 57, 28, 17),
(576, 'NOR', 20, 27, 58, 28, 17),
(577, 'NOR', 1, 2, 5, 29, 15),
(578, 'NOR', 2, 3, 4, 29, 15),
(579, 'NOR', 3, 4, 5, 29, 15),
(580, 'NOR', 4, 5, 4, 29, 15),
(581, 'NOR', 5, 6, 3, 29, 15),
(582, 'NOR', 6, 7, 3, 29, 15),
(583, 'NOR', 7, 8, 3, 29, 15),
(584, 'NOR', 8, 9, 4, 29, 15),
(585, 'NOR', 9, 10, 3, 29, 15),
(586, 'NOR', 10, 11, 4, 29, 15),
(587, 'NOR', 11, 12, 4, 29, 15),
(588, 'NOR', 12, 13, 3, 29, 15),
(589, 'NOR', 13, 14, 4, 29, 15),
(590, 'NOR', 14, 15, 3, 29, 15),
(591, 'NOR', 15, 16, 2, 29, 15),
(592, 'NOR', 16, 17, 1, 29, 15),
(593, 'NOR', 17, 17, 24, 29, 15),
(594, 'NOR', 18, 27, 56, 29, 17),
(595, 'NOR', 19, 26, 55, 29, 17),
(596, 'NOR', 20, 25, 54, 29, 17),
(597, 'NOR', 21, 24, 53, 29, 17),
(598, 'NOR', 22, 23, 52, 29, 17),
(599, 'NOR', 23, 22, 51, 29, 17),
(600, 'NOR', 24, 21, 50, 29, 17),
(601, 'NOR', 25, 22, 49, 29, 17),
(602, 'NOR', 26, 22, 48, 29, 17),
(603, 'NOR', 27, 22, 47, 29, 17),
(604, 'NOR', 1, 2, 5, 30, 15),
(605, 'NOR', 2, 3, 4, 30, 15),
(606, 'NOR', 3, 4, 5, 30, 15),
(607, 'NOR', 4, 5, 4, 30, 15),
(608, 'NOR', 5, 6, 3, 30, 15),
(609, 'NOR', 6, 7, 3, 30, 15),
(610, 'NOR', 7, 8, 3, 30, 15),
(611, 'NOR', 8, 9, 4, 30, 15),
(612, 'NOR', 9, 10, 3, 30, 15),
(613, 'NOR', 10, 11, 4, 30, 15),
(614, 'NOR', 11, 12, 4, 30, 15),
(615, 'NOR', 12, 13, 3, 30, 15),
(616, 'NOR', 13, 14, 4, 30, 15),
(617, 'NOR', 14, 15, 3, 30, 15),
(618, 'NOR', 15, 16, 2, 30, 15),
(619, 'NOR', 16, 17, 1, 30, 15),
(620, 'NOR', 17, 17, 24, 30, 15),
(621, 'NOR', 18, 27, 56, 30, 17),
(622, 'NOR', 19, 26, 57, 30, 17),
(623, 'NOR', 20, 26, 58, 30, 17),
(624, 'NOR', 21, 25, 59, 30, 17),
(625, 'NOR', 22, 24, 60, 30, 17),
(626, 'NOR', 23, 23, 61, 30, 17),
(627, 'NOR', 24, 22, 62, 30, 17),
(628, 'NOR', 25, 22, 63, 30, 17),
(629, 'NOR', 26, 21, 64, 30, 17),
(630, 'NOR', 27, 22, 65, 30, 17),
(631, 'NOR', 1, 2, 22, 31, 15),
(632, 'NOR', 2, 3, 22, 31, 15),
(633, 'NOR', 3, 4, 22, 31, 15),
(634, 'NOR', 4, 5, 22, 31, 15),
(635, 'NOR', 5, 6, 21, 31, 15),
(636, 'NOR', 6, 7, 21, 31, 15),
(637, 'NOR', 7, 8, 21, 31, 15),
(638, 'NOR', 8, 9, 21, 31, 15),
(639, 'NOR', 9, 10, 22, 31, 15),
(640, 'NOR', 10, 11, 21, 31, 15),
(641, 'NOR', 11, 12, 21, 31, 15),
(642, 'NOR', 12, 13, 22, 31, 15),
(643, 'NOR', 13, 14, 22, 31, 15),
(644, 'NOR', 14, 15, 22, 31, 15),
(645, 'NOR', 15, 16, 23, 31, 15),
(646, 'NOR', 16, 17, 24, 31, 15),
(647, 'NOR', 17, 17, 1, 31, 15),
(648, 'NOR', 18, 16, 2, 31, 15),
(649, 'NOR', 19, 15, 3, 31, 15),
(650, 'NOR', 20, 15, 4, 31, 15),
(651, 'NOR', 1, 2, 22, 32, 15),
(652, 'NOR', 2, 3, 22, 32, 15),
(653, 'NOR', 3, 4, 22, 32, 15),
(654, 'NOR', 4, 5, 22, 32, 15),
(655, 'NOR', 5, 6, 21, 32, 15),
(656, 'NOR', 6, 7, 21, 32, 15),
(657, 'NOR', 7, 8, 21, 32, 15),
(658, 'NOR', 8, 9, 21, 32, 15),
(659, 'NOR', 9, 10, 22, 32, 15),
(660, 'NOR', 10, 11, 21, 32, 15),
(661, 'NOR', 11, 12, 21, 32, 15),
(662, 'NOR', 12, 13, 22, 32, 15),
(663, 'NOR', 13, 14, 22, 32, 15),
(664, 'NOR', 14, 15, 21, 32, 15),
(665, 'NOR', 1, 2, 20, 33, 15),
(666, 'NOR', 2, 2, 19, 33, 15),
(667, 'NOR', 3, 3, 18, 33, 15),
(668, 'NOR', 4, 3, 17, 33, 15),
(669, 'NOR', 5, 3, 16, 33, 15),
(670, 'NOR', 6, 4, 15, 33, 15),
(671, 'NOR', 7, 4, 14, 33, 15),
(672, 'NOR', 8, 5, 13, 33, 15),
(673, 'NOR', 9, 6, 12, 33, 15),
(674, 'NOR', 10, 7, 13, 33, 15),
(675, 'NOR', 11, 8, 12, 33, 15),
(676, 'NOR', 12, 9, 13, 33, 15),
(677, 'NOR', 13, 10, 13, 33, 15),
(678, 'NOR', 1, 2, 20, 34, 15),
(679, 'NOR', 2, 2, 19, 34, 15),
(680, 'NOR', 3, 3, 18, 34, 15),
(681, 'NOR', 4, 3, 17, 34, 15),
(682, 'NOR', 5, 3, 16, 34, 15),
(683, 'NOR', 6, 4, 15, 34, 15),
(684, 'NOR', 7, 4, 14, 34, 15),
(685, 'NOR', 8, 5, 13, 34, 15),
(686, 'NOR', 9, 4, 12, 34, 15),
(687, 'NOR', 10, 4, 11, 34, 15),
(688, 'NOR', 11, 4, 10, 34, 15),
(689, 'NOR', 12, 3, 9, 34, 15),
(690, 'NOR', 13, 3, 8, 34, 15),
(691, 'NOR', 14, 4, 7, 34, 15),
(692, 'NOR', 15, 3, 6, 34, 15),
(693, 'NOR', 16, 2, 5, 34, 15),
(694, 'NOR', 17, 1, 4, 34, 15),
(695, 'NOR', 1, 2, 22, 35, 15),
(696, 'NOR', 2, 3, 22, 35, 15),
(697, 'NOR', 3, 4, 22, 35, 15),
(698, 'NOR', 4, 5, 22, 35, 15),
(699, 'NOR', 5, 6, 21, 35, 15),
(700, 'NOR', 6, 7, 21, 35, 15),
(701, 'NOR', 7, 8, 21, 35, 15),
(702, 'NOR', 8, 9, 21, 35, 15),
(703, 'NOR', 9, 10, 22, 35, 15),
(704, 'NOR', 10, 11, 21, 35, 15),
(705, 'NOR', 11, 12, 21, 35, 15),
(706, 'NOR', 12, 13, 22, 35, 15),
(707, 'NOR', 13, 14, 22, 35, 15),
(708, 'NOR', 14, 15, 22, 35, 15),
(709, 'NOR', 15, 16, 23, 35, 15),
(710, 'NOR', 16, 17, 24, 35, 15),
(711, 'NOR', 17, 27, 56, 35, 17),
(712, 'NOR', 18, 28, 57, 35, 17),
(713, 'NOR', 19, 27, 58, 35, 17),
(714, 'NOR', 1, 2, 22, 36, 15),
(715, 'NOR', 2, 3, 22, 36, 15),
(716, 'NOR', 3, 4, 22, 36, 15),
(717, 'NOR', 4, 5, 22, 36, 15),
(718, 'NOR', 5, 6, 21, 36, 15),
(719, 'NOR', 6, 7, 21, 36, 15),
(720, 'NOR', 7, 8, 21, 36, 15),
(721, 'NOR', 8, 9, 21, 36, 15),
(722, 'NOR', 9, 10, 22, 36, 15),
(723, 'NOR', 10, 11, 21, 36, 15),
(724, 'NOR', 11, 12, 21, 36, 15),
(725, 'NOR', 12, 13, 22, 36, 15),
(726, 'NOR', 13, 14, 22, 36, 15),
(727, 'NOR', 14, 15, 22, 36, 15),
(728, 'NOR', 15, 16, 23, 36, 15),
(729, 'NOR', 16, 17, 24, 36, 15),
(730, 'NOR', 17, 27, 56, 36, 17),
(731, 'NOR', 18, 26, 55, 36, 17),
(732, 'NOR', 19, 25, 54, 36, 17),
(733, 'NOR', 20, 24, 53, 36, 17),
(734, 'NOR', 21, 23, 52, 36, 17),
(735, 'NOR', 22, 22, 51, 36, 17),
(736, 'NOR', 23, 21, 50, 36, 17),
(737, 'NOR', 24, 22, 49, 36, 17),
(738, 'NOR', 25, 22, 48, 36, 17),
(739, 'NOR', 26, 22, 47, 36, 17),
(740, 'NOR', 1, 2, 22, 37, 15),
(741, 'NOR', 2, 3, 22, 37, 15),
(742, 'NOR', 3, 4, 22, 37, 15),
(743, 'NOR', 4, 5, 22, 37, 15),
(744, 'NOR', 5, 6, 21, 37, 15),
(745, 'NOR', 6, 7, 21, 37, 15),
(746, 'NOR', 7, 8, 21, 37, 15),
(747, 'NOR', 8, 9, 21, 37, 15),
(748, 'NOR', 9, 10, 22, 37, 15),
(749, 'NOR', 10, 11, 21, 37, 15),
(750, 'NOR', 11, 12, 21, 37, 15),
(751, 'NOR', 12, 13, 22, 37, 15),
(752, 'NOR', 13, 14, 22, 37, 15),
(753, 'NOR', 14, 15, 22, 37, 15),
(754, 'NOR', 15, 16, 23, 37, 15),
(755, 'NOR', 16, 17, 24, 37, 15),
(756, 'NOR', 17, 27, 56, 37, 17),
(757, 'NOR', 18, 26, 57, 37, 17),
(758, 'NOR', 19, 26, 58, 37, 17),
(759, 'NOR', 20, 25, 59, 37, 17),
(760, 'NOR', 21, 24, 60, 37, 17),
(761, 'NOR', 22, 23, 61, 37, 17),
(762, 'NOR', 23, 22, 62, 37, 17),
(763, 'NOR', 24, 22, 63, 37, 17),
(764, 'NOR', 25, 21, 64, 37, 17),
(765, 'NOR', 26, 22, 65, 37, 17),
(766, 'NOR', 1, 48, 86, 38, 17),
(767, 'NOR', 2, 47, 87, 38, 17),
(768, 'NOR', 3, 46, 88, 38, 17),
(769, 'NOR', 4, 45, 88, 38, 17),
(770, 'NOR', 5, 44, 88, 38, 17),
(771, 'NOR', 6, 43, 87, 38, 17),
(772, 'NOR', 7, 42, 87, 38, 17),
(773, 'NOR', 8, 41, 88, 38, 17),
(774, 'NOR', 9, 40, 89, 38, 17),
(775, 'NOR', 10, 40, 90, 38, 17),
(776, 'NOR', 11, 39, 91, 38, 17),
(777, 'NOR', 12, 39, 92, 38, 17),
(778, 'NOR', 13, 38, 93, 38, 17),
(779, 'NOR', 14, 37, 94, 38, 17),
(780, 'NOR', 15, 36, 95, 38, 17),
(781, 'NOR', 16, 35, 96, 38, 17),
(782, 'NOR', 17, 34, 96, 38, 17),
(783, 'NOR', 18, 33, 97, 38, 17),
(784, 'NOR', 19, 32, 97, 38, 17),
(785, 'NOR', 20, 31, 96, 38, 17),
(786, 'NOR', 21, 30, 95, 38, 17),
(787, 'NOR', 22, 29, 94, 38, 17),
(788, 'NOR', 1, 48, 86, 39, 17),
(789, 'NOR', 2, 47, 87, 39, 17),
(790, 'NOR', 3, 46, 88, 39, 17),
(791, 'NOR', 4, 45, 88, 39, 17),
(792, 'NOR', 5, 44, 88, 39, 17),
(793, 'NOR', 6, 43, 87, 39, 17),
(794, 'NOR', 7, 42, 87, 39, 17),
(795, 'NOR', 8, 41, 87, 39, 17),
(796, 'NOR', 9, 40, 86, 39, 17),
(797, 'NOR', 10, 39, 85, 39, 17),
(798, 'NOR', 11, 38, 86, 39, 17),
(799, 'NOR', 12, 37, 85, 39, 17),
(800, 'NOR', 13, 36, 85, 39, 17),
(801, 'NOR', 14, 35, 85, 39, 17),
(802, 'NOR', 15, 34, 86, 39, 17),
(803, 'NOR', 16, 33, 87, 39, 17),
(804, 'NOR', 17, 32, 86, 39, 17),
(805, 'NOR', 18, 31, 85, 39, 17),
(806, 'NOR', 19, 30, 85, 39, 17),
(807, 'NOR', 20, 29, 84, 39, 17),
(808, 'NOR', 21, 28, 83, 39, 17),
(809, 'NOR', 22, 27, 82, 39, 17),
(810, 'NOR', 23, 26, 82, 39, 17),
(811, 'NOR', 24, 25, 81, 39, 17),
(812, 'NOR', 25, 24, 80, 39, 17),
(813, 'NOR', 1, 49, 30, 40, 17),
(814, 'NOR', 2, 50, 31, 40, 17),
(815, 'NOR', 3, 49, 32, 40, 17),
(816, 'NOR', 4, 49, 33, 40, 17),
(817, 'NOR', 5, 48, 34, 40, 17),
(818, 'NOR', 6, 47, 35, 40, 17),
(819, 'NOR', 7, 46, 36, 40, 17),
(820, 'NOR', 8, 45, 37, 40, 17),
(821, 'NOR', 9, 44, 37, 40, 17),
(822, 'NOR', 10, 43, 37, 40, 17),
(823, 'NOR', 11, 42, 38, 40, 17),
(824, 'NOR', 12, 41, 37, 40, 17),
(825, 'NOR', 13, 40, 36, 40, 17),
(826, 'NOR', 14, 39, 37, 40, 17),
(827, 'NOR', 15, 38, 38, 40, 17),
(828, 'NOR', 16, 37, 39, 40, 17),
(829, 'NOR', 17, 36, 38, 40, 17),
(830, 'NOR', 18, 35, 38, 40, 17),
(831, 'NOR', 19, 34, 38, 40, 17),
(832, 'NOR', 20, 33, 37, 40, 17),
(833, 'NOR', 1, 47, 56, 41, 17),
(834, 'NOR', 2, 46, 56, 41, 17),
(835, 'NOR', 3, 45, 56, 41, 17),
(836, 'NOR', 4, 44, 57, 41, 17),
(837, 'NOR', 5, 43, 56, 41, 17),
(838, 'NOR', 6, 42, 57, 41, 17),
(839, 'NOR', 7, 41, 57, 41, 17),
(840, 'NOR', 8, 40, 57, 41, 17),
(841, 'NOR', 9, 39, 58, 41, 17),
(842, 'NOR', 10, 38, 57, 41, 17),
(843, 'NOR', 11, 37, 57, 41, 17),
(844, 'NOR', 12, 36, 57, 41, 17),
(845, 'NOR', 13, 35, 57, 41, 17),
(846, 'NOR', 14, 34, 57, 41, 17),
(847, 'NOR', 15, 33, 56, 41, 17),
(848, 'NOR', 16, 32, 57, 41, 17),
(849, 'NOR', 17, 31, 57, 41, 17),
(850, 'NOR', 18, 30, 57, 41, 17),
(851, 'NOR', 19, 29, 57, 41, 17),
(852, 'NOR', 20, 28, 58, 41, 17),
(853, 'NOR', 21, 27, 58, 41, 17),
(854, 'NOR', 1, 41, 15, 42, 17),
(855, 'NOR', 2, 40, 14, 42, 17),
(856, 'NOR', 3, 39, 13, 42, 17),
(857, 'NOR', 4, 38, 14, 42, 17),
(858, 'NOR', 5, 37, 14, 42, 17),
(859, 'NOR', 6, 36, 14, 42, 17),
(860, 'NOR', 7, 35, 14, 42, 17),
(861, 'NOR', 8, 34, 14, 42, 17),
(862, 'NOR', 9, 33, 13, 42, 17),
(863, 'NOR', 10, 32, 12, 42, 17),
(864, 'NOR', 11, 31, 12, 42, 17),
(865, 'NOR', 12, 30, 13, 42, 17),
(866, 'NOR', 13, 29, 12, 42, 17),
(867, 'NOR', 14, 28, 11, 42, 17),
(868, 'NOR', 15, 27, 11, 42, 17),
(869, 'NOR', 16, 26, 11, 42, 17),
(870, 'NOR', 17, 25, 12, 42, 17),
(871, 'NOR', 18, 24, 13, 42, 17),
(872, 'NOR', 19, 25, 14, 42, 17),
(873, 'NOR', 1, 41, 15, 43, 17),
(874, 'NOR', 2, 40, 14, 43, 17),
(875, 'NOR', 3, 39, 13, 43, 17),
(876, 'NOR', 4, 38, 14, 43, 17),
(877, 'NOR', 5, 37, 14, 43, 17),
(878, 'NOR', 6, 36, 14, 43, 17),
(879, 'NOR', 7, 35, 14, 43, 17),
(880, 'NOR', 8, 34, 14, 43, 17),
(881, 'NOR', 9, 33, 13, 43, 17),
(882, 'NOR', 10, 32, 12, 43, 17),
(883, 'NOR', 11, 31, 12, 43, 17),
(884, 'NOR', 12, 30, 13, 43, 17),
(885, 'NOR', 13, 29, 12, 43, 17),
(886, 'NOR', 14, 28, 11, 43, 17),
(887, 'NOR', 15, 27, 11, 43, 17),
(888, 'NOR', 16, 26, 11, 43, 17),
(889, 'NOR', 17, 25, 12, 43, 17),
(890, 'NOR', 18, 24, 13, 43, 17),
(891, 'NOR', 19, 23, 14, 43, 17),
(892, 'NOR', 20, 23, 15, 43, 17),
(893, 'NOR', 21, 24, 16, 43, 17),
(894, 'NOR', 22, 24, 17, 43, 17),
(895, 'NOR', 23, 24, 18, 43, 17),
(896, 'NOR', 24, 24, 19, 43, 17),
(897, 'NOR', 25, 25, 20, 43, 17),
(898, 'NOR', 26, 24, 21, 43, 17),
(899, 'NOR', 27, 24, 22, 43, 17),
(900, 'NOR', 28, 24, 23, 43, 17),
(901, 'NOR', 29, 23, 24, 43, 17),
(902, 'NOR', 30, 23, 25, 43, 17),
(903, 'NOR', 31, 23, 26, 43, 17),
(904, 'NOR', 32, 22, 27, 43, 17),
(905, 'NOR', 33, 21, 28, 43, 17),
(906, 'NOR', 34, 22, 29, 43, 17),
(907, 'NOR', 35, 21, 30, 43, 17),
(908, 'NOR', 36, 22, 31, 43, 17),
(909, 'NOR', 37, 23, 32, 43, 17),
(910, 'NOR', 1, 34, 38, 44, 17),
(911, 'NOR', 2, 35, 38, 44, 17),
(912, 'NOR', 3, 36, 38, 44, 17),
(913, 'NOR', 4, 37, 39, 44, 17),
(914, 'NOR', 5, 38, 38, 44, 17),
(915, 'NOR', 6, 39, 37, 44, 17),
(916, 'NOR', 7, 40, 38, 44, 17),
(917, 'NOR', 8, 41, 39, 44, 17),
(918, 'NOR', 9, 42, 38, 44, 17),
(919, 'NOR', 10, 43, 37, 44, 17),
(920, 'NOR', 11, 44, 37, 44, 17),
(921, 'NOR', 12, 45, 37, 44, 17),
(922, 'NOR', 13, 46, 36, 44, 17),
(923, 'NOR', 14, 47, 35, 44, 17),
(924, 'NOR', 15, 48, 34, 44, 17),
(925, 'NOR', 16, 49, 33, 44, 17),
(926, 'NOR', 17, 49, 32, 44, 17),
(927, 'NOR', 18, 50, 31, 44, 17),
(928, 'NOR', 19, 49, 30, 44, 17),
(929, 'NOR', 20, 48, 29, 44, 17),
(930, 'NOR', 1, 34, 38, 45, 17),
(931, 'NOR', 2, 35, 38, 45, 17),
(932, 'NOR', 3, 36, 38, 45, 17),
(933, 'NOR', 4, 37, 39, 45, 17),
(934, 'NOR', 5, 38, 38, 45, 17),
(935, 'NOR', 6, 39, 37, 45, 17),
(936, 'NOR', 7, 40, 38, 45, 17),
(937, 'NOR', 8, 41, 39, 45, 17),
(938, 'NOR', 9, 42, 38, 45, 17),
(939, 'NOR', 10, 43, 37, 45, 17),
(940, 'NOR', 11, 44, 37, 45, 17),
(941, 'NOR', 12, 45, 37, 45, 17),
(942, 'NOR', 13, 46, 38, 45, 17),
(943, 'NOR', 14, 47, 39, 45, 17),
(944, 'NOR', 15, 48, 40, 45, 17),
(945, 'NOR', 16, 47, 41, 45, 17),
(946, 'NOR', 17, 47, 42, 45, 17),
(947, 'NOR', 18, 48, 43, 45, 17),
(948, 'NOR', 19, 49, 44, 45, 17),
(949, 'NOR', 20, 48, 45, 45, 17),
(950, 'NOR', 21, 49, 46, 45, 17),
(951, 'NOR', 22, 48, 47, 45, 17),
(952, 'NOR', 23, 49, 48, 45, 17),
(953, 'NOR', 24, 49, 49, 45, 17),
(954, 'NOR', 25, 49, 50, 45, 17),
(955, 'NOR', 26, 48, 51, 45, 17),
(956, 'NOR', 27, 48, 52, 45, 17),
(957, 'NOR', 28, 48, 53, 45, 17),
(958, 'NOR', 29, 47, 54, 45, 17),
(959, 'NOR', 30, 48, 55, 45, 17),
(960, 'NOR', 1, 30, 95, 46, 17),
(961, 'NOR', 2, 31, 96, 46, 17),
(962, 'NOR', 3, 32, 96, 46, 17),
(963, 'NOR', 4, 33, 95, 46, 17),
(964, 'NOR', 5, 34, 96, 46, 17),
(965, 'NOR', 6, 35, 95, 46, 17),
(966, 'NOR', 7, 36, 94, 46, 17),
(967, 'NOR', 8, 37, 94, 46, 17),
(968, 'NOR', 9, 38, 93, 46, 17),
(969, 'NOR', 10, 39, 92, 46, 17),
(970, 'NOR', 11, 39, 91, 46, 17),
(971, 'NOR', 12, 40, 90, 46, 17),
(972, 'NOR', 13, 40, 89, 46, 17),
(973, 'NOR', 14, 41, 88, 46, 17),
(974, 'NOR', 15, 42, 87, 46, 17),
(975, 'NOR', 16, 43, 87, 46, 17),
(976, 'NOR', 17, 44, 88, 46, 17),
(977, 'NOR', 18, 45, 88, 46, 17),
(978, 'NOR', 19, 46, 87, 46, 17),
(979, 'NOR', 20, 47, 86, 46, 17),
(980, 'NOR', 21, 48, 85, 46, 17),
(981, 'NOR', 22, 49, 85, 46, 17),
(982, 'NOR', 1, 28, 93, 47, 17),
(983, 'NOR', 2, 27, 92, 47, 17),
(984, 'NOR', 3, 26, 93, 47, 17),
(985, 'NOR', 4, 25, 92, 47, 17),
(986, 'NOR', 5, 24, 92, 47, 17),
(987, 'NOR', 6, 23, 93, 47, 17),
(988, 'NOR', 7, 22, 94, 47, 17),
(989, 'NOR', 8, 21, 95, 47, 17),
(990, 'NOR', 9, 20, 96, 47, 17),
(991, 'NOR', 10, 19, 97, 47, 17),
(992, 'NOR', 11, 18, 98, 47, 17),
(993, 'NOR', 12, 17, 99, 47, 17),
(994, 'NOR', 13, 16, 99, 47, 17),
(995, 'NOR', 14, 15, 98, 47, 17),
(996, 'NOR', 15, 14, 97, 47, 17),
(997, 'NOR', 16, 24, 82, 47, 17),
(998, 'NOR', 17, 24, 81, 47, 17),
(999, 'NOR', 18, 24, 80, 47, 17),
(1000, 'NOR', 1, 26, 57, 48, 17),
(1001, 'NOR', 2, 25, 56, 48, 17),
(1002, 'NOR', 3, 24, 55, 48, 17),
(1003, 'NOR', 4, 23, 54, 48, 17),
(1004, 'NOR', 5, 23, 53, 48, 17),
(1005, 'NOR', 6, 23, 52, 48, 17),
(1006, 'NOR', 7, 22, 51, 48, 17),
(1007, 'NOR', 8, 21, 50, 48, 17),
(1008, 'NOR', 9, 22, 49, 48, 17),
(1009, 'NOR', 10, 22, 48, 48, 17),
(1010, 'NOR', 11, 22, 47, 48, 17),
(1011, 'NOR', 1, 26, 59, 49, 17),
(1012, 'NOR', 2, 25, 60, 49, 17),
(1013, 'NOR', 3, 24, 61, 49, 17),
(1014, 'NOR', 4, 23, 62, 49, 17),
(1015, 'NOR', 5, 22, 63, 49, 17),
(1016, 'NOR', 6, 21, 64, 49, 17),
(1017, 'NOR', 7, 22, 65, 49, 17),
(1018, 'NOR', 1, 26, 57, 50, 17),
(1019, 'NOR', 2, 25, 56, 50, 17),
(1020, 'NOR', 3, 24, 55, 50, 17),
(1021, 'NOR', 4, 23, 54, 50, 17),
(1022, 'NOR', 5, 23, 53, 50, 17),
(1023, 'NOR', 6, 23, 52, 50, 17),
(1024, 'NOR', 7, 22, 51, 50, 17),
(1025, 'NOR', 8, 21, 50, 50, 17),
(1026, 'NOR', 9, 21, 49, 50, 17),
(1027, 'NOR', 10, 20, 48, 50, 17),
(1028, 'NOR', 11, 19, 47, 50, 17),
(1029, 'NOR', 12, 18, 46, 50, 17),
(1030, 'NOR', 13, 17, 45, 50, 17),
(1031, 'NOR', 14, 16, 44, 50, 17),
(1032, 'NOR', 15, 15, 43, 50, 17),
(1033, 'NOR', 16, 14, 42, 50, 17),
(1034, 'NOR', 17, 13, 41, 50, 17),
(1035, 'NOR', 18, 14, 40, 50, 17),
(1036, 'NOR', 1, 24, 13, 51, 17),
(1037, 'NOR', 2, 25, 12, 51, 17),
(1038, 'NOR', 3, 26, 11, 51, 17),
(1039, 'NOR', 4, 27, 11, 51, 17),
(1040, 'NOR', 5, 28, 12, 51, 17),
(1041, 'NOR', 6, 29, 13, 51, 17),
(1042, 'NOR', 7, 30, 14, 51, 17),
(1043, 'NOR', 8, 31, 15, 51, 17),
(1044, 'NOR', 9, 32, 14, 51, 17),
(1045, 'NOR', 10, 33, 14, 51, 17),
(1046, 'NOR', 11, 34, 15, 51, 17),
(1047, 'NOR', 12, 35, 14, 51, 17),
(1048, 'NOR', 13, 36, 13, 51, 17),
(1049, 'NOR', 14, 37, 14, 51, 17),
(1050, 'NOR', 15, 38, 14, 51, 17),
(1051, 'NOR', 16, 39, 13, 51, 17),
(1052, 'NOR', 17, 40, 14, 51, 17),
(1053, 'NOR', 18, 41, 13, 51, 17),
(1054, 'NOR', 19, 42, 14, 51, 17),
(1055, 'NOR', 1, 25, 15, 52, 17),
(1056, 'NOR', 2, 24, 16, 52, 17),
(1057, 'NOR', 3, 24, 17, 52, 17),
(1058, 'NOR', 4, 24, 18, 52, 17),
(1059, 'NOR', 5, 24, 19, 52, 17),
(1060, 'NOR', 6, 25, 20, 52, 17),
(1061, 'NOR', 7, 24, 21, 52, 17),
(1062, 'NOR', 8, 24, 22, 52, 17),
(1063, 'NOR', 9, 24, 23, 52, 17),
(1064, 'NOR', 10, 23, 24, 52, 17),
(1065, 'NOR', 11, 23, 25, 52, 17),
(1066, 'NOR', 12, 23, 26, 52, 17),
(1067, 'NOR', 13, 22, 27, 52, 17),
(1068, 'NOR', 14, 21, 28, 52, 17),
(1069, 'NOR', 15, 22, 29, 52, 17),
(1070, 'NOR', 16, 21, 30, 52, 17),
(1071, 'NOR', 17, 22, 31, 52, 17),
(1072, 'NOR', 18, 23, 32, 52, 17),
(1073, 'NOR', 1, 24, 14, 53, 17),
(1074, 'NOR', 2, 23, 15, 53, 17),
(1075, 'NOR', 3, 22, 16, 53, 17),
(1076, 'NOR', 4, 21, 17, 53, 17),
(1077, 'NOR', 5, 20, 16, 53, 17),
(1078, 'NOR', 6, 19, 15, 53, 17),
(1079, 'NOR', 7, 18, 15, 53, 17),
(1080, 'NOR', 8, 17, 15, 53, 17),
(1081, 'NOR', 9, 16, 14, 53, 17),
(1082, 'NOR', 10, 15, 13, 53, 17),
(1083, 'NOR', 11, 14, 12, 53, 17),
(1084, 'NOR', 12, 13, 11, 53, 17),
(1085, 'NOR', 13, 14, 10, 53, 17),
(1086, 'NOR', 14, 14, 9, 53, 17),
(1087, 'NOR', 15, 13, 8, 53, 17),
(1088, 'NOR', 16, 13, 7, 53, 17),
(1089, 'NOR', 17, 12, 6, 53, 17),
(1090, 'NOR', 18, 11, 5, 53, 17),
(1091, 'NOR', 19, 11, 4, 53, 17),
(1092, 'NOR', 20, 10, 3, 53, 17),
(1093, 'NOR', 21, 10, 2, 53, 17),
(1094, 'NOR', 22, 9, 1, 53, 17),
(1095, 'NOR', 23, 8, 2, 53, 17),
(1096, 'NOR', 24, 7, 3, 53, 17),
(1097, 'NOR', 25, 6, 3, 53, 17),
(1098, 'NOR', 26, 5, 4, 53, 17),
(1099, 'NOR', 27, 4, 5, 53, 17),
(1100, 'NOR', 1, 24, 81, 54, 17),
(1101, 'NOR', 2, 23, 82, 54, 17),
(1102, 'NOR', 3, 22, 83, 54, 17),
(1103, 'NOR', 4, 21, 84, 54, 17),
(1104, 'NOR', 5, 21, 85, 54, 17),
(1105, 'NOR', 6, 20, 86, 54, 17),
(1106, 'NOR', 7, 21, 87, 54, 17),
(1107, 'NOR', 8, 21, 88, 54, 17),
(1108, 'NOR', 9, 21, 89, 54, 17),
(1109, 'NOR', 10, 22, 90, 54, 17),
(1110, 'NOR', 11, 21, 91, 54, 17),
(1111, 'NOR', 12, 22, 92, 54, 17),
(1112, 'NOR', 13, 23, 93, 54, 17),
(1113, 'NOR', 14, 24, 93, 54, 17),
(1114, 'NOR', 15, 25, 94, 54, 17),
(1115, 'NOR', 16, 26, 93, 54, 17),
(1116, 'NOR', 17, 27, 92, 54, 17),
(1117, 'NOR', 18, 28, 93, 54, 17),
(1118, 'NOR', 19, 29, 94, 54, 17),
(1119, 'NOR', 1, 23, 79, 55, 17),
(1120, 'NOR', 2, 22, 78, 55, 17),
(1121, 'NOR', 3, 21, 77, 55, 17),
(1122, 'NOR', 4, 22, 76, 55, 17),
(1123, 'NOR', 5, 22, 75, 55, 17),
(1124, 'NOR', 6, 23, 74, 55, 17),
(1125, 'NOR', 7, 24, 73, 55, 17),
(1126, 'NOR', 8, 23, 72, 55, 17),
(1127, 'NOR', 9, 23, 71, 55, 17),
(1128, 'NOR', 10, 22, 70, 55, 17),
(1129, 'NOR', 11, 22, 69, 55, 17),
(1130, 'NOR', 12, 21, 68, 55, 17),
(1131, 'NOR', 13, 22, 67, 55, 17),
(1132, 'NOR', 14, 22, 66, 55, 17),
(1133, 'NOR', 15, 22, 65, 55, 17),
(1134, 'NOR', 1, 24, 33, 56, 17),
(1135, 'NOR', 2, 25, 32, 56, 17),
(1136, 'NOR', 3, 26, 32, 56, 17),
(1137, 'NOR', 4, 27, 32, 56, 17),
(1138, 'NOR', 5, 28, 32, 56, 17),
(1139, 'NOR', 6, 29, 32, 56, 17),
(1140, 'NOR', 7, 30, 33, 56, 17),
(1141, 'NOR', 8, 31, 33, 56, 17),
(1142, 'NOR', 9, 32, 33, 56, 17),
(1143, 'NOR', 10, 33, 32, 56, 17),
(1144, 'NOR', 11, 34, 32, 56, 17),
(1145, 'NOR', 12, 35, 33, 56, 17),
(1146, 'NOR', 13, 36, 32, 56, 17),
(1147, 'NOR', 14, 37, 33, 56, 17),
(1148, 'NOR', 15, 38, 33, 56, 17),
(1149, 'NOR', 16, 39, 33, 56, 17),
(1150, 'NOR', 17, 40, 32, 56, 17),
(1151, 'NOR', 18, 41, 33, 56, 17),
(1152, 'NOR', 19, 42, 33, 56, 17),
(1153, 'NOR', 20, 43, 33, 56, 17),
(1154, 'NOR', 21, 44, 33, 56, 17),
(1155, 'NOR', 22, 45, 32, 56, 17),
(1156, 'NOR', 23, 46, 31, 56, 17),
(1157, 'NOR', 24, 47, 30, 56, 17),
(1158, 'NOR', 25, 48, 29, 56, 17),
(1159, 'NOR', 1, 24, 33, 57, 17),
(1160, 'NOR', 2, 25, 34, 57, 17),
(1161, 'NOR', 3, 24, 35, 57, 17),
(1162, 'NOR', 4, 24, 36, 57, 17),
(1163, 'NOR', 5, 24, 37, 57, 17),
(1164, 'NOR', 6, 24, 38, 57, 17),
(1165, 'NOR', 7, 23, 39, 57, 17),
(1166, 'NOR', 8, 24, 40, 57, 17),
(1167, 'NOR', 9, 25, 41, 57, 17),
(1168, 'NOR', 10, 26, 42, 57, 17),
(1169, 'NOR', 11, 27, 43, 57, 17),
(1170, 'NOR', 12, 27, 44, 57, 17),
(1171, 'NOR', 13, 27, 45, 57, 17),
(1172, 'NOR', 14, 27, 46, 57, 17),
(1173, 'NOR', 15, 26, 47, 57, 17),
(1174, 'NOR', 16, 26, 48, 57, 17),
(1175, 'NOR', 17, 26, 49, 57, 17),
(1176, 'NOR', 18, 26, 50, 57, 17),
(1177, 'NOR', 19, 26, 51, 57, 17),
(1178, 'NOR', 20, 26, 52, 57, 17),
(1179, 'NOR', 21, 26, 53, 57, 17),
(1180, 'NOR', 22, 25, 54, 57, 17),
(1181, 'NOR', 23, 26, 55, 57, 17),
(1182, 'NOR', 24, 27, 56, 57, 17),
(1183, 'NOR', 25, 28, 57, 57, 17),
(1184, 'NOR', 26, 27, 58, 57, 17),
(1185, 'NOR', 1, 24, 31, 58, 17),
(1186, 'NOR', 2, 25, 30, 58, 17),
(1187, 'NOR', 3, 24, 29, 58, 17),
(1188, 'NOR', 4, 24, 28, 58, 17),
(1189, 'NOR', 5, 23, 27, 58, 17),
(1190, 'NOR', 6, 24, 26, 58, 17),
(1191, 'NOR', 7, 23, 25, 58, 17),
(1192, 'NOR', 8, 23, 24, 58, 17),
(1193, 'NOR', 9, 24, 23, 58, 17),
(1194, 'NOR', 10, 24, 22, 58, 17),
(1195, 'NOR', 11, 24, 21, 58, 17),
(1196, 'NOR', 12, 25, 20, 58, 17),
(1197, 'NOR', 13, 24, 19, 58, 17),
(1198, 'NOR', 14, 24, 18, 58, 17),
(1199, 'NOR', 15, 24, 17, 58, 17),
(1200, 'NOR', 16, 25, 16, 58, 17),
(1201, 'NOR', 17, 26, 15, 58, 17),
(1202, 'NOR', 18, 25, 14, 58, 17),
(1203, 'NOR', 1, 24, 33, 59, 17),
(1204, 'NOR', 2, 25, 34, 59, 17),
(1205, 'NOR', 3, 24, 35, 59, 17),
(1206, 'NOR', 4, 24, 36, 59, 17),
(1207, 'NOR', 5, 24, 37, 59, 17),
(1208, 'NOR', 6, 24, 38, 59, 17),
(1209, 'NOR', 7, 23, 39, 59, 17),
(1210, 'NOR', 8, 22, 40, 59, 17),
(1211, 'NOR', 9, 23, 41, 59, 17),
(1212, 'NOR', 10, 23, 42, 59, 17),
(1213, 'NOR', 11, 22, 43, 59, 17),
(1214, 'NOR', 12, 21, 44, 59, 17),
(1215, 'NOR', 13, 22, 45, 59, 17),
(1216, 'NOR', 14, 22, 46, 59, 17),
(1217, 'NOR', 15, 22, 47, 59, 17),
(1218, 'NOR', 1, 24, 33, 60, 17),
(1219, 'NOR', 2, 25, 34, 60, 17),
(1220, 'NOR', 3, 24, 35, 60, 17),
(1221, 'NOR', 4, 24, 36, 60, 17),
(1222, 'NOR', 5, 24, 37, 60, 17),
(1223, 'NOR', 6, 24, 38, 60, 17),
(1224, 'NOR', 7, 23, 39, 60, 17),
(1225, 'NOR', 8, 22, 40, 60, 17),
(1226, 'NOR', 9, 23, 41, 60, 17),
(1227, 'NOR', 10, 23, 42, 60, 17),
(1228, 'NOR', 11, 22, 43, 60, 17),
(1229, 'NOR', 12, 21, 44, 60, 17),
(1230, 'NOR', 13, 22, 45, 60, 17),
(1231, 'NOR', 14, 22, 46, 60, 17),
(1232, 'NOR', 15, 21, 47, 60, 17),
(1233, 'NOR', 16, 20, 48, 60, 17),
(1234, 'NOR', 17, 19, 47, 60, 17),
(1235, 'NOR', 18, 18, 46, 60, 17),
(1236, 'NOR', 19, 17, 45, 60, 17),
(1237, 'NOR', 20, 16, 44, 60, 17),
(1238, 'NOR', 21, 15, 43, 60, 17),
(1239, 'NOR', 22, 14, 42, 60, 17),
(1240, 'NOR', 23, 13, 41, 60, 17),
(1241, 'NOR', 24, 14, 40, 60, 17),
(1242, 'NOR', 1, 23, 48, 61, 17),
(1243, 'NOR', 2, 24, 49, 61, 17),
(1244, 'NOR', 3, 25, 50, 61, 17),
(1245, 'NOR', 4, 26, 51, 61, 17),
(1246, 'NOR', 5, 26, 52, 61, 17),
(1247, 'NOR', 6, 26, 53, 61, 17),
(1248, 'NOR', 7, 25, 54, 61, 17),
(1249, 'NOR', 8, 26, 55, 61, 17),
(1250, 'NOR', 9, 27, 56, 61, 17),
(1251, 'NOR', 10, 28, 57, 61, 17),
(1252, 'NOR', 11, 27, 58, 61, 17),
(1253, 'NOR', 1, 22, 46, 62, 17),
(1254, 'NOR', 2, 22, 45, 62, 17),
(1255, 'NOR', 3, 21, 44, 62, 17),
(1256, 'NOR', 4, 22, 43, 62, 17),
(1257, 'NOR', 5, 22, 42, 62, 17),
(1258, 'NOR', 6, 21, 41, 62, 17),
(1259, 'NOR', 7, 22, 40, 62, 17),
(1260, 'NOR', 8, 23, 39, 62, 17),
(1261, 'NOR', 9, 24, 38, 62, 17),
(1262, 'NOR', 10, 24, 37, 62, 17),
(1263, 'NOR', 11, 23, 36, 62, 17),
(1264, 'NOR', 12, 22, 35, 62, 17),
(1265, 'NOR', 13, 21, 34, 62, 17),
(1266, 'NOR', 14, 22, 33, 62, 17),
(1267, 'NOR', 15, 23, 32, 62, 17),
(1268, 'NOR', 1, 22, 48, 63, 17),
(1269, 'NOR', 2, 23, 49, 63, 17),
(1270, 'NOR', 3, 24, 50, 63, 17),
(1271, 'NOR', 4, 23, 51, 63, 17),
(1272, 'NOR', 5, 23, 52, 63, 17),
(1273, 'NOR', 6, 23, 53, 63, 17),
(1274, 'NOR', 7, 23, 54, 63, 17),
(1275, 'NOR', 8, 23, 55, 63, 17),
(1276, 'NOR', 9, 23, 56, 63, 17),
(1277, 'NOR', 10, 22, 57, 63, 17),
(1278, 'NOR', 11, 21, 58, 63, 17),
(1279, 'NOR', 12, 22, 59, 63, 17),
(1280, 'NOR', 13, 22, 60, 63, 17),
(1281, 'NOR', 14, 23, 61, 63, 17),
(1282, 'NOR', 15, 22, 62, 63, 17),
(1283, 'NOR', 16, 22, 63, 63, 17),
(1284, 'NOR', 17, 21, 64, 63, 17),
(1285, 'NOR', 18, 22, 65, 63, 17),
(1286, 'NOR', 1, 21, 47, 64, 17),
(1287, 'NOR', 2, 20, 48, 64, 17),
(1288, 'NOR', 3, 19, 47, 64, 17),
(1289, 'NOR', 4, 18, 46, 64, 17),
(1290, 'NOR', 5, 17, 45, 64, 17),
(1291, 'NOR', 6, 16, 44, 64, 17),
(1292, 'NOR', 7, 15, 43, 64, 17),
(1293, 'NOR', 8, 14, 42, 64, 17),
(1294, 'NOR', 9, 13, 41, 64, 17),
(1295, 'NOR', 10, 14, 40, 64, 17),
(1296, 'NOR', 1, 23, 64, 65, 17),
(1297, 'NOR', 2, 24, 63, 65, 17),
(1298, 'NOR', 3, 25, 62, 65, 17),
(1299, 'NOR', 4, 26, 61, 65, 17),
(1300, 'NOR', 5, 26, 60, 65, 17),
(1301, 'NOR', 6, 27, 59, 65, 17),
(1302, 'NOR', 7, 27, 58, 65, 17),
(1303, 'NOR', 1, 23, 66, 66, 17),
(1304, 'NOR', 2, 24, 67, 66, 17),
(1305, 'NOR', 3, 25, 68, 66, 17),
(1306, 'NOR', 4, 26, 69, 66, 17),
(1307, 'NOR', 5, 26, 70, 66, 17),
(1308, 'NOR', 6, 25, 71, 66, 17),
(1309, 'NOR', 7, 25, 72, 66, 17),
(1310, 'NOR', 8, 24, 73, 66, 17),
(1311, 'NOR', 9, 25, 74, 66, 17),
(1312, 'NOR', 10, 25, 75, 66, 17),
(1313, 'NOR', 11, 24, 76, 66, 17),
(1314, 'NOR', 12, 25, 77, 66, 17),
(1315, 'NOR', 13, 24, 78, 66, 17),
(1316, 'NOR', 14, 25, 79, 66, 17),
(1317, 'NOR', 15, 24, 80, 66, 17),
(1318, 'NOR', 1, 23, 64, 67, 17),
(1319, 'NOR', 2, 24, 63, 67, 17),
(1320, 'NOR', 3, 25, 62, 67, 17),
(1321, 'NOR', 4, 26, 61, 67, 17),
(1322, 'NOR', 5, 26, 60, 67, 17),
(1323, 'NOR', 6, 25, 59, 67, 17),
(1324, 'NOR', 7, 24, 58, 67, 17),
(1325, 'NOR', 8, 23, 57, 67, 17),
(1326, 'NOR', 9, 24, 56, 67, 17),
(1327, 'NOR', 10, 23, 55, 67, 17),
(1328, 'NOR', 11, 23, 54, 67, 17),
(1329, 'NOR', 12, 23, 53, 67, 17),
(1330, 'NOR', 13, 23, 52, 67, 17),
(1331, 'NOR', 14, 22, 51, 67, 17),
(1332, 'NOR', 15, 21, 50, 67, 17),
(1333, 'NOR', 16, 22, 49, 67, 17),
(1334, 'NOR', 17, 22, 48, 67, 17),
(1335, 'NOR', 18, 22, 47, 67, 17),
(1336, 'NOR', 1, 21, 66, 68, 17),
(1337, 'NOR', 2, 20, 66, 68, 17),
(1338, 'NOR', 3, 19, 67, 68, 17),
(1339, 'NOR', 4, 18, 68, 68, 17),
(1340, 'NOR', 5, 17, 69, 68, 17),
(1341, 'NOR', 6, 16, 70, 68, 17),
(1342, 'NOR', 7, 15, 71, 68, 17),
(1343, 'NOR', 8, 14, 72, 68, 17),
(1344, 'NOR', 9, 13, 73, 68, 17),
(1345, 'NOR', 10, 13, 74, 68, 17),
(1346, 'NOR', 11, 13, 75, 68, 17),
(1347, 'NOR', 12, 14, 76, 68, 17),
(1348, 'NOR', 1, 15, 41, 69, 17),
(1349, 'NOR', 2, 16, 42, 69, 17),
(1350, 'NOR', 3, 16, 43, 69, 17),
(1351, 'NOR', 4, 17, 44, 69, 17),
(1352, 'NOR', 5, 18, 45, 69, 17),
(1353, 'NOR', 6, 19, 46, 69, 17),
(1354, 'NOR', 7, 19, 47, 69, 17),
(1355, 'NOR', 8, 20, 48, 69, 17),
(1356, 'NOR', 9, 21, 49, 69, 17),
(1357, 'NOR', 10, 22, 50, 69, 17),
(1358, 'NOR', 11, 23, 51, 69, 17),
(1359, 'NOR', 12, 24, 52, 69, 17),
(1360, 'NOR', 13, 25, 53, 69, 17),
(1361, 'NOR', 14, 25, 54, 69, 17),
(1362, 'NOR', 15, 26, 55, 69, 17),
(1363, 'NOR', 16, 27, 56, 69, 17),
(1364, 'NOR', 17, 28, 57, 69, 17),
(1365, 'NOR', 18, 27, 58, 69, 17),
(1366, 'NOR', 1, 15, 41, 70, 17),
(1367, 'NOR', 2, 16, 42, 70, 17),
(1368, 'NOR', 3, 16, 43, 70, 17),
(1369, 'NOR', 4, 17, 44, 70, 17),
(1370, 'NOR', 5, 18, 45, 70, 17),
(1371, 'NOR', 6, 19, 46, 70, 17),
(1372, 'NOR', 7, 19, 47, 70, 17),
(1373, 'NOR', 8, 20, 48, 70, 17),
(1374, 'NOR', 9, 21, 47, 70, 17),
(1375, 'NOR', 10, 22, 46, 70, 17),
(1376, 'NOR', 11, 22, 45, 70, 17),
(1377, 'NOR', 12, 21, 44, 70, 17),
(1378, 'NOR', 13, 22, 43, 70, 17),
(1379, 'NOR', 14, 22, 42, 70, 17),
(1380, 'NOR', 15, 21, 41, 70, 17),
(1381, 'NOR', 16, 22, 40, 70, 17),
(1382, 'NOR', 17, 23, 39, 70, 17),
(1383, 'NOR', 18, 24, 38, 70, 17),
(1384, 'NOR', 19, 24, 37, 70, 17),
(1385, 'NOR', 20, 23, 36, 70, 17),
(1386, 'NOR', 21, 22, 35, 70, 17),
(1387, 'NOR', 22, 21, 34, 70, 17),
(1388, 'NOR', 23, 22, 33, 70, 17),
(1389, 'NOR', 24, 23, 32, 70, 17),
(1390, 'NOR', 1, 15, 41, 71, 17),
(1391, 'NOR', 2, 16, 42, 71, 17),
(1392, 'NOR', 3, 16, 43, 71, 17),
(1393, 'NOR', 4, 17, 44, 71, 17),
(1394, 'NOR', 5, 18, 45, 71, 17),
(1395, 'NOR', 6, 19, 46, 71, 17),
(1396, 'NOR', 7, 19, 47, 71, 17),
(1397, 'NOR', 8, 20, 48, 71, 17),
(1398, 'NOR', 9, 21, 47, 71, 17),
(1399, 'NOR', 10, 22, 47, 71, 17),
(1400, 'NOR', 1, 15, 41, 72, 17),
(1401, 'NOR', 2, 16, 42, 72, 17),
(1402, 'NOR', 3, 16, 43, 72, 17),
(1403, 'NOR', 4, 17, 44, 72, 17),
(1404, 'NOR', 5, 18, 45, 72, 17),
(1405, 'NOR', 6, 19, 46, 72, 17),
(1406, 'NOR', 7, 19, 47, 72, 17),
(1407, 'NOR', 8, 20, 48, 72, 17),
(1408, 'NOR', 9, 21, 49, 72, 17),
(1409, 'NOR', 10, 22, 50, 72, 17),
(1410, 'NOR', 11, 23, 51, 72, 17),
(1411, 'NOR', 12, 23, 52, 72, 17),
(1412, 'NOR', 13, 23, 53, 72, 17),
(1413, 'NOR', 14, 23, 54, 72, 17),
(1414, 'NOR', 15, 23, 55, 72, 17),
(1415, 'NOR', 16, 23, 56, 72, 17),
(1416, 'NOR', 17, 22, 57, 72, 17),
(1417, 'NOR', 18, 21, 58, 72, 17),
(1418, 'NOR', 19, 22, 59, 72, 17),
(1419, 'NOR', 20, 22, 60, 72, 17),
(1420, 'NOR', 21, 23, 61, 72, 17),
(1421, 'NOR', 22, 22, 62, 72, 17),
(1422, 'NOR', 23, 22, 63, 72, 17),
(1423, 'NOR', 24, 21, 64, 72, 17),
(1424, 'NOR', 25, 22, 65, 72, 17),
(1425, 'NOR', 1, 15, 75, 73, 17),
(1426, 'NOR', 2, 16, 74, 73, 17),
(1427, 'NOR', 3, 17, 73, 73, 17),
(1428, 'NOR', 4, 18, 72, 73, 17),
(1429, 'NOR', 5, 19, 71, 73, 17),
(1430, 'NOR', 6, 18, 70, 73, 17),
(1431, 'NOR', 7, 19, 69, 73, 17),
(1432, 'NOR', 8, 19, 68, 73, 17),
(1433, 'NOR', 9, 19, 67, 73, 17),
(1434, 'NOR', 10, 20, 66, 73, 17),
(1435, 'NOR', 11, 21, 65, 73, 17),
(1436, 'NOR', 12, 22, 64, 73, 17),
(1437, 'NOR', 13, 23, 63, 73, 17),
(1438, 'NOR', 14, 24, 62, 73, 17),
(1439, 'NOR', 15, 25, 61, 73, 17),
(1440, 'NOR', 16, 26, 60, 73, 17),
(1441, 'NOR', 17, 27, 59, 73, 17),
(1442, 'NOR', 18, 27, 58, 73, 17),
(1443, 'NOR', 1, 15, 75, 74, 17),
(1444, 'NOR', 2, 16, 74, 74, 17),
(1445, 'NOR', 3, 17, 73, 74, 17),
(1446, 'NOR', 4, 18, 72, 74, 17),
(1447, 'NOR', 5, 19, 71, 74, 17),
(1448, 'NOR', 6, 18, 70, 74, 17),
(1449, 'NOR', 7, 19, 69, 74, 17),
(1450, 'NOR', 8, 19, 68, 74, 17),
(1451, 'NOR', 9, 19, 67, 74, 17),
(1452, 'NOR', 10, 20, 66, 74, 17),
(1453, 'NOR', 11, 21, 66, 74, 17),
(1454, 'NOR', 12, 22, 65, 74, 17),
(1455, 'NOR', 1, 5, 4, 75, 17),
(1456, 'NOR', 2, 6, 3, 75, 17),
(1457, 'NOR', 3, 7, 2, 75, 17),
(1458, 'NOR', 4, 8, 1, 75, 17),
(1459, 'NOR', 5, 9, 1, 75, 17),
(1460, 'NOR', 6, 10, 2, 75, 17),
(1461, 'NOR', 7, 11, 3, 75, 17),
(1462, 'NOR', 8, 12, 4, 75, 17),
(1463, 'NOR', 9, 13, 5, 75, 17),
(1464, 'NOR', 10, 14, 6, 75, 17),
(1465, 'NOR', 11, 15, 7, 75, 17),
(1466, 'NOR', 12, 16, 8, 75, 17),
(1467, 'NOR', 13, 16, 9, 75, 17),
(1468, 'NOR', 14, 15, 10, 75, 17),
(1469, 'NOR', 15, 16, 11, 75, 17),
(1470, 'NOR', 16, 15, 12, 75, 17),
(1471, 'NOR', 17, 16, 13, 75, 17),
(1472, 'NOR', 18, 16, 14, 75, 17),
(1473, 'NOR', 19, 17, 15, 75, 17),
(1474, 'NOR', 20, 18, 15, 75, 17),
(1475, 'NOR', 21, 19, 15, 75, 17),
(1476, 'NOR', 22, 20, 16, 75, 17),
(1477, 'NOR', 23, 21, 15, 75, 17),
(1478, 'NOR', 24, 22, 15, 75, 17),
(1479, 'NOR', 25, 23, 14, 75, 17),
(1480, 'NOR', 26, 24, 13, 75, 17),
(1481, 'NOR', 27, 25, 14, 75, 17);

-- --------------------------------------------------------

--
-- Table structure for table `south_migrationhistory`
--

DROP TABLE IF EXISTS `south_migrationhistory`;
CREATE TABLE IF NOT EXISTS `south_migrationhistory` (
  `id` int(11) NOT NULL AUTO_INCREMENT,
  `app_name` varchar(255) NOT NULL,
  `migration` varchar(255) NOT NULL,
  `applied` datetime NOT NULL,
  PRIMARY KEY (`id`)
) ENGINE=InnoDB  DEFAULT CHARSET=utf8 AUTO_INCREMENT=15 ;

--
-- Dumping data for table `south_migrationhistory`
--

INSERT INTO `south_migrationhistory` (`id`, `app_name`, `migration`, `applied`) VALUES
(1, 'map_editor', '0001_initial', '2013-05-21 16:31:42'),
(2, 'map_editor', '0002_auto__del_field_objectcategory_type__add_field_objectcategory_name', '2013-05-21 16:31:43'),
(3, 'map_editor', '0003_auto__chg_field_place_name__chg_field_object_img', '2013-05-21 16:31:44'),
(4, 'map_editor', '0004_auto__chg_field_map_img__add_field_grid_name', '2013-05-21 16:31:45'),
(5, 'map_editor', '0005_auto__del_field_point_y_coord__del_field_point_x_coord__add_field_poin', '2013-05-21 16:31:50'),
(6, 'map_editor', '0006_auto__del_place__del_map__del_objectcategory__del_object__add_enclosur', '2013-05-21 16:31:54'),
(7, 'map_editor', '0007_auto__del_grid__add_field_floor_num_rows__add_field_floor_num_cols__de', '2013-05-21 16:31:58'),
(8, 'map_editor', '0008_auto__chg_field_floor_num_cols__chg_field_floor_num_rows', '2013-05-21 16:32:00'),
(9, 'map_editor', '0009_auto__chg_field_point_col__chg_field_point_row', '2013-05-21 16:32:02'),
(10, 'map_editor', '0010_auto__add_field_enclosure_owner__add_field_labelcategory_color', '2013-05-21 16:32:04'),
(11, 'map_editor', '0011_auto__add_qr_code', '2013-05-21 16:32:04'),
(12, 'route', '0001_initial', '2013-05-21 16:32:08'),
(13, 'tastypie', '0001_initial', '2013-05-21 16:32:09'),
(14, 'tastypie', '0002_add_apikey_index', '2013-05-21 16:32:09');

-- --------------------------------------------------------

--
-- Table structure for table `tastypie_apiaccess`
--

DROP TABLE IF EXISTS `tastypie_apiaccess`;
CREATE TABLE IF NOT EXISTS `tastypie_apiaccess` (
  `id` int(11) NOT NULL AUTO_INCREMENT,
  `identifier` varchar(255) NOT NULL,
  `url` varchar(255) NOT NULL,
  `request_method` varchar(10) NOT NULL,
  `accessed` int(10) unsigned NOT NULL,
  PRIMARY KEY (`id`)
) ENGINE=InnoDB DEFAULT CHARSET=utf8 AUTO_INCREMENT=1 ;

-- --------------------------------------------------------

--
-- Table structure for table `tastypie_apikey`
--

DROP TABLE IF EXISTS `tastypie_apikey`;
CREATE TABLE IF NOT EXISTS `tastypie_apikey` (
  `id` int(11) NOT NULL AUTO_INCREMENT,
  `user_id` int(11) NOT NULL,
  `key` varchar(256) NOT NULL,
  `created` datetime NOT NULL,
  PRIMARY KEY (`id`),
  UNIQUE KEY `user_id` (`user_id`)
) ENGINE=InnoDB DEFAULT CHARSET=utf8 AUTO_INCREMENT=1 ;

--
-- Constraints for dumped tables
--

--
-- Constraints for table `auth_group_permissions`
--
ALTER TABLE `auth_group_permissions`
  ADD CONSTRAINT `group_id_refs_id_f4b32aac` FOREIGN KEY (`group_id`) REFERENCES `auth_group` (`id`),
  ADD CONSTRAINT `permission_id_refs_id_6ba0f519` FOREIGN KEY (`permission_id`) REFERENCES `auth_permission` (`id`);

--
-- Constraints for table `auth_permission`
--
ALTER TABLE `auth_permission`
  ADD CONSTRAINT `content_type_id_refs_id_d043b34a` FOREIGN KEY (`content_type_id`) REFERENCES `django_content_type` (`id`);

--
-- Constraints for table `auth_user_groups`
--
ALTER TABLE `auth_user_groups`
  ADD CONSTRAINT `group_id_refs_id_274b862c` FOREIGN KEY (`group_id`) REFERENCES `auth_group` (`id`),
  ADD CONSTRAINT `user_id_refs_id_40c41112` FOREIGN KEY (`user_id`) REFERENCES `auth_user` (`id`);

--
-- Constraints for table `auth_user_user_permissions`
--
ALTER TABLE `auth_user_user_permissions`
  ADD CONSTRAINT `permission_id_refs_id_35d9ac25` FOREIGN KEY (`permission_id`) REFERENCES `auth_permission` (`id`),
  ADD CONSTRAINT `user_id_refs_id_4dc23c39` FOREIGN KEY (`user_id`) REFERENCES `auth_user` (`id`);

--
-- Constraints for table `django_admin_log`
--
ALTER TABLE `django_admin_log`
  ADD CONSTRAINT `content_type_id_refs_id_93d2d1f8` FOREIGN KEY (`content_type_id`) REFERENCES `django_content_type` (`id`),
  ADD CONSTRAINT `user_id_refs_id_c0d12874` FOREIGN KEY (`user_id`) REFERENCES `auth_user` (`id`);

--
-- Constraints for table `map_editor_enclosure`
--
ALTER TABLE `map_editor_enclosure`
  ADD CONSTRAINT `owner_id_refs_id_7aea85e5fbab9687` FOREIGN KEY (`owner_id`) REFERENCES `auth_user` (`id`);

--
-- Constraints for table `map_editor_floor`
--
ALTER TABLE `map_editor_floor`
  ADD CONSTRAINT `enclosure_id_refs_id_45d8d1d8bd3f6cd3` FOREIGN KEY (`enclosure_id`) REFERENCES `map_editor_enclosure` (`id`);

--
-- Constraints for table `map_editor_label`
--
ALTER TABLE `map_editor_label`
  ADD CONSTRAINT `category_id_refs_id_71acc7c4d7d8c92f` FOREIGN KEY (`category_id`) REFERENCES `map_editor_labelcategory` (`id`);

--
-- Constraints for table `map_editor_point`
--
ALTER TABLE `map_editor_point`
  ADD CONSTRAINT `floor_id_refs_id_7190e2a0654b8a9` FOREIGN KEY (`floor_id`) REFERENCES `map_editor_floor` (`id`),
  ADD CONSTRAINT `label_id_refs_id_62850c5fabb66b03` FOREIGN KEY (`label_id`) REFERENCES `map_editor_label` (`id`);

--
-- Constraints for table `map_editor_qr_code`
--
ALTER TABLE `map_editor_qr_code`
  ADD CONSTRAINT `point_id_refs_id_28ceccbd99be0b7a` FOREIGN KEY (`point_id`) REFERENCES `map_editor_point` (`id`);

--
-- Constraints for table `route_connection`
--
ALTER TABLE `route_connection`
  ADD CONSTRAINT `end_id_refs_id_28cb5db7d64125f2` FOREIGN KEY (`end_id`) REFERENCES `map_editor_point` (`id`),
  ADD CONSTRAINT `init_id_refs_id_28cb5db7d64125f2` FOREIGN KEY (`init_id`) REFERENCES `map_editor_point` (`id`);

--
-- Constraints for table `route_route`
--
ALTER TABLE `route_route`
  ADD CONSTRAINT `destiny_id_refs_id_5a04bae8670d0156` FOREIGN KEY (`destiny_id`) REFERENCES `map_editor_point` (`id`),
  ADD CONSTRAINT `origin_id_refs_id_5a04bae8670d0156` FOREIGN KEY (`origin_id`) REFERENCES `map_editor_point` (`id`);

--
-- Constraints for table `route_step`
--
ALTER TABLE `route_step`
  ADD CONSTRAINT `floor_id_refs_id_2d55b5f5d35ad9fe` FOREIGN KEY (`floor_id`) REFERENCES `map_editor_floor` (`id`),
  ADD CONSTRAINT `route_id_refs_id_6f4a9084159f665f` FOREIGN KEY (`route_id`) REFERENCES `route_route` (`id`);

--
-- Constraints for table `tastypie_apikey`
--
ALTER TABLE `tastypie_apikey`
  ADD CONSTRAINT `user_id_refs_id_332d09f456bfdb62` FOREIGN KEY (`user_id`) REFERENCES `auth_user` (`id`);
COMMIT;

/*!40101 SET CHARACTER_SET_CLIENT=@OLD_CHARACTER_SET_CLIENT */;
/*!40101 SET CHARACTER_SET_RESULTS=@OLD_CHARACTER_SET_RESULTS */;
/*!40101 SET COLLATION_CONNECTION=@OLD_COLLATION_CONNECTION */;
